-- phpMyAdmin SQL Dump
-- version 5.2.0
-- https://www.phpmyadmin.net/
--
-- Host: localhost:3306
-- Generation Time: Nov 29, 2025 at 11:42 PM
-- Server version: 8.0.30
-- PHP Version: 8.3.0

SET SQL_MODE = "NO_AUTO_VALUE_ON_ZERO";
START TRANSACTION;
SET time_zone = "+00:00";


/*!40101 SET @OLD_CHARACTER_SET_CLIENT=@@CHARACTER_SET_CLIENT */;
/*!40101 SET @OLD_CHARACTER_SET_RESULTS=@@CHARACTER_SET_RESULTS */;
/*!40101 SET @OLD_COLLATION_CONNECTION=@@COLLATION_CONNECTION */;
/*!40101 SET NAMES utf8mb4 */;

--
-- Database: `ecommerce`
--

-- --------------------------------------------------------

--
-- Table structure for table `admins`
--

CREATE TABLE `admins` (
  `id` bigint UNSIGNED NOT NULL,
  `name` varchar(255) COLLATE utf8mb4_unicode_ci NOT NULL,
  `email` varchar(255) COLLATE utf8mb4_unicode_ci NOT NULL,
  `email_verified_at` timestamp NULL DEFAULT NULL,
  `password` varchar(255) COLLATE utf8mb4_unicode_ci NOT NULL,
  `remember_token` varchar(100) COLLATE utf8mb4_unicode_ci DEFAULT NULL,
  `created_at` timestamp NULL DEFAULT NULL,
  `updated_at` timestamp NULL DEFAULT NULL
) ENGINE=InnoDB DEFAULT CHARSET=utf8mb4 COLLATE=utf8mb4_unicode_ci;

--
-- Dumping data for table `admins`
--

INSERT INTO `admins` (`id`, `name`, `email`, `email_verified_at`, `password`, `remember_token`, `created_at`, `updated_at`) VALUES
(1, 'Admin', 'admin@example.com', NULL, '$2y$12$W9M8.9sUSzEYoswwLnP5me9jQDg25TjYrz2F2q6bdAvIwZFjTykYu', 'oy0a2h3NWryXjGwDohKwA7JcatDolcg3DE2KLTFGCQuhJFxNiNRLbtdjNEy9', '2025-11-07 13:50:48', '2025-11-08 14:30:51');

-- --------------------------------------------------------

--
-- Table structure for table `cache`
--

CREATE TABLE `cache` (
  `key` varchar(255) COLLATE utf8mb4_unicode_ci NOT NULL,
  `value` mediumtext COLLATE utf8mb4_unicode_ci NOT NULL,
  `expiration` int NOT NULL
) ENGINE=InnoDB DEFAULT CHARSET=utf8mb4 COLLATE=utf8mb4_unicode_ci;

--
-- Dumping data for table `cache`
--

INSERT INTO `cache` (`key`, `value`, `expiration`) VALUES
('laravel-cache-spatie.permission.cache', 'a:3:{s:5:\"alias\";a:4:{s:1:\"a\";s:2:\"id\";s:1:\"b\";s:4:\"name\";s:1:\"c\";s:10:\"guard_name\";s:1:\"r\";s:5:\"roles\";}s:11:\"permissions\";a:123:{i:0;a:4:{s:1:\"a\";i:1;s:1:\"b\";s:18:\"admin.users.lookup\";s:1:\"c\";s:5:\"admin\";s:1:\"r\";a:2:{i:0;i:1;i:1;i:2;}}i:1;a:4:{s:1:\"a\";i:2;s:1:\"b\";s:15:\"admin.dashboard\";s:1:\"c\";s:5:\"admin\";s:1:\"r\";a:2:{i:0;i:1;i:1;i:2;}}i:2;a:4:{s:1:\"a\";i:3;s:1:\"b\";s:22:\"admin.categories.index\";s:1:\"c\";s:5:\"admin\";s:1:\"r\";a:2:{i:0;i:1;i:1;i:2;}}i:3;a:4:{s:1:\"a\";i:4;s:1:\"b\";s:23:\"admin.categories.create\";s:1:\"c\";s:5:\"admin\";s:1:\"r\";a:2:{i:0;i:1;i:1;i:2;}}i:4;a:4:{s:1:\"a\";i:5;s:1:\"b\";s:22:\"admin.categories.store\";s:1:\"c\";s:5:\"admin\";s:1:\"r\";a:2:{i:0;i:1;i:1;i:2;}}i:5;a:4:{s:1:\"a\";i:6;s:1:\"b\";s:21:\"admin.categories.show\";s:1:\"c\";s:5:\"admin\";s:1:\"r\";a:2:{i:0;i:1;i:1;i:2;}}i:6;a:4:{s:1:\"a\";i:7;s:1:\"b\";s:21:\"admin.categories.edit\";s:1:\"c\";s:5:\"admin\";s:1:\"r\";a:2:{i:0;i:1;i:1;i:2;}}i:7;a:4:{s:1:\"a\";i:8;s:1:\"b\";s:23:\"admin.categories.update\";s:1:\"c\";s:5:\"admin\";s:1:\"r\";a:2:{i:0;i:1;i:1;i:2;}}i:8;a:4:{s:1:\"a\";i:9;s:1:\"b\";s:24:\"admin.categories.destroy\";s:1:\"c\";s:5:\"admin\";s:1:\"r\";a:2:{i:0;i:1;i:1;i:2;}}i:9;a:4:{s:1:\"a\";i:10;s:1:\"b\";s:21:\"admin.products.lookup\";s:1:\"c\";s:5:\"admin\";s:1:\"r\";a:2:{i:0;i:1;i:1;i:2;}}i:10;a:4:{s:1:\"a\";i:11;s:1:\"b\";s:19:\"admin.products.json\";s:1:\"c\";s:5:\"admin\";s:1:\"r\";a:2:{i:0;i:1;i:1;i:2;}}i:11;a:4:{s:1:\"a\";i:12;s:1:\"b\";s:20:\"admin.products.index\";s:1:\"c\";s:5:\"admin\";s:1:\"r\";a:2:{i:0;i:1;i:1;i:2;}}i:12;a:4:{s:1:\"a\";i:13;s:1:\"b\";s:21:\"admin.products.create\";s:1:\"c\";s:5:\"admin\";s:1:\"r\";a:2:{i:0;i:1;i:1;i:2;}}i:13;a:4:{s:1:\"a\";i:14;s:1:\"b\";s:20:\"admin.products.store\";s:1:\"c\";s:5:\"admin\";s:1:\"r\";a:2:{i:0;i:1;i:1;i:2;}}i:14;a:4:{s:1:\"a\";i:15;s:1:\"b\";s:19:\"admin.products.show\";s:1:\"c\";s:5:\"admin\";s:1:\"r\";a:2:{i:0;i:1;i:1;i:2;}}i:15;a:4:{s:1:\"a\";i:16;s:1:\"b\";s:19:\"admin.products.edit\";s:1:\"c\";s:5:\"admin\";s:1:\"r\";a:2:{i:0;i:1;i:1;i:2;}}i:16;a:4:{s:1:\"a\";i:17;s:1:\"b\";s:21:\"admin.products.update\";s:1:\"c\";s:5:\"admin\";s:1:\"r\";a:2:{i:0;i:1;i:1;i:2;}}i:17;a:4:{s:1:\"a\";i:18;s:1:\"b\";s:22:\"admin.products.destroy\";s:1:\"c\";s:5:\"admin\";s:1:\"r\";a:2:{i:0;i:1;i:1;i:2;}}i:18;a:4:{s:1:\"a\";i:19;s:1:\"b\";s:19:\"admin.orders.create\";s:1:\"c\";s:5:\"admin\";s:1:\"r\";a:2:{i:0;i:1;i:1;i:2;}}i:19;a:4:{s:1:\"a\";i:20;s:1:\"b\";s:18:\"admin.orders.store\";s:1:\"c\";s:5:\"admin\";s:1:\"r\";a:2:{i:0;i:1;i:1;i:2;}}i:20;a:4:{s:1:\"a\";i:21;s:1:\"b\";s:18:\"admin.orders.index\";s:1:\"c\";s:5:\"admin\";s:1:\"r\";a:2:{i:0;i:1;i:1;i:2;}}i:21;a:4:{s:1:\"a\";i:22;s:1:\"b\";s:17:\"admin.orders.show\";s:1:\"c\";s:5:\"admin\";s:1:\"r\";a:2:{i:0;i:1;i:1;i:2;}}i:22;a:4:{s:1:\"a\";i:23;s:1:\"b\";s:19:\"admin.orders.update\";s:1:\"c\";s:5:\"admin\";s:1:\"r\";a:2:{i:0;i:1;i:1;i:2;}}i:23;a:4:{s:1:\"a\";i:24;s:1:\"b\";s:20:\"admin.orders.invoice\";s:1:\"c\";s:5:\"admin\";s:1:\"r\";a:2:{i:0;i:1;i:1;i:2;}}i:24;a:4:{s:1:\"a\";i:25;s:1:\"b\";s:17:\"admin.users.index\";s:1:\"c\";s:5:\"admin\";s:1:\"r\";a:2:{i:0;i:1;i:1;i:2;}}i:25;a:4:{s:1:\"a\";i:26;s:1:\"b\";s:16:\"admin.users.show\";s:1:\"c\";s:5:\"admin\";s:1:\"r\";a:2:{i:0;i:1;i:1;i:2;}}i:26;a:4:{s:1:\"a\";i:27;s:1:\"b\";s:16:\"admin.users.edit\";s:1:\"c\";s:5:\"admin\";s:1:\"r\";a:2:{i:0;i:1;i:1;i:2;}}i:27;a:4:{s:1:\"a\";i:28;s:1:\"b\";s:18:\"admin.users.update\";s:1:\"c\";s:5:\"admin\";s:1:\"r\";a:2:{i:0;i:1;i:1;i:2;}}i:28;a:4:{s:1:\"a\";i:29;s:1:\"b\";s:19:\"admin.users.destroy\";s:1:\"c\";s:5:\"admin\";s:1:\"r\";a:2:{i:0;i:1;i:1;i:2;}}i:29;a:4:{s:1:\"a\";i:30;s:1:\"b\";s:26:\"admin.users.reset-password\";s:1:\"c\";s:5:\"admin\";s:1:\"r\";a:2:{i:0;i:1;i:1;i:2;}}i:30;a:4:{s:1:\"a\";i:31;s:1:\"b\";s:25:\"admin.users.toggle-status\";s:1:\"c\";s:5:\"admin\";s:1:\"r\";a:2:{i:0;i:1;i:1;i:2;}}i:31;a:4:{s:1:\"a\";i:32;s:1:\"b\";s:24:\"admin.users.coins.adjust\";s:1:\"c\";s:5:\"admin\";s:1:\"r\";a:2:{i:0;i:1;i:1;i:2;}}i:32;a:4:{s:1:\"a\";i:33;s:1:\"b\";s:23:\"admin.users.coins.reset\";s:1:\"c\";s:5:\"admin\";s:1:\"r\";a:2:{i:0;i:1;i:1;i:2;}}i:33;a:4:{s:1:\"a\";i:34;s:1:\"b\";s:29:\"admin.shipping-settings.index\";s:1:\"c\";s:5:\"admin\";s:1:\"r\";a:1:{i:0;i:1;}}i:34;a:4:{s:1:\"a\";i:35;s:1:\"b\";s:30:\"admin.shipping-settings.update\";s:1:\"c\";s:5:\"admin\";s:1:\"r\";a:1:{i:0;i:1;}}i:35;a:4:{s:1:\"a\";i:36;s:1:\"b\";s:26:\"admin.email-settings.index\";s:1:\"c\";s:5:\"admin\";s:1:\"r\";a:1:{i:0;i:1;}}i:36;a:4:{s:1:\"a\";i:37;s:1:\"b\";s:27:\"admin.email-settings.update\";s:1:\"c\";s:5:\"admin\";s:1:\"r\";a:1:{i:0;i:1;}}i:37;a:4:{s:1:\"a\";i:38;s:1:\"b\";s:17:\"admin.roles.index\";s:1:\"c\";s:5:\"admin\";s:1:\"r\";a:2:{i:0;i:1;i:1;i:2;}}i:38;a:4:{s:1:\"a\";i:39;s:1:\"b\";s:18:\"admin.roles.create\";s:1:\"c\";s:5:\"admin\";s:1:\"r\";a:2:{i:0;i:1;i:1;i:2;}}i:39;a:4:{s:1:\"a\";i:40;s:1:\"b\";s:17:\"admin.roles.store\";s:1:\"c\";s:5:\"admin\";s:1:\"r\";a:2:{i:0;i:1;i:1;i:2;}}i:40;a:4:{s:1:\"a\";i:41;s:1:\"b\";s:16:\"admin.roles.edit\";s:1:\"c\";s:5:\"admin\";s:1:\"r\";a:2:{i:0;i:1;i:1;i:2;}}i:41;a:4:{s:1:\"a\";i:42;s:1:\"b\";s:18:\"admin.roles.update\";s:1:\"c\";s:5:\"admin\";s:1:\"r\";a:2:{i:0;i:1;i:1;i:2;}}i:42;a:4:{s:1:\"a\";i:43;s:1:\"b\";s:19:\"admin.roles.destroy\";s:1:\"c\";s:5:\"admin\";s:1:\"r\";a:2:{i:0;i:1;i:1;i:2;}}i:43;a:4:{s:1:\"a\";i:44;s:1:\"b\";s:23:\"admin.permissions.index\";s:1:\"c\";s:5:\"admin\";s:1:\"r\";a:2:{i:0;i:1;i:1;i:2;}}i:44;a:4:{s:1:\"a\";i:45;s:1:\"b\";s:24:\"admin.permissions.create\";s:1:\"c\";s:5:\"admin\";s:1:\"r\";a:2:{i:0;i:1;i:1;i:2;}}i:45;a:4:{s:1:\"a\";i:46;s:1:\"b\";s:23:\"admin.permissions.store\";s:1:\"c\";s:5:\"admin\";s:1:\"r\";a:2:{i:0;i:1;i:1;i:2;}}i:46;a:4:{s:1:\"a\";i:47;s:1:\"b\";s:22:\"admin.permissions.edit\";s:1:\"c\";s:5:\"admin\";s:1:\"r\";a:2:{i:0;i:1;i:1;i:2;}}i:47;a:4:{s:1:\"a\";i:48;s:1:\"b\";s:24:\"admin.permissions.update\";s:1:\"c\";s:5:\"admin\";s:1:\"r\";a:2:{i:0;i:1;i:1;i:2;}}i:48;a:4:{s:1:\"a\";i:49;s:1:\"b\";s:25:\"admin.permissions.destroy\";s:1:\"c\";s:5:\"admin\";s:1:\"r\";a:2:{i:0;i:1;i:1;i:2;}}i:49;a:4:{s:1:\"a\";i:50;s:1:\"b\";s:19:\"admin.coupons.index\";s:1:\"c\";s:5:\"admin\";s:1:\"r\";a:2:{i:0;i:1;i:1;i:2;}}i:50;a:4:{s:1:\"a\";i:51;s:1:\"b\";s:20:\"admin.coupons.create\";s:1:\"c\";s:5:\"admin\";s:1:\"r\";a:2:{i:0;i:1;i:1;i:2;}}i:51;a:4:{s:1:\"a\";i:52;s:1:\"b\";s:19:\"admin.coupons.store\";s:1:\"c\";s:5:\"admin\";s:1:\"r\";a:2:{i:0;i:1;i:1;i:2;}}i:52;a:4:{s:1:\"a\";i:53;s:1:\"b\";s:18:\"admin.coupons.edit\";s:1:\"c\";s:5:\"admin\";s:1:\"r\";a:2:{i:0;i:1;i:1;i:2;}}i:53;a:4:{s:1:\"a\";i:54;s:1:\"b\";s:20:\"admin.coupons.update\";s:1:\"c\";s:5:\"admin\";s:1:\"r\";a:2:{i:0;i:1;i:1;i:2;}}i:54;a:4:{s:1:\"a\";i:55;s:1:\"b\";s:21:\"admin.coupons.destroy\";s:1:\"c\";s:5:\"admin\";s:1:\"r\";a:2:{i:0;i:1;i:1;i:2;}}i:55;a:4:{s:1:\"a\";i:56;s:1:\"b\";s:27:\"admin.coupons.toggle-status\";s:1:\"c\";s:5:\"admin\";s:1:\"r\";a:2:{i:0;i:1;i:1;i:2;}}i:56;a:4:{s:1:\"a\";i:57;s:1:\"b\";s:22:\"admin.newsletter.index\";s:1:\"c\";s:5:\"admin\";s:1:\"r\";a:2:{i:0;i:1;i:1;i:2;}}i:57;a:4:{s:1:\"a\";i:58;s:1:\"b\";s:23:\"admin.newsletter.toggle\";s:1:\"c\";s:5:\"admin\";s:1:\"r\";a:2:{i:0;i:1;i:1;i:2;}}i:58;a:4:{s:1:\"a\";i:59;s:1:\"b\";s:24:\"admin.newsletter.destroy\";s:1:\"c\";s:5:\"admin\";s:1:\"r\";a:2:{i:0;i:1;i:1;i:2;}}i:59;a:4:{s:1:\"a\";i:60;s:1:\"b\";s:19:\"admin.reviews.index\";s:1:\"c\";s:5:\"admin\";s:1:\"r\";a:2:{i:0;i:1;i:1;i:2;}}i:60;a:4:{s:1:\"a\";i:61;s:1:\"b\";s:21:\"admin.reviews.approve\";s:1:\"c\";s:5:\"admin\";s:1:\"r\";a:2:{i:0;i:1;i:1;i:2;}}i:61;a:4:{s:1:\"a\";i:62;s:1:\"b\";s:20:\"admin.reviews.reject\";s:1:\"c\";s:5:\"admin\";s:1:\"r\";a:2:{i:0;i:1;i:1;i:2;}}i:62;a:4:{s:1:\"a\";i:63;s:1:\"b\";s:21:\"admin.reviews.destroy\";s:1:\"c\";s:5:\"admin\";s:1:\"r\";a:2:{i:0;i:1;i:1;i:2;}}i:63;a:4:{s:1:\"a\";i:64;s:1:\"b\";s:28:\"admin.payment-gateways.index\";s:1:\"c\";s:5:\"admin\";s:1:\"r\";a:2:{i:0;i:1;i:1;i:2;}}i:64;a:4:{s:1:\"a\";i:65;s:1:\"b\";s:27:\"admin.payment-gateways.show\";s:1:\"c\";s:5:\"admin\";s:1:\"r\";a:2:{i:0;i:1;i:1;i:2;}}i:65;a:4:{s:1:\"a\";i:66;s:1:\"b\";s:29:\"admin.payment-gateways.update\";s:1:\"c\";s:5:\"admin\";s:1:\"r\";a:2:{i:0;i:1;i:1;i:2;}}i:66;a:4:{s:1:\"a\";i:67;s:1:\"b\";s:36:\"admin.payment-gateways.toggle-status\";s:1:\"c\";s:5:\"admin\";s:1:\"r\";a:2:{i:0;i:1;i:1;i:2;}}i:67;a:4:{s:1:\"a\";i:68;s:1:\"b\";s:27:\"admin.payment-gateways.test\";s:1:\"c\";s:5:\"admin\";s:1:\"r\";a:2:{i:0;i:1;i:1;i:2;}}i:68;a:4:{s:1:\"a\";i:69;s:1:\"b\";s:24:\"admin.otp-settings.index\";s:1:\"c\";s:5:\"admin\";s:1:\"r\";a:1:{i:0;i:1;}}i:69;a:4:{s:1:\"a\";i:70;s:1:\"b\";s:25:\"admin.otp-settings.update\";s:1:\"c\";s:5:\"admin\";s:1:\"r\";a:1:{i:0;i:1;}}i:70;a:4:{s:1:\"a\";i:71;s:1:\"b\";s:22:\"admin.activities.carts\";s:1:\"c\";s:5:\"admin\";s:1:\"r\";a:2:{i:0;i:1;i:1;i:2;}}i:71;a:4:{s:1:\"a\";i:72;s:1:\"b\";s:26:\"admin.activities.wishlists\";s:1:\"c\";s:5:\"admin\";s:1:\"r\";a:2:{i:0;i:1;i:1;i:2;}}i:72;a:4:{s:1:\"a\";i:73;s:1:\"b\";s:25:\"admin.activities.sessions\";s:1:\"c\";s:5:\"admin\";s:1:\"r\";a:2:{i:0;i:1;i:1;i:2;}}i:73;a:4:{s:1:\"a\";i:74;s:1:\"b\";s:33:\"admin.activities.sessions.destroy\";s:1:\"c\";s:5:\"admin\";s:1:\"r\";a:2:{i:0;i:1;i:1;i:2;}}i:74;a:4:{s:1:\"a\";i:75;s:1:\"b\";s:38:\"admin.activities.sessions.destroy-user\";s:1:\"c\";s:5:\"admin\";s:1:\"r\";a:2:{i:0;i:1;i:1;i:2;}}i:75;a:4:{s:1:\"a\";i:76;s:1:\"b\";s:21:\"admin.coupons.preview\";s:1:\"c\";s:5:\"admin\";s:1:\"r\";a:2:{i:0;i:1;i:1;i:2;}}i:76;a:4:{s:1:\"a\";i:77;s:1:\"b\";s:22:\"admin.currencies.index\";s:1:\"c\";s:5:\"admin\";s:1:\"r\";a:2:{i:0;i:1;i:1;i:2;}}i:77;a:4:{s:1:\"a\";i:78;s:1:\"b\";s:23:\"admin.currencies.create\";s:1:\"c\";s:5:\"admin\";s:1:\"r\";a:2:{i:0;i:1;i:1;i:2;}}i:78;a:4:{s:1:\"a\";i:79;s:1:\"b\";s:22:\"admin.currencies.store\";s:1:\"c\";s:5:\"admin\";s:1:\"r\";a:2:{i:0;i:1;i:1;i:2;}}i:79;a:4:{s:1:\"a\";i:80;s:1:\"b\";s:21:\"admin.currencies.edit\";s:1:\"c\";s:5:\"admin\";s:1:\"r\";a:2:{i:0;i:1;i:1;i:2;}}i:80;a:4:{s:1:\"a\";i:81;s:1:\"b\";s:23:\"admin.currencies.update\";s:1:\"c\";s:5:\"admin\";s:1:\"r\";a:2:{i:0;i:1;i:1;i:2;}}i:81;a:4:{s:1:\"a\";i:82;s:1:\"b\";s:24:\"admin.currencies.destroy\";s:1:\"c\";s:5:\"admin\";s:1:\"r\";a:2:{i:0;i:1;i:1;i:2;}}i:82;a:4:{s:1:\"a\";i:83;s:1:\"b\";s:23:\"admin.currencies.toggle\";s:1:\"c\";s:5:\"admin\";s:1:\"r\";a:2:{i:0;i:1;i:1;i:2;}}i:83;a:4:{s:1:\"a\";i:84;s:1:\"b\";s:24:\"admin.currencies.default\";s:1:\"c\";s:5:\"admin\";s:1:\"r\";a:2:{i:0;i:1;i:1;i:2;}}i:84;a:4:{s:1:\"a\";i:85;s:1:\"b\";s:25:\"admin.site-settings.index\";s:1:\"c\";s:5:\"admin\";s:1:\"r\";a:1:{i:0;i:1;}}i:85;a:4:{s:1:\"a\";i:86;s:1:\"b\";s:26:\"admin.site-settings.update\";s:1:\"c\";s:5:\"admin\";s:1:\"r\";a:1:{i:0;i:1;}}i:86;a:4:{s:1:\"a\";i:87;s:1:\"b\";s:18:\"admin.admins.index\";s:1:\"c\";s:5:\"admin\";s:1:\"r\";a:2:{i:0;i:1;i:1;i:2;}}i:87;a:4:{s:1:\"a\";i:88;s:1:\"b\";s:19:\"admin.admins.create\";s:1:\"c\";s:5:\"admin\";s:1:\"r\";a:2:{i:0;i:1;i:1;i:2;}}i:88;a:4:{s:1:\"a\";i:89;s:1:\"b\";s:18:\"admin.admins.store\";s:1:\"c\";s:5:\"admin\";s:1:\"r\";a:2:{i:0;i:1;i:1;i:2;}}i:89;a:4:{s:1:\"a\";i:90;s:1:\"b\";s:17:\"admin.admins.edit\";s:1:\"c\";s:5:\"admin\";s:1:\"r\";a:2:{i:0;i:1;i:1;i:2;}}i:90;a:4:{s:1:\"a\";i:91;s:1:\"b\";s:19:\"admin.admins.update\";s:1:\"c\";s:5:\"admin\";s:1:\"r\";a:2:{i:0;i:1;i:1;i:2;}}i:91;a:4:{s:1:\"a\";i:92;s:1:\"b\";s:20:\"admin.admins.destroy\";s:1:\"c\";s:5:\"admin\";s:1:\"r\";a:2:{i:0;i:1;i:1;i:2;}}i:92;a:4:{s:1:\"a\";i:93;s:1:\"b\";s:25:\"admin.coin-settings.index\";s:1:\"c\";s:5:\"admin\";s:1:\"r\";a:1:{i:0;i:1;}}i:93;a:4:{s:1:\"a\";i:94;s:1:\"b\";s:26:\"admin.coin-settings.update\";s:1:\"c\";s:5:\"admin\";s:1:\"r\";a:1:{i:0;i:1;}}i:94;a:4:{s:1:\"a\";i:95;s:1:\"b\";s:17:\"admin.pages.index\";s:1:\"c\";s:5:\"admin\";s:1:\"r\";a:2:{i:0;i:1;i:1;i:2;}}i:95;a:4:{s:1:\"a\";i:96;s:1:\"b\";s:18:\"admin.pages.create\";s:1:\"c\";s:5:\"admin\";s:1:\"r\";a:2:{i:0;i:1;i:1;i:2;}}i:96;a:4:{s:1:\"a\";i:97;s:1:\"b\";s:17:\"admin.pages.store\";s:1:\"c\";s:5:\"admin\";s:1:\"r\";a:2:{i:0;i:1;i:1;i:2;}}i:97;a:4:{s:1:\"a\";i:98;s:1:\"b\";s:16:\"admin.pages.show\";s:1:\"c\";s:5:\"admin\";s:1:\"r\";a:2:{i:0;i:1;i:1;i:2;}}i:98;a:4:{s:1:\"a\";i:99;s:1:\"b\";s:16:\"admin.pages.edit\";s:1:\"c\";s:5:\"admin\";s:1:\"r\";a:2:{i:0;i:1;i:1;i:2;}}i:99;a:4:{s:1:\"a\";i:100;s:1:\"b\";s:18:\"admin.pages.update\";s:1:\"c\";s:5:\"admin\";s:1:\"r\";a:2:{i:0;i:1;i:1;i:2;}}i:100;a:4:{s:1:\"a\";i:101;s:1:\"b\";s:19:\"admin.pages.destroy\";s:1:\"c\";s:5:\"admin\";s:1:\"r\";a:2:{i:0;i:1;i:1;i:2;}}i:101;a:4:{s:1:\"a\";i:102;s:1:\"b\";s:16:\"admin.datatables\";s:1:\"c\";s:5:\"admin\";s:1:\"r\";a:2:{i:0;i:1;i:1;i:2;}}i:102;a:4:{s:1:\"a\";i:103;s:1:\"b\";s:13:\"admin.captcha\";s:1:\"c\";s:5:\"admin\";s:1:\"r\";a:2:{i:0;i:1;i:1;i:2;}}i:103;a:4:{s:1:\"a\";i:104;s:1:\"b\";s:12:\"admin.logout\";s:1:\"c\";s:5:\"admin\";s:1:\"r\";a:2:{i:0;i:1;i:1;i:2;}}i:104;a:4:{s:1:\"a\";i:105;s:1:\"b\";s:16:\"admin.roles.copy\";s:1:\"c\";s:5:\"admin\";s:1:\"r\";a:2:{i:0;i:1;i:1;i:2;}}i:105;a:4:{s:1:\"a\";i:106;s:1:\"b\";s:22:\"admin.roles.copy.store\";s:1:\"c\";s:5:\"admin\";s:1:\"r\";a:2:{i:0;i:1;i:1;i:2;}}i:106;a:4:{s:1:\"a\";i:107;s:1:\"b\";s:27:\"admin.categories.check-slug\";s:1:\"c\";s:5:\"admin\";s:1:\"r\";a:1:{i:0;i:1;}}i:107;a:4:{s:1:\"a\";i:108;s:1:\"b\";s:25:\"admin.products.check-slug\";s:1:\"c\";s:5:\"admin\";s:1:\"r\";a:1:{i:0;i:1;}}i:108;a:4:{s:1:\"a\";i:109;s:1:\"b\";s:21:\"admin.districts.index\";s:1:\"c\";s:5:\"admin\";s:1:\"r\";a:1:{i:0;i:1;}}i:109;a:4:{s:1:\"a\";i:110;s:1:\"b\";s:22:\"admin.districts.create\";s:1:\"c\";s:5:\"admin\";s:1:\"r\";a:1:{i:0;i:1;}}i:110;a:4:{s:1:\"a\";i:111;s:1:\"b\";s:21:\"admin.districts.store\";s:1:\"c\";s:5:\"admin\";s:1:\"r\";a:1:{i:0;i:1;}}i:111;a:4:{s:1:\"a\";i:112;s:1:\"b\";s:20:\"admin.districts.show\";s:1:\"c\";s:5:\"admin\";s:1:\"r\";a:1:{i:0;i:1;}}i:112;a:4:{s:1:\"a\";i:113;s:1:\"b\";s:20:\"admin.districts.edit\";s:1:\"c\";s:5:\"admin\";s:1:\"r\";a:1:{i:0;i:1;}}i:113;a:4:{s:1:\"a\";i:114;s:1:\"b\";s:22:\"admin.districts.update\";s:1:\"c\";s:5:\"admin\";s:1:\"r\";a:1:{i:0;i:1;}}i:114;a:4:{s:1:\"a\";i:115;s:1:\"b\";s:23:\"admin.districts.destroy\";s:1:\"c\";s:5:\"admin\";s:1:\"r\";a:1:{i:0;i:1;}}i:115;a:4:{s:1:\"a\";i:116;s:1:\"b\";s:29:\"admin.districts.toggle-status\";s:1:\"c\";s:5:\"admin\";s:1:\"r\";a:1:{i:0;i:1;}}i:116;a:4:{s:1:\"a\";i:117;s:1:\"b\";s:21:\"admin.upazilas.create\";s:1:\"c\";s:5:\"admin\";s:1:\"r\";a:1:{i:0;i:1;}}i:117;a:4:{s:1:\"a\";i:118;s:1:\"b\";s:20:\"admin.upazilas.store\";s:1:\"c\";s:5:\"admin\";s:1:\"r\";a:1:{i:0;i:1;}}i:118;a:4:{s:1:\"a\";i:119;s:1:\"b\";s:19:\"admin.upazilas.edit\";s:1:\"c\";s:5:\"admin\";s:1:\"r\";a:1:{i:0;i:1;}}i:119;a:4:{s:1:\"a\";i:120;s:1:\"b\";s:21:\"admin.upazilas.update\";s:1:\"c\";s:5:\"admin\";s:1:\"r\";a:1:{i:0;i:1;}}i:120;a:4:{s:1:\"a\";i:121;s:1:\"b\";s:22:\"admin.upazilas.destroy\";s:1:\"c\";s:5:\"admin\";s:1:\"r\";a:1:{i:0;i:1;}}i:121;a:4:{s:1:\"a\";i:122;s:1:\"b\";s:28:\"admin.upazilas.toggle-status\";s:1:\"c\";s:5:\"admin\";s:1:\"r\";a:1:{i:0;i:1;}}i:122;a:4:{s:1:\"a\";i:123;s:1:\"b\";s:30:\"admin.upazilas.get-by-district\";s:1:\"c\";s:5:\"admin\";s:1:\"r\";a:1:{i:0;i:1;}}}s:5:\"roles\";a:2:{i:0;a:3:{s:1:\"a\";i:1;s:1:\"b\";s:11:\"Super Admin\";s:1:\"c\";s:5:\"admin\";}i:1;a:3:{s:1:\"a\";i:2;s:1:\"b\";s:5:\"Admin\";s:1:\"c\";s:5:\"admin\";}}}', 1764541868);

-- --------------------------------------------------------

--
-- Table structure for table `cache_locks`
--

CREATE TABLE `cache_locks` (
  `key` varchar(255) COLLATE utf8mb4_unicode_ci NOT NULL,
  `owner` varchar(255) COLLATE utf8mb4_unicode_ci NOT NULL,
  `expiration` int NOT NULL
) ENGINE=InnoDB DEFAULT CHARSET=utf8mb4 COLLATE=utf8mb4_unicode_ci;

-- --------------------------------------------------------

--
-- Table structure for table `carts`
--

CREATE TABLE `carts` (
  `id` bigint UNSIGNED NOT NULL,
  `user_id` bigint UNSIGNED DEFAULT NULL,
  `session_id` varchar(255) COLLATE utf8mb4_unicode_ci DEFAULT NULL,
  `subtotal` decimal(10,2) NOT NULL DEFAULT '0.00',
  `discount_total` decimal(10,2) NOT NULL DEFAULT '0.00',
  `tax_total` decimal(10,2) NOT NULL DEFAULT '0.00',
  `grand_total` decimal(10,2) NOT NULL DEFAULT '0.00',
  `created_at` timestamp NULL DEFAULT NULL,
  `updated_at` timestamp NULL DEFAULT NULL,
  `coupon_id` bigint UNSIGNED DEFAULT NULL,
  `coupon_discount` decimal(10,2) NOT NULL DEFAULT '0.00'
) ENGINE=InnoDB DEFAULT CHARSET=utf8mb4 COLLATE=utf8mb4_unicode_ci;

--
-- Dumping data for table `carts`
--

INSERT INTO `carts` (`id`, `user_id`, `session_id`, `subtotal`, `discount_total`, `tax_total`, `grand_total`, `created_at`, `updated_at`, `coupon_id`, `coupon_discount`) VALUES
(1, NULL, 'fc87ea55-0907-4481-8ada-7491c1ea5ca8', '0.00', '0.00', '0.00', '0.00', '2025-11-07 13:51:54', '2025-11-07 13:51:58', NULL, '0.00'),
(3, 3, NULL, '477.77', '0.00', '0.00', '477.77', '2025-11-08 11:01:23', '2025-11-08 16:24:25', NULL, '0.00'),
(4, NULL, '51193e83-9bf1-49f1-89a8-bfb73387b601', '224.14', '0.00', '0.00', '224.14', '2025-11-08 11:01:47', '2025-11-08 11:01:51', NULL, '0.00'),
(5, NULL, '4cb8a2e0-5a5f-44e7-99f7-4ebd6ec2f19a', '984.35', '0.00', '0.00', '984.35', '2025-11-08 11:03:30', '2025-11-08 11:03:38', NULL, '0.00'),
(6, NULL, '69217dfc-1b5b-418d-9206-7d7f80ffd526', '0.00', '0.00', '0.00', '0.00', '2025-11-08 12:36:46', '2025-11-08 12:36:46', NULL, '0.00'),
(7, NULL, '9ea496b0-36c4-45f7-9f39-67c858b6bf63', '245.37', '0.00', '0.00', '245.37', '2025-11-08 14:02:17', '2025-11-08 14:02:18', NULL, '0.00'),
(8, NULL, '720411b0-6cf2-44e5-ad2d-125e4e404f71', '0.00', '0.00', '0.00', '0.00', '2025-11-08 14:35:12', '2025-11-08 15:24:22', NULL, '0.00'),
(9, NULL, 'dc803557-a807-4d6f-8ffd-2af723a2cc2b', '338.73', '0.00', '0.00', '338.73', '2025-11-14 17:07:04', '2025-11-14 17:13:20', NULL, '0.00'),
(10, NULL, '714dbf1a-006c-41e3-bd24-401e40cf07be', '1129.38', '0.00', '0.00', '1129.38', '2025-11-14 17:21:27', '2025-11-14 17:24:46', NULL, '0.00'),
(11, NULL, 'be32b73b-ece7-48bc-819a-cddfd5125ab0', '556.22', '0.00', '0.00', '556.22', '2025-11-14 17:23:49', '2025-11-14 17:29:37', NULL, '0.00'),
(12, NULL, '892036e8-59e3-4f28-94d9-fcf6220f61f2', '22.77', '0.00', '0.00', '22.77', '2025-11-14 17:26:55', '2025-11-14 17:27:56', NULL, '0.00'),
(13, NULL, 'b461d370-c072-4ae2-8960-8bdcda5863ef', '190.42', '0.00', '0.00', '190.42', '2025-11-14 17:31:17', '2025-11-14 17:32:04', NULL, '0.00'),
(14, NULL, '32ac52bd-d885-4ae6-b31d-2aaf3a02478c', '407.76', '0.00', '0.00', '407.76', '2025-11-14 17:37:06', '2025-11-14 17:37:43', NULL, '0.00'),
(15, NULL, 'b55b9b99-6797-487a-8542-d5b3776052ba', '245.37', '0.00', '0.00', '245.37', '2025-11-14 17:45:32', '2025-11-14 17:47:27', NULL, '0.00'),
(16, NULL, '4b2b42bd-9245-4b89-9748-3b6608b1d09b', '153.49', '0.00', '0.00', '153.49', '2025-11-14 17:50:38', '2025-11-14 17:55:36', NULL, '0.00'),
(17, NULL, '60e678b4-7d64-4633-b44f-af5cb0caab0b', '0.00', '0.00', '0.00', '0.00', '2025-11-14 18:09:49', '2025-11-14 18:09:49', NULL, '0.00'),
(18, NULL, '997f324a-a36f-4281-93b0-d32eaaee9f40', '190.42', '0.00', '0.00', '190.42', '2025-11-14 18:09:56', '2025-11-14 18:09:56', NULL, '0.00'),
(19, NULL, '146086cb-ef5b-46d6-9cb1-0b8dc63629c3', '33.10', '0.00', '0.00', '33.10', '2025-11-14 18:10:01', '2025-11-14 18:10:01', NULL, '0.00'),
(20, NULL, 'b256634d-d22a-4952-b4c8-a5466453a131', '112.07', '0.00', '0.00', '112.07', '2025-11-14 18:10:08', '2025-11-14 18:10:08', NULL, '0.00'),
(21, NULL, '494f92aa-3747-4f99-bbf2-20ebabc0e6ba', '0.00', '0.00', '0.00', '0.00', '2025-11-14 18:10:08', '2025-11-14 18:10:08', NULL, '0.00'),
(22, NULL, 'fdbce61b-3c0a-4cb0-8480-852a008d29dd', '0.00', '0.00', '0.00', '0.00', '2025-11-14 18:10:08', '2025-11-14 18:10:08', NULL, '0.00'),
(23, NULL, '94b9490b-c7f8-4015-bd8a-754a633425fd', '297.93', '0.00', '0.00', '297.93', '2025-11-14 18:10:12', '2025-11-14 18:10:12', NULL, '0.00'),
(24, NULL, '4e1d7abe-0df7-4f9e-9949-a9d965cd1ab0', '0.00', '0.00', '0.00', '0.00', '2025-11-14 18:10:16', '2025-11-14 18:10:16', NULL, '0.00'),
(25, NULL, '2b04a419-7b21-40bb-85e1-b613410e364d', '0.00', '0.00', '0.00', '0.00', '2025-11-14 18:31:35', '2025-11-14 18:31:35', NULL, '0.00'),
(26, NULL, '6003a9cc-de2b-4905-9559-9466a8b15baf', '190.42', '0.00', '0.00', '190.42', '2025-11-14 18:31:40', '2025-11-14 18:31:40', NULL, '0.00'),
(27, NULL, 'c9527498-c199-44e1-84eb-3365d4fd3955', '54.95', '0.00', '0.00', '54.95', '2025-11-14 18:31:41', '2025-11-14 18:31:41', NULL, '0.00'),
(28, NULL, 'b6581934-e4fb-47af-9f2a-21af063ebb66', '15.96', '0.00', '0.00', '15.96', '2025-11-14 18:31:43', '2025-11-14 18:31:43', NULL, '0.00'),
(29, NULL, '0649644f-ae21-477f-924a-1c1ad8481797', '181.12', '0.00', '0.00', '181.12', '2025-11-14 18:31:43', '2025-11-14 18:31:43', NULL, '0.00'),
(30, NULL, '4552ab0d-9546-43c2-9615-06b7e597f5eb', '15.96', '0.00', '0.00', '15.96', '2025-11-14 18:31:45', '2025-11-14 18:31:45', NULL, '0.00'),
(31, NULL, 'adb9497a-9f3a-4121-b894-2cddb35ba569', '181.12', '0.00', '0.00', '181.12', '2025-11-14 18:31:47', '2025-11-14 18:31:47', NULL, '0.00'),
(32, NULL, 'd2f49742-8f37-4c08-8195-865ee4d23098', '22.77', '0.00', '0.00', '22.77', '2025-11-14 18:31:48', '2025-11-14 18:31:48', NULL, '0.00'),
(33, NULL, 'a7b2cf51-4094-4540-b115-e59774bcdcf5', '0.00', '0.00', '0.00', '0.00', '2025-11-14 18:31:50', '2025-11-14 18:31:59', NULL, '0.00'),
(34, NULL, '4f8deddb-96bf-447b-930a-b5ad1d2d7f84', '190.42', '0.00', '0.00', '190.42', '2025-11-14 18:32:01', '2025-11-14 18:32:01', NULL, '0.00'),
(35, NULL, '5187d32f-52b0-4d0a-a9dc-719e1db05ed9', '54.95', '0.00', '0.00', '54.95', '2025-11-14 18:32:02', '2025-11-14 18:32:02', NULL, '0.00'),
(36, NULL, '75faa234-fd8a-464e-9aea-87a070f53951', '190.42', '0.00', '0.00', '190.42', '2025-11-14 18:32:03', '2025-11-14 18:32:03', NULL, '0.00'),
(37, NULL, '891b72fa-e8e6-49d2-9cd7-a246ce068b9e', '0.00', '0.00', '0.00', '0.00', '2025-11-14 18:51:58', '2025-11-14 18:51:58', NULL, '0.00'),
(38, NULL, 'd16e8e24-20d5-4676-97bc-4676aef2e029', '190.42', '0.00', '0.00', '190.42', '2025-11-14 18:52:01', '2025-11-14 18:52:01', NULL, '0.00'),
(39, NULL, '84dd7c0e-d9ff-4de8-93c8-fe76e4a2774d', '0.00', '0.00', '0.00', '0.00', '2025-11-14 18:52:01', '2025-11-14 18:52:01', NULL, '0.00'),
(40, NULL, '2fd09ac8-d05c-4f81-8675-df5e4d1cc9f2', '54.95', '0.00', '0.00', '54.95', '2025-11-14 18:52:02', '2025-11-14 18:52:02', NULL, '0.00'),
(41, NULL, '552cd986-8ec8-4675-9cd5-c30e8758346d', '0.00', '0.00', '0.00', '0.00', '2025-11-14 18:52:02', '2025-11-14 18:52:02', NULL, '0.00'),
(42, NULL, '3de04b22-dd85-48a3-b303-91f9eb7e4911', '15.96', '0.00', '0.00', '15.96', '2025-11-14 18:52:07', '2025-11-14 18:52:07', NULL, '0.00'),
(43, NULL, 'cfd15e9a-2067-4040-86d2-0ea1b8260635', '0.00', '0.00', '0.00', '0.00', '2025-11-14 18:52:07', '2025-11-14 18:52:07', NULL, '0.00'),
(44, NULL, '24de3780-bd92-4357-807c-22da9784c246', '724.48', '0.00', '0.00', '724.48', '2025-11-14 18:52:08', '2025-11-14 18:52:13', NULL, '0.00'),
(45, NULL, '477e515e-167c-44ea-82f4-78b45a7a51f1', '0.00', '0.00', '0.00', '0.00', '2025-11-14 18:52:08', '2025-11-14 18:52:08', NULL, '0.00'),
(46, NULL, 'b7476053-cd07-4454-9af9-15738ec70d53', '0.00', '0.00', '0.00', '0.00', '2025-11-14 18:52:13', '2025-11-14 18:52:13', NULL, '0.00'),
(47, NULL, '4655634d-0bb1-45b4-a434-bb5933d9feac', '0.00', '0.00', '0.00', '0.00', '2025-11-14 18:52:13', '2025-11-14 18:52:13', NULL, '0.00'),
(48, NULL, '003e6c0a-9310-4d14-8bc1-06905f2a8f21', '0.00', '0.00', '0.00', '0.00', '2025-11-14 18:52:13', '2025-11-14 18:52:13', NULL, '0.00'),
(49, NULL, '9360ad00-431c-4b65-9dcd-af6847fc8de5', '0.00', '0.00', '0.00', '0.00', '2025-11-14 18:52:13', '2025-11-14 18:52:13', NULL, '0.00'),
(50, NULL, '9d02c633-2d1b-4a1f-92a0-b10cd5019819', '0.00', '0.00', '0.00', '0.00', '2025-11-14 18:52:13', '2025-11-14 18:52:13', NULL, '0.00'),
(51, NULL, '874c87b3-18f2-4e78-ac63-ce14f842ce1d', '0.00', '0.00', '0.00', '0.00', '2025-11-14 18:52:14', '2025-11-14 18:52:14', NULL, '0.00'),
(52, NULL, '5ba8d15b-eba1-46a3-8891-18d7821c6a38', '15.96', '0.00', '0.00', '15.96', '2025-11-14 18:52:20', '2025-11-14 18:52:20', NULL, '0.00'),
(53, NULL, 'fddbf591-ade8-466f-850b-809d7a490f72', '0.00', '0.00', '0.00', '0.00', '2025-11-14 18:52:20', '2025-11-14 18:52:20', NULL, '0.00'),
(54, NULL, 'fbd03343-d558-4d84-923e-b3721204eec3', '181.12', '0.00', '0.00', '181.12', '2025-11-14 18:52:22', '2025-11-14 18:52:22', NULL, '0.00'),
(55, NULL, 'cc5ad6db-58ab-49c1-bf56-5548301f2c3a', '0.00', '0.00', '0.00', '0.00', '2025-11-14 18:52:22', '2025-11-14 18:52:22', NULL, '0.00'),
(56, NULL, 'f0036a90-4c04-4cd2-98dd-1e8a7d91a659', '15.96', '0.00', '0.00', '15.96', '2025-11-14 18:52:23', '2025-11-14 18:52:23', NULL, '0.00'),
(57, NULL, 'b394881b-ba35-45d1-83d1-ea1077e015cf', '0.00', '0.00', '0.00', '0.00', '2025-11-14 18:52:23', '2025-11-14 18:52:23', NULL, '0.00'),
(58, NULL, 'b351524e-adbd-4aa1-a455-705b0191bb1f', '181.12', '0.00', '0.00', '181.12', '2025-11-14 18:52:24', '2025-11-14 18:52:24', NULL, '0.00'),
(59, NULL, 'a6d6d0d5-ca89-488e-a6b2-58d34c0aa534', '0.00', '0.00', '0.00', '0.00', '2025-11-14 18:52:24', '2025-11-14 18:52:24', NULL, '0.00'),
(60, NULL, 'c2323c41-513d-48c1-86c3-244d066c0141', '22.77', '0.00', '0.00', '22.77', '2025-11-14 18:52:25', '2025-11-14 18:52:25', NULL, '0.00'),
(61, NULL, '8da1d254-6e3d-404c-b64f-19baed586b34', '0.00', '0.00', '0.00', '0.00', '2025-11-14 18:52:25', '2025-11-14 18:52:25', NULL, '0.00'),
(62, NULL, '2da9a77d-1170-4c88-aa67-178a5fba20ee', '33.10', '0.00', '0.00', '33.10', '2025-11-14 18:52:29', '2025-11-14 18:52:29', NULL, '0.00'),
(63, NULL, '9ccb79dc-3f90-45b4-a27b-21d3b9e2bb07', '0.00', '0.00', '0.00', '0.00', '2025-11-14 18:52:29', '2025-11-14 18:52:29', NULL, '0.00'),
(64, NULL, '380c02ae-2344-4b3b-ae8f-c01d97e76d4d', '0.00', '0.00', '0.00', '0.00', '2025-11-14 18:52:29', '2025-11-14 18:52:29', NULL, '0.00'),
(65, NULL, '8e356f1c-d927-4132-aa26-fa0c2a23f247', '33.10', '0.00', '0.00', '33.10', '2025-11-14 18:52:31', '2025-11-14 18:52:31', NULL, '0.00'),
(66, NULL, '8c69e901-ffdd-428e-b13c-6022d6a60890', '0.00', '0.00', '0.00', '0.00', '2025-11-14 18:52:31', '2025-11-14 18:52:31', NULL, '0.00'),
(67, NULL, '9b622c19-0253-4b44-9a91-4d878ba434d5', '0.00', '0.00', '0.00', '0.00', '2025-11-14 18:52:31', '2025-11-14 18:52:31', NULL, '0.00'),
(68, NULL, 'c9ed68cc-79eb-43ff-b657-3cbcca1d4998', '33.10', '0.00', '0.00', '33.10', '2025-11-14 18:52:32', '2025-11-14 18:52:32', NULL, '0.00'),
(69, NULL, '48a99035-0942-4e3c-8c0a-166bd718fb52', '0.00', '0.00', '0.00', '0.00', '2025-11-14 18:52:32', '2025-11-14 18:52:32', NULL, '0.00'),
(70, NULL, '513a0d1c-25a5-4e5b-8174-a8fb8a8fe94e', '0.00', '0.00', '0.00', '0.00', '2025-11-14 18:52:32', '2025-11-14 18:52:32', NULL, '0.00'),
(71, NULL, '46a62e54-557c-476d-8984-8058092a4d2a', '33.10', '0.00', '0.00', '33.10', '2025-11-14 18:52:33', '2025-11-14 18:52:33', NULL, '0.00'),
(72, NULL, '6aa298eb-4999-4833-b1d7-fa2d5a2df39a', '0.00', '0.00', '0.00', '0.00', '2025-11-14 18:52:33', '2025-11-14 18:52:33', NULL, '0.00'),
(73, NULL, '6303610a-cbc4-4cdb-8cfb-c5aa065829fc', '0.00', '0.00', '0.00', '0.00', '2025-11-14 18:52:33', '2025-11-14 18:52:33', NULL, '0.00'),
(74, NULL, 'b2c375c1-b35b-417f-b89b-b6e3c52b8d03', '33.10', '0.00', '0.00', '33.10', '2025-11-14 18:52:34', '2025-11-14 18:52:34', NULL, '0.00'),
(75, NULL, 'ccb14ac6-c154-4e71-9a25-c306c28082fb', '0.00', '0.00', '0.00', '0.00', '2025-11-14 18:52:34', '2025-11-14 18:52:34', NULL, '0.00'),
(76, NULL, 'c229a9e9-ba76-48e6-8fd4-e6c98968935c', '0.00', '0.00', '0.00', '0.00', '2025-11-14 18:52:34', '2025-11-14 18:52:34', NULL, '0.00'),
(77, NULL, 'b8145712-bf99-452d-9702-dfd37fefcd9f', '0.00', '0.00', '0.00', '0.00', '2025-11-14 19:03:01', '2025-11-14 19:03:01', NULL, '0.00'),
(78, NULL, '59132452-1135-4b17-9e5a-31fa77c18840', '190.42', '0.00', '0.00', '190.42', '2025-11-14 19:03:04', '2025-11-14 19:03:04', NULL, '0.00'),
(79, NULL, 'b2388104-d058-4eed-b91c-a585ae6598a6', '54.95', '0.00', '0.00', '54.95', '2025-11-14 19:03:04', '2025-11-14 19:03:05', NULL, '0.00'),
(80, NULL, '8239f150-bb46-4a19-8732-6075bb2f6efe', '0.00', '0.00', '0.00', '0.00', '2025-11-14 19:12:23', '2025-11-14 19:12:23', NULL, '0.00'),
(81, NULL, 'c72b7772-85aa-415a-9cb2-b627f968148e', '190.42', '0.00', '0.00', '190.42', '2025-11-14 19:12:26', '2025-11-14 19:12:26', NULL, '0.00'),
(82, NULL, '1a1a7951-e80f-4475-94fd-f053feef48e2', '54.95', '0.00', '0.00', '54.95', '2025-11-14 19:12:27', '2025-11-14 19:12:27', NULL, '0.00'),
(83, NULL, '73b9b8bc-80fe-47a5-a004-61ebb010c5d4', '15.96', '0.00', '0.00', '15.96', '2025-11-14 19:12:29', '2025-11-14 19:12:29', NULL, '0.00'),
(84, NULL, '65737ae0-e471-4649-ba54-82b3cb58d08a', '181.12', '0.00', '0.00', '181.12', '2025-11-14 19:12:30', '2025-11-14 19:12:30', NULL, '0.00'),
(85, NULL, '9f085531-9f84-4abc-a8a4-764b8e4a9023', '0.00', '0.00', '0.00', '0.00', '2025-11-14 19:15:33', '2025-11-14 19:15:33', NULL, '0.00'),
(86, NULL, 'c072b23e-377b-4012-8273-2277a05a8b22', '190.42', '0.00', '0.00', '190.42', '2025-11-14 19:15:36', '2025-11-14 19:15:36', NULL, '0.00'),
(87, NULL, '5df455e3-5005-4c1b-a2c5-8d166ebb0c40', '54.95', '0.00', '0.00', '54.95', '2025-11-14 19:15:37', '2025-11-14 19:15:37', NULL, '0.00'),
(88, NULL, '9ea144b1-7bad-4c31-8a50-d7f24fc1e321', '190.42', '0.00', '0.00', '190.42', '2025-11-14 19:15:39', '2025-11-14 19:15:39', NULL, '0.00'),
(89, NULL, '949b5a6d-9cc1-4484-a085-9e33049497af', '54.95', '0.00', '0.00', '54.95', '2025-11-14 19:15:40', '2025-11-14 19:15:40', NULL, '0.00'),
(90, NULL, '51fbb232-f5ae-427c-b4f9-3a639c236677', '190.42', '0.00', '0.00', '190.42', '2025-11-14 19:15:41', '2025-11-14 19:15:42', NULL, '0.00'),
(91, NULL, '3930c118-79cf-4a98-8209-7a27428b7161', '0.00', '0.00', '0.00', '0.00', '2025-11-14 19:23:11', '2025-11-14 19:23:11', NULL, '0.00'),
(92, NULL, '68a16793-7bb2-4faf-a940-d4b18afa92de', '190.42', '0.00', '0.00', '190.42', '2025-11-14 19:23:14', '2025-11-14 19:23:14', NULL, '0.00'),
(93, NULL, '0c2d7794-76d5-4275-a421-50fa24766db5', '0.00', '0.00', '0.00', '0.00', '2025-11-14 19:23:14', '2025-11-14 19:23:14', NULL, '0.00'),
(94, NULL, 'ed0c0245-bae3-456f-a672-670c948f3892', '0.00', '0.00', '0.00', '0.00', '2025-11-14 19:23:14', '2025-11-14 19:23:14', NULL, '0.00'),
(95, NULL, 'd66305d8-92c7-4954-b7d1-9fdd02d81133', '15.96', '0.00', '0.00', '15.96', '2025-11-14 19:23:16', '2025-11-14 19:23:16', NULL, '0.00'),
(96, NULL, '9000fb9d-a6a6-4a9e-841f-8804a94a0870', '0.00', '0.00', '0.00', '0.00', '2025-11-14 19:23:16', '2025-11-14 19:23:16', NULL, '0.00'),
(97, NULL, '145b67a9-3806-4dd3-9d62-c4ecaf10342b', '0.00', '0.00', '0.00', '0.00', '2025-11-14 19:23:16', '2025-11-14 19:23:16', NULL, '0.00'),
(98, NULL, '662f8e6d-2fb0-4998-bcb0-0ac6d32eb9a6', '15.96', '0.00', '0.00', '15.96', '2025-11-14 19:23:21', '2025-11-14 19:23:21', NULL, '0.00'),
(99, NULL, 'dd7b18ed-2b35-4b95-b5f8-5a1d6031a25a', '0.00', '0.00', '0.00', '0.00', '2025-11-14 19:23:21', '2025-11-14 19:23:21', NULL, '0.00'),
(100, NULL, 'b52fb426-5f8a-40fa-9c48-11d9d0b2b053', '0.00', '0.00', '0.00', '0.00', '2025-11-14 19:23:21', '2025-11-14 19:23:21', NULL, '0.00'),
(101, NULL, 'd2bbf1ab-054d-4f06-8a5e-c66632381a0c', '181.12', '0.00', '0.00', '181.12', '2025-11-14 19:23:22', '2025-11-14 19:23:22', NULL, '0.00'),
(102, NULL, '4937f087-e20b-4c40-b729-48657d1e8a62', '0.00', '0.00', '0.00', '0.00', '2025-11-14 19:23:22', '2025-11-14 19:23:22', NULL, '0.00'),
(103, NULL, '6ba74e35-e82e-492d-9352-6408d41639b8', '0.00', '0.00', '0.00', '0.00', '2025-11-14 19:23:23', '2025-11-14 19:23:23', NULL, '0.00'),
(104, NULL, '55050af7-117b-44ee-814d-b04ec9d8f258', '0.00', '0.00', '0.00', '0.00', '2025-11-14 19:33:59', '2025-11-14 19:33:59', NULL, '0.00'),
(105, NULL, '3e88a598-7dc3-4d81-83be-4a2568788726', '190.42', '0.00', '0.00', '190.42', '2025-11-14 19:34:02', '2025-11-14 19:34:02', NULL, '0.00'),
(106, NULL, '67b7fb9d-bf9f-48f6-8558-5fe95a6e1244', '0.00', '0.00', '0.00', '0.00', '2025-11-14 19:34:02', '2025-11-14 19:34:02', NULL, '0.00'),
(107, NULL, '8826d059-ff24-44c6-82c9-b3c7480d3467', '0.00', '0.00', '0.00', '0.00', '2025-11-14 19:34:03', '2025-11-14 19:34:03', NULL, '0.00'),
(108, NULL, '5801c53f-6ab2-495e-9f28-4b692b68f77e', '15.96', '0.00', '0.00', '15.96', '2025-11-14 19:34:05', '2025-11-14 19:34:05', NULL, '0.00'),
(109, NULL, 'f379896b-7259-47e8-9f6e-36eab0970eb5', '0.00', '0.00', '0.00', '0.00', '2025-11-14 19:34:05', '2025-11-14 19:34:05', NULL, '0.00'),
(110, NULL, 'afdec2f5-dd94-4cce-96cc-6cb854faf54e', '0.00', '0.00', '0.00', '0.00', '2025-11-14 19:34:05', '2025-11-14 19:34:05', NULL, '0.00'),
(111, NULL, '07e33c42-8d29-4cbd-a62c-d53b1447135f', '0.00', '0.00', '0.00', '0.00', '2025-11-14 19:37:53', '2025-11-14 19:37:53', NULL, '0.00'),
(112, NULL, '05481941-6eae-4f3f-8948-1598658910c4', '0.00', '0.00', '0.00', '0.00', '2025-11-14 19:37:54', '2025-11-14 19:37:54', NULL, '0.00'),
(113, NULL, '85b05434-111b-4cb1-9464-d1faae235fb4', '190.42', '0.00', '0.00', '190.42', '2025-11-14 19:37:57', '2025-11-14 19:37:57', NULL, '0.00'),
(114, NULL, '2e76ba58-a476-48d6-b043-bfffc4afe9b0', '0.00', '0.00', '0.00', '0.00', '2025-11-14 19:37:57', '2025-11-14 19:37:57', NULL, '0.00'),
(115, NULL, '2db9cb71-decd-4802-b32d-f351ee3cfdee', '0.00', '0.00', '0.00', '0.00', '2025-11-14 19:37:58', '2025-11-14 19:37:58', NULL, '0.00'),
(116, NULL, '5ec01121-a6ec-4a3c-89cc-624fc73a8075', '54.95', '0.00', '0.00', '54.95', '2025-11-14 19:38:00', '2025-11-14 19:38:00', NULL, '0.00'),
(117, NULL, '67aba492-1a4f-4749-9abd-eb407b5a7cc6', '0.00', '0.00', '0.00', '0.00', '2025-11-14 19:38:00', '2025-11-14 19:38:00', NULL, '0.00'),
(118, NULL, 'bf22d4af-bdae-4fb1-b902-ead2c26fb434', '0.00', '0.00', '0.00', '0.00', '2025-11-14 19:38:00', '2025-11-14 19:38:00', NULL, '0.00'),
(119, NULL, '55501140-e66e-4da2-97aa-46548d59c73d', '15.96', '0.00', '0.00', '15.96', '2025-11-14 19:38:11', '2025-11-14 19:38:11', NULL, '0.00'),
(120, NULL, '5545f73f-1524-4ad5-b577-e2836ccdcf8f', '0.00', '0.00', '0.00', '0.00', '2025-11-14 19:38:11', '2025-11-14 19:38:11', NULL, '0.00'),
(121, NULL, '66d4e08a-c388-41fc-89b7-4e3e31cadda7', '0.00', '0.00', '0.00', '0.00', '2025-11-14 19:38:12', '2025-11-14 19:38:12', NULL, '0.00'),
(122, NULL, 'a7800583-6cd9-4b35-bc8a-1e4aa3465d5e', '15.96', '0.00', '0.00', '15.96', '2025-11-14 19:38:15', '2025-11-14 19:38:15', NULL, '0.00'),
(123, NULL, '2d682e24-ad1b-4962-a166-55ca0f4cc66f', '0.00', '0.00', '0.00', '0.00', '2025-11-14 19:38:16', '2025-11-14 19:38:16', NULL, '0.00'),
(124, NULL, '07ae207f-2e42-4c23-9666-fe084453a9dd', '0.00', '0.00', '0.00', '0.00', '2025-11-14 19:38:16', '2025-11-14 19:38:16', NULL, '0.00'),
(125, NULL, '36779091-0eff-4d38-b4ed-0c435ec1708f', '0.00', '0.00', '0.00', '0.00', '2025-11-14 19:38:44', '2025-11-14 19:38:44', NULL, '0.00'),
(126, NULL, '7bd7018a-3d17-43d9-8ec0-ab04286abeb6', '153.49', '0.00', '0.00', '153.49', '2025-11-14 19:38:57', '2025-11-14 19:38:57', NULL, '0.00'),
(127, NULL, 'fde44f16-8c6f-4ec1-9f6a-8291cdfee5d7', '0.00', '0.00', '0.00', '0.00', '2025-11-14 19:38:57', '2025-11-14 19:38:57', NULL, '0.00'),
(128, NULL, '7f8553fb-f058-41ab-a8d2-008291ffef77', '0.00', '0.00', '0.00', '0.00', '2025-11-14 19:38:57', '2025-11-14 19:38:57', NULL, '0.00'),
(129, NULL, 'b7c34baa-9c79-4d3a-9ca1-95cf0aa4a71f', '47.92', '0.00', '0.00', '47.92', '2025-11-14 19:38:59', '2025-11-14 19:38:59', NULL, '0.00'),
(130, NULL, '53883c9c-1927-47c6-845b-726af75e23ca', '0.00', '0.00', '0.00', '0.00', '2025-11-14 19:38:59', '2025-11-14 19:38:59', NULL, '0.00'),
(131, NULL, 'bad63af5-b3b6-4c2f-b37b-99e7bf98b343', '0.00', '0.00', '0.00', '0.00', '2025-11-14 19:39:00', '2025-11-14 19:39:00', NULL, '0.00'),
(132, NULL, '60af94ef-fcba-48ed-8305-0d7459f93152', '213.16', '0.00', '0.00', '213.16', '2025-11-14 19:39:02', '2025-11-14 19:39:02', NULL, '0.00'),
(133, NULL, '3998a7f8-90f7-4a93-9c8f-843be72f4503', '0.00', '0.00', '0.00', '0.00', '2025-11-14 19:39:02', '2025-11-14 19:39:02', NULL, '0.00'),
(134, NULL, 'b6540e49-4ecc-4f0c-ac4d-7a45c121e7c9', '0.00', '0.00', '0.00', '0.00', '2025-11-14 19:39:02', '2025-11-14 19:39:02', NULL, '0.00'),
(135, NULL, '972fca31-9e0d-4cad-a471-ba54c84208c2', '99.01', '0.00', '0.00', '99.01', '2025-11-14 19:39:05', '2025-11-14 19:39:05', NULL, '0.00'),
(136, NULL, 'd5c8d185-b64d-4108-a152-9ae84354e555', '0.00', '0.00', '0.00', '0.00', '2025-11-14 19:39:05', '2025-11-14 19:39:05', NULL, '0.00'),
(137, NULL, '5c874d16-60db-4e68-bf5c-0207ed24931c', '0.00', '0.00', '0.00', '0.00', '2025-11-14 19:39:05', '2025-11-14 19:39:05', NULL, '0.00'),
(138, NULL, 'b212b11e-8b3f-4a3a-b09e-6a8d37e45473', '0.00', '0.00', '0.00', '0.00', '2025-11-14 19:39:33', '2025-11-14 19:39:33', NULL, '0.00'),
(139, NULL, '8e2247e5-28bd-4b95-ade7-fc748d3a203e', '0.00', '0.00', '0.00', '0.00', '2025-11-14 19:39:34', '2025-11-14 19:39:34', NULL, '0.00'),
(140, NULL, 'acbe2edf-6f61-4296-96bb-f6ab5a9ab583', '190.42', '0.00', '0.00', '190.42', '2025-11-14 19:39:36', '2025-11-14 19:39:36', NULL, '0.00'),
(141, NULL, 'd5bb6d01-8439-4b79-ae97-8dbdb717d5f4', '0.00', '0.00', '0.00', '0.00', '2025-11-14 19:39:36', '2025-11-14 19:39:36', NULL, '0.00'),
(142, NULL, '60073cce-22b1-4263-86f1-1746a62e5a06', '0.00', '0.00', '0.00', '0.00', '2025-11-14 19:39:36', '2025-11-14 19:39:36', NULL, '0.00'),
(143, NULL, '1118de27-5631-48d5-af26-4fb6977cb1ab', '0.00', '0.00', '0.00', '0.00', '2025-11-14 19:42:09', '2025-11-14 19:42:09', NULL, '0.00'),
(144, NULL, 'f3a5e04e-76d4-4da8-a99e-98c90b29f91b', '0.00', '0.00', '0.00', '0.00', '2025-11-14 19:42:10', '2025-11-14 19:42:10', NULL, '0.00'),
(145, NULL, 'dfc3c8a6-ce07-4a02-9e35-7a58ba657417', '190.42', '0.00', '0.00', '190.42', '2025-11-14 19:42:12', '2025-11-14 19:42:12', NULL, '0.00'),
(146, NULL, '152a70c6-b56c-4081-a712-f76f1cf209bc', '0.00', '0.00', '0.00', '0.00', '2025-11-14 19:42:12', '2025-11-14 19:42:12', NULL, '0.00'),
(147, NULL, '6cab3f2c-8f25-4afa-93f6-6716db0740d7', '54.95', '0.00', '0.00', '54.95', '2025-11-14 19:42:14', '2025-11-14 19:42:14', NULL, '0.00'),
(148, NULL, '7571b5f7-083c-4009-a49d-ea09bc707f0d', '0.00', '0.00', '0.00', '0.00', '2025-11-14 19:42:14', '2025-11-14 19:42:14', NULL, '0.00'),
(149, NULL, '8d7a764c-ee65-4701-842f-d0a4bf3152fb', '15.96', '0.00', '0.00', '15.96', '2025-11-14 19:42:16', '2025-11-14 19:42:16', NULL, '0.00'),
(150, NULL, '4f3c8797-2863-46b4-baa7-930f09899fa9', '0.00', '0.00', '0.00', '0.00', '2025-11-14 19:42:16', '2025-11-14 19:42:16', NULL, '0.00'),
(151, NULL, 'd05d31bb-3dc7-4dc2-abf4-472e0d4571ee', '109.90', '0.00', '0.00', '109.90', '2025-11-14 19:42:25', '2025-11-14 19:42:29', NULL, '0.00'),
(152, NULL, '848bfa68-7600-475c-b5dd-ef9cbc5bd442', '0.00', '0.00', '0.00', '0.00', '2025-11-14 19:42:26', '2025-11-14 19:42:26', NULL, '0.00'),
(153, NULL, '208e958d-7719-4aa4-85d9-0f63dc3bb004', '0.00', '0.00', '0.00', '0.00', '2025-11-14 19:42:29', '2025-11-14 19:42:29', NULL, '0.00'),
(154, NULL, '46a7135e-1b47-4680-bb83-0fa20810f5b8', '0.00', '0.00', '0.00', '0.00', '2025-11-14 19:42:29', '2025-11-14 19:42:29', NULL, '0.00'),
(155, NULL, '2bc95210-5b13-4cbe-b709-2286ada5f24e', '0.00', '0.00', '0.00', '0.00', '2025-11-14 19:42:29', '2025-11-14 19:42:29', NULL, '0.00'),
(156, NULL, '839a08dc-50e5-4d83-9f54-7e54e962cb51', '109.90', '0.00', '0.00', '109.90', '2025-11-14 19:42:30', '2025-11-14 19:42:32', NULL, '0.00'),
(157, NULL, '6fe9286c-76cd-4ad1-96d8-cae08ac15f3e', '0.00', '0.00', '0.00', '0.00', '2025-11-14 19:42:31', '2025-11-14 19:42:31', NULL, '0.00'),
(158, NULL, '663f7318-670e-43c5-a915-29d9c9d94368', '0.00', '0.00', '0.00', '0.00', '2025-11-14 19:42:32', '2025-11-14 19:42:32', NULL, '0.00'),
(159, NULL, '8289201b-bbe4-4dab-8629-76f20178ddda', '0.00', '0.00', '0.00', '0.00', '2025-11-14 19:42:33', '2025-11-14 19:42:33', NULL, '0.00'),
(160, NULL, '2fd0cf7c-abfd-4c62-b04a-be1f307fbdd0', '0.00', '0.00', '0.00', '0.00', '2025-11-14 19:42:33', '2025-11-14 19:42:33', NULL, '0.00'),
(161, NULL, '3f502047-e182-4a4e-8479-561330f99466', '0.00', '0.00', '0.00', '0.00', '2025-11-14 19:46:20', '2025-11-14 19:46:20', NULL, '0.00'),
(162, NULL, '6f0029c6-0fee-453e-a9f6-b74a7d2ff817', '0.00', '0.00', '0.00', '0.00', '2025-11-14 19:46:21', '2025-11-14 19:46:21', NULL, '0.00'),
(163, NULL, '7ea41209-ffde-4730-803d-b04f70ad00a1', '190.42', '0.00', '0.00', '190.42', '2025-11-14 19:46:23', '2025-11-14 19:46:23', NULL, '0.00'),
(164, NULL, '4a522ff0-5f70-4697-9f38-9ed9c6a49183', '54.95', '0.00', '0.00', '54.95', '2025-11-14 19:46:24', '2025-11-14 19:46:24', NULL, '0.00'),
(165, NULL, 'eba771fd-c296-46de-a952-7fe0b83ee2a4', '15.96', '0.00', '0.00', '15.96', '2025-11-14 19:46:26', '2025-11-14 19:46:26', NULL, '0.00'),
(166, NULL, 'd3f7dab5-1140-424e-bab2-311e95364092', '181.12', '0.00', '0.00', '181.12', '2025-11-14 19:46:27', '2025-11-14 19:46:27', NULL, '0.00'),
(167, NULL, '9ccf244c-3342-47e6-8abd-29c07bbd0645', '45.54', '0.00', '0.00', '45.54', '2025-11-14 19:46:30', '2025-11-14 19:46:33', NULL, '0.00'),
(168, NULL, '8f9d46d9-be69-4893-8598-4fa8b475e33d', '0.00', '0.00', '0.00', '0.00', '2025-11-14 19:46:33', '2025-11-14 19:46:33', NULL, '0.00'),
(169, NULL, 'd2e58a2d-34d3-4ae3-b08d-ccb2aff3df31', '0.00', '0.00', '0.00', '0.00', '2025-11-14 19:46:33', '2025-11-14 19:46:33', NULL, '0.00'),
(170, NULL, '01676200-ccc5-44b0-ad3a-90eef47b93c9', '0.00', '0.00', '0.00', '0.00', '2025-11-14 19:46:33', '2025-11-14 19:46:33', NULL, '0.00'),
(171, NULL, '5312e580-83a4-4b4b-9ae6-ee61b8fdfb21', '362.24', '0.00', '0.00', '362.24', '2025-11-14 19:46:50', '2025-11-14 19:46:53', NULL, '0.00'),
(172, NULL, '11d9c477-4f01-4ade-976e-d43aff0cd268', '0.00', '0.00', '0.00', '0.00', '2025-11-14 19:46:53', '2025-11-14 19:46:53', NULL, '0.00'),
(173, NULL, 'e7bfd775-1c37-4a1b-9626-feb9a65c3f64', '0.00', '0.00', '0.00', '0.00', '2025-11-14 19:46:54', '2025-11-14 19:46:54', NULL, '0.00'),
(174, NULL, '5aecf6a7-0a72-40bd-bea7-f10707b089b6', '0.00', '0.00', '0.00', '0.00', '2025-11-14 19:46:54', '2025-11-14 19:46:54', NULL, '0.00'),
(175, NULL, '60ef560e-8a9a-4cc8-b352-ef60ef134cbf', '153.49', '0.00', '0.00', '153.49', '2025-11-14 19:48:05', '2025-11-14 19:48:05', NULL, '0.00'),
(176, NULL, 'e829c721-6e54-4a36-b7f0-9af90c885ef9', '47.92', '0.00', '0.00', '47.92', '2025-11-14 19:48:08', '2025-11-14 19:48:08', NULL, '0.00'),
(177, NULL, 'fd204ad1-0d0f-4577-884b-6b6627cf851b', '213.16', '0.00', '0.00', '213.16', '2025-11-14 19:48:09', '2025-11-14 19:48:09', NULL, '0.00'),
(178, NULL, '056d2cf8-31c3-42ae-84e0-d93ecadb387c', '0.00', '0.00', '0.00', '0.00', '2025-11-14 19:59:10', '2025-11-14 19:59:10', NULL, '0.00'),
(179, NULL, 'f0a85687-8441-4039-9e64-aaba9af3d759', '0.00', '0.00', '0.00', '0.00', '2025-11-14 19:59:11', '2025-11-14 19:59:11', NULL, '0.00'),
(180, NULL, 'd4c4d686-7ccf-46fc-b4be-442de3617250', '190.42', '0.00', '0.00', '190.42', '2025-11-14 19:59:17', '2025-11-14 19:59:17', NULL, '0.00'),
(181, NULL, '4e04000d-68cd-4f90-b386-d78f25dee1a4', '54.95', '0.00', '0.00', '54.95', '2025-11-14 19:59:18', '2025-11-14 19:59:18', NULL, '0.00'),
(182, NULL, 'a6d15380-5877-4f27-89ac-f148e24a41ef', '15.96', '0.00', '0.00', '15.96', '2025-11-14 19:59:20', '2025-11-14 19:59:20', NULL, '0.00'),
(183, NULL, '59246227-4549-4713-bc91-8120d142403b', '181.12', '0.00', '0.00', '181.12', '2025-11-14 19:59:21', '2025-11-14 19:59:21', NULL, '0.00'),
(184, NULL, '2c7dcd86-7a3a-4195-86d9-508edbc99b9e', '274.75', '0.00', '0.00', '274.75', '2025-11-14 19:59:25', '2025-11-14 19:59:44', NULL, '0.00'),
(185, NULL, '37059577-0b90-40e5-8f76-8d4c2bcda07a', '0.00', '0.00', '0.00', '0.00', '2025-11-14 19:59:45', '2025-11-14 19:59:45', NULL, '0.00'),
(186, NULL, '5a8d743c-46aa-4ca4-85a0-8ad75aa51121', '54.95', '0.00', '0.00', '54.95', '2025-11-14 20:00:30', '2025-11-14 20:00:30', NULL, '0.00'),
(187, NULL, 'c7de7a38-c7c4-434b-ae0b-6562cf801464', '190.42', '0.00', '0.00', '190.42', '2025-11-14 20:00:31', '2025-11-14 20:00:31', NULL, '0.00'),
(188, NULL, '4addd0a0-d4a0-4e85-9581-e29157fea058', '54.95', '0.00', '0.00', '54.95', '2025-11-14 20:00:33', '2025-11-14 20:00:33', NULL, '0.00'),
(189, NULL, '3185a755-4d94-4893-a6fc-b07ad9e08f9c', '0.00', '0.00', '0.00', '0.00', '2025-11-14 20:00:34', '2025-11-14 20:00:34', NULL, '0.00'),
(190, NULL, 'a50e40ad-b875-4dfb-8f3e-7e1db86f93fa', '190.42', '0.00', '0.00', '190.42', '2025-11-14 20:00:37', '2025-11-14 20:00:37', NULL, '0.00'),
(191, NULL, 'b2bf53e3-083f-42bd-962a-d9e5ed8bb7cb', '0.00', '0.00', '0.00', '0.00', '2025-11-14 20:00:38', '2025-11-14 20:00:38', NULL, '0.00'),
(192, NULL, '7b95b153-3457-4ea8-9df8-ec103142c14c', '0.00', '0.00', '0.00', '0.00', '2025-11-14 20:00:43', '2025-11-14 20:00:43', NULL, '0.00'),
(193, NULL, 'b4cd8548-e884-4c16-8fff-feb359069dd4', '112.07', '0.00', '0.00', '112.07', '2025-11-14 20:00:46', '2025-11-14 20:00:46', NULL, '0.00'),
(194, NULL, 'fd833a96-5206-4c1b-b566-e40345d8a94a', '0.00', '0.00', '0.00', '0.00', '2025-11-14 20:00:49', '2025-11-14 20:00:49', NULL, '0.00'),
(195, NULL, '668fca3a-3755-41ef-8b8a-909bac73036c', '0.00', '0.00', '0.00', '0.00', '2025-11-14 20:01:41', '2025-11-14 20:01:41', NULL, '0.00'),
(196, NULL, '76c72f60-7583-47fd-9be8-8f47deccd08f', '0.00', '0.00', '0.00', '0.00', '2025-11-14 20:01:41', '2025-11-14 20:01:41', NULL, '0.00'),
(197, NULL, 'c0f830cc-ba32-49ac-bae3-4673806f7735', '190.42', '0.00', '0.00', '190.42', '2025-11-14 20:01:42', '2025-11-14 20:01:42', NULL, '0.00'),
(198, NULL, 'b508dbac-88a2-45e1-ac21-a84e3f8ecd3a', '54.95', '0.00', '0.00', '54.95', '2025-11-14 20:01:43', '2025-11-14 20:01:43', NULL, '0.00'),
(199, NULL, 'ae8b96ec-dca0-43e3-b1df-6e0d8df75ed7', '190.42', '0.00', '0.00', '190.42', '2025-11-14 20:01:44', '2025-11-14 20:01:44', NULL, '0.00'),
(200, NULL, 'bc8bb458-4f5b-4ea3-8682-1317f34eaa12', '15.96', '0.00', '0.00', '15.96', '2025-11-14 20:01:45', '2025-11-14 20:01:45', NULL, '0.00'),
(201, NULL, '249fb8b8-e255-411e-998e-1593092405d8', '181.12', '0.00', '0.00', '181.12', '2025-11-14 20:01:46', '2025-11-14 20:01:51', NULL, '0.00'),
(202, NULL, '76ec9830-00f6-4fe9-bd2d-779745814b08', '190.42', '0.00', '0.00', '190.42', '2025-11-14 20:01:54', '2025-11-14 20:01:54', NULL, '0.00'),
(203, NULL, '41b9bf19-7b56-4309-aa26-28aade896136', '0.00', '0.00', '0.00', '0.00', '2025-11-14 20:03:42', '2025-11-14 20:03:42', NULL, '0.00'),
(204, NULL, '28ee79e9-a776-444f-8e9f-986a5c5c4bc0', '0.00', '0.00', '0.00', '0.00', '2025-11-14 20:03:43', '2025-11-14 20:03:43', NULL, '0.00'),
(205, NULL, '56f65cb4-77fa-4ede-a42c-6a03e0a18362', '190.42', '0.00', '0.00', '190.42', '2025-11-14 20:03:45', '2025-11-14 20:03:45', NULL, '0.00'),
(206, NULL, '76304047-193b-418f-b6fc-f92226212624', '54.95', '0.00', '0.00', '54.95', '2025-11-14 20:03:46', '2025-11-14 20:03:46', NULL, '0.00'),
(207, NULL, '8a5c8862-9029-4c0e-8870-2ecc2a779740', '190.42', '0.00', '0.00', '190.42', '2025-11-14 20:03:48', '2025-11-14 20:03:48', NULL, '0.00'),
(208, NULL, '58ad3dfd-ea8f-4022-a536-e39090e14760', '54.95', '0.00', '0.00', '54.95', '2025-11-14 20:03:53', '2025-11-14 20:03:53', NULL, '0.00'),
(209, NULL, '8df292e1-c4b3-40e0-be68-e43bc63615c2', '190.42', '0.00', '0.00', '190.42', '2025-11-14 20:03:56', '2025-11-14 20:03:56', NULL, '0.00'),
(210, NULL, '70581c28-8d13-4ddd-b23b-403f9893048b', '0.00', '0.00', '0.00', '0.00', '2025-11-14 20:07:54', '2025-11-14 20:07:54', NULL, '0.00'),
(211, NULL, 'd9a4ebd1-b7ea-4590-aac7-282aababd03d', '0.00', '0.00', '0.00', '0.00', '2025-11-14 20:07:55', '2025-11-14 20:07:55', NULL, '0.00'),
(212, NULL, 'eeeb99c2-8301-4b8d-9f5a-b2e071c34aa6', '190.42', '0.00', '0.00', '190.42', '2025-11-14 20:07:57', '2025-11-14 20:07:57', NULL, '0.00'),
(213, NULL, '8394e8b1-ab44-4252-867e-ebabd9076ac5', '54.95', '0.00', '0.00', '54.95', '2025-11-14 20:07:59', '2025-11-14 20:07:59', NULL, '0.00'),
(214, NULL, 'f3ce44b2-c7b1-44e5-b581-c62e3f5b0bc2', '190.42', '0.00', '0.00', '190.42', '2025-11-14 20:08:01', '2025-11-14 20:08:01', NULL, '0.00'),
(215, NULL, '8e7d5381-e58b-4425-a01b-0d3e60e149f0', '54.95', '0.00', '0.00', '54.95', '2025-11-14 20:11:18', '2025-11-14 20:11:18', NULL, '0.00'),
(216, NULL, '8ef725af-9b13-43d2-b259-0cf8c0bb16a8', '190.42', '0.00', '0.00', '190.42', '2025-11-14 20:11:19', '2025-11-14 20:11:19', NULL, '0.00'),
(217, NULL, 'a98f74e5-a201-4295-86e8-5a380da2c597', '0.00', '0.00', '0.00', '0.00', '2025-11-14 20:12:56', '2025-11-14 20:12:56', NULL, '0.00'),
(218, NULL, '89f087b7-35fe-4039-b4ed-6a1491c50a2e', '0.00', '0.00', '0.00', '0.00', '2025-11-14 20:12:57', '2025-11-14 20:12:57', NULL, '0.00'),
(219, NULL, '0e207b5a-3c25-4534-a424-314b9b85dd3c', '190.42', '0.00', '0.00', '190.42', '2025-11-14 20:12:59', '2025-11-14 20:12:59', NULL, '0.00'),
(220, NULL, 'c26dc714-bbb6-4206-9a30-44015fc2a6b4', '54.95', '0.00', '0.00', '54.95', '2025-11-14 20:13:00', '2025-11-14 20:13:00', NULL, '0.00'),
(221, NULL, '2d92d3a9-5f86-4ef7-a518-5ca121d49286', '181.12', '0.00', '0.00', '181.12', '2025-11-14 20:13:03', '2025-11-14 20:13:03', NULL, '0.00'),
(222, NULL, '5f2bd698-a1bd-4ad5-80c1-a8f6570694e3', '15.96', '0.00', '0.00', '15.96', '2025-11-14 20:13:03', '2025-11-14 20:13:03', NULL, '0.00'),
(223, NULL, '70251283-10df-43b7-8f47-81fc4d8b0a74', '0.00', '0.00', '0.00', '0.00', '2025-11-14 20:30:29', '2025-11-14 20:30:29', NULL, '0.00'),
(224, NULL, '55561271-2c67-4071-9a0a-5927e668e6be', '0.00', '0.00', '0.00', '0.00', '2025-11-14 20:30:30', '2025-11-14 20:30:30', NULL, '0.00'),
(225, NULL, '537e65e3-abfd-470e-907f-90872acdd409', '190.42', '0.00', '0.00', '190.42', '2025-11-14 20:30:35', '2025-11-14 20:30:35', NULL, '0.00'),
(226, NULL, 'dc0211f8-aecb-4c7b-94e9-a514d6f9b49f', '54.95', '0.00', '0.00', '54.95', '2025-11-14 20:30:36', '2025-11-14 20:30:36', NULL, '0.00'),
(227, NULL, '974fdd81-32f5-4d5b-80fc-9d60a123cd76', '15.96', '0.00', '0.00', '15.96', '2025-11-14 20:30:38', '2025-11-14 20:30:38', NULL, '0.00'),
(228, NULL, 'e0b62a51-02ad-4e14-9313-3729693f4a62', '181.12', '0.00', '0.00', '181.12', '2025-11-14 20:30:38', '2025-11-14 20:30:38', NULL, '0.00'),
(229, NULL, 'd96479e2-df28-496d-87c8-4846ea37c74f', '0.00', '0.00', '0.00', '0.00', '2025-11-14 20:33:17', '2025-11-14 20:33:17', NULL, '0.00'),
(230, NULL, '06f63d1c-e605-4ca7-a51e-8fddfe1aa9c0', '0.00', '0.00', '0.00', '0.00', '2025-11-14 20:33:18', '2025-11-14 20:33:18', NULL, '0.00'),
(231, NULL, 'bf21f9f1-6341-4d4b-a53b-614ab2b4c3d0', '190.42', '0.00', '0.00', '190.42', '2025-11-14 20:33:20', '2025-11-14 20:33:20', NULL, '0.00'),
(232, NULL, 'f3aebd34-37a7-487a-b5b9-b5087d476fc9', '54.95', '0.00', '0.00', '54.95', '2025-11-14 20:33:21', '2025-11-14 20:33:21', NULL, '0.00'),
(233, NULL, '312e032e-16a1-4698-ad14-3018c7bcaa48', '190.42', '0.00', '0.00', '190.42', '2025-11-14 20:33:23', '2025-11-14 20:33:23', NULL, '0.00'),
(234, NULL, '54502c47-a213-44e1-bd41-4b89ce1e7ffe', '0.00', '0.00', '0.00', '0.00', '2025-11-14 20:34:01', '2025-11-14 20:34:01', NULL, '0.00'),
(235, NULL, '49f03d50-d764-4ebe-855a-7f3a521b7fea', '220.89', '0.00', '0.00', '220.89', '2025-11-14 20:34:09', '2025-11-14 20:34:09', NULL, '0.00'),
(236, NULL, '1c283526-d414-4d87-9334-0347476507fb', '1304.04', '0.00', '0.00', '1304.04', '2025-11-14 20:34:12', '2025-11-14 20:34:17', NULL, '0.00'),
(237, NULL, '7b8df368-d613-4eda-9f1e-de7cfce0f67e', '0.00', '0.00', '0.00', '0.00', '2025-11-14 20:34:20', '2025-11-14 20:34:20', NULL, '0.00'),
(238, NULL, 'b1ad9583-ad75-4259-aae1-a56bae0fae96', '0.00', '0.00', '0.00', '0.00', '2025-11-14 20:34:29', '2025-11-14 20:34:29', NULL, '0.00'),
(239, NULL, 'a0537024-7c2d-4995-9678-0a124d944bea', '0.00', '0.00', '0.00', '0.00', '2025-11-14 20:34:29', '2025-11-14 20:34:29', NULL, '0.00'),
(240, NULL, '7a31f991-06cf-4734-a8df-179b83e4c274', '0.00', '0.00', '0.00', '0.00', '2025-11-14 20:36:29', '2025-11-14 20:36:29', NULL, '0.00'),
(241, NULL, 'c037dfff-cce4-40b4-9e35-cd99931e9edc', '0.00', '0.00', '0.00', '0.00', '2025-11-14 20:36:30', '2025-11-14 20:36:30', NULL, '0.00'),
(242, NULL, '00b1974f-6aa9-4c72-b183-2aa04c46e312', '190.42', '0.00', '0.00', '190.42', '2025-11-14 20:36:33', '2025-11-14 20:36:33', NULL, '0.00'),
(243, NULL, '929d7145-5f22-4ae4-bf85-8b6c1e6a5ae3', '54.95', '0.00', '0.00', '54.95', '2025-11-14 20:36:34', '2025-11-14 20:36:34', NULL, '0.00'),
(244, NULL, '92a0c5be-f1c1-44d1-8aff-a53a8d38f1c8', '181.12', '0.00', '0.00', '181.12', '2025-11-14 20:36:36', '2025-11-14 20:36:36', NULL, '0.00'),
(245, NULL, 'e288444d-b9c5-43d9-a14e-ac66864dbf9f', '15.96', '0.00', '0.00', '15.96', '2025-11-14 20:36:37', '2025-11-14 20:36:37', NULL, '0.00'),
(246, NULL, '5ff118ba-d5c7-4ac5-b675-3461b4009fb3', '0.00', '0.00', '0.00', '0.00', '2025-11-14 20:36:40', '2025-11-14 20:36:40', NULL, '0.00'),
(247, NULL, '4d976595-b038-4792-aca2-95c1730f56c8', '0.00', '0.00', '0.00', '0.00', '2025-11-14 20:40:40', '2025-11-14 20:40:40', NULL, '0.00'),
(248, NULL, 'deda0e9c-4df2-44e6-9695-1f604eb301ef', '0.00', '0.00', '0.00', '0.00', '2025-11-14 20:40:41', '2025-11-14 20:40:41', NULL, '0.00'),
(249, NULL, '22177a4d-020a-4268-af7b-9189cd334442', '190.42', '0.00', '0.00', '190.42', '2025-11-14 20:40:46', '2025-11-14 20:40:46', NULL, '0.00'),
(250, NULL, '3ffed9b5-a2e1-493d-9318-17b089f2aba5', '54.95', '0.00', '0.00', '54.95', '2025-11-14 20:40:46', '2025-11-14 20:40:46', NULL, '0.00'),
(251, NULL, '104eb7b5-b59a-4e18-abdb-21ed2a37af55', '181.12', '0.00', '0.00', '181.12', '2025-11-14 20:40:56', '2025-11-14 20:40:56', NULL, '0.00'),
(252, NULL, '554f2774-ba79-4943-beb8-89c22a0739f7', '15.96', '0.00', '0.00', '15.96', '2025-11-14 20:40:57', '2025-11-14 20:40:57', NULL, '0.00'),
(253, NULL, '78c3876d-9917-4b70-b9bb-f87becb51645', '0.00', '0.00', '0.00', '0.00', '2025-11-14 20:40:58', '2025-11-14 20:40:58', NULL, '0.00'),
(254, NULL, '87b528dc-657b-4600-9953-799598e5f4bc', '181.12', '0.00', '0.00', '181.12', '2025-11-14 20:41:03', '2025-11-14 20:41:03', NULL, '0.00'),
(255, NULL, '0cfdc8f9-3e81-4e9c-a616-35a4be29e907', '15.96', '0.00', '0.00', '15.96', '2025-11-14 20:41:04', '2025-11-14 20:41:04', NULL, '0.00'),
(256, NULL, 'e03871b8-63c6-4f8a-9658-315dd8bd80c1', '0.00', '0.00', '0.00', '0.00', '2025-11-14 20:41:19', '2025-11-14 20:41:19', NULL, '0.00'),
(257, NULL, '9600c433-cd5b-4168-9f93-990ba7c17b36', '0.00', '0.00', '0.00', '0.00', '2025-11-14 20:41:19', '2025-11-14 20:41:19', NULL, '0.00'),
(258, NULL, 'a9b4b2c1-f4ce-47d3-8111-048fb3a6aa12', '190.42', '0.00', '0.00', '190.42', '2025-11-14 20:41:22', '2025-11-14 20:41:22', NULL, '0.00'),
(259, NULL, '6feeb37e-5758-4b3e-a5cc-704b80ac47e2', '54.95', '0.00', '0.00', '54.95', '2025-11-14 20:41:26', '2025-11-14 20:41:26', NULL, '0.00'),
(260, NULL, 'ebb7e3ca-bc02-43b9-b187-3d5e114880c3', '68.31', '0.00', '0.00', '68.31', '2025-11-14 20:41:43', '2025-11-14 20:41:47', NULL, '0.00'),
(261, NULL, 'fe5cc02b-1102-410f-99f5-d4ebb94328eb', '0.00', '0.00', '0.00', '0.00', '2025-11-14 20:44:36', '2025-11-14 20:44:36', NULL, '0.00'),
(262, NULL, '37f896df-0b5c-4118-8131-ae0117910dc8', '0.00', '0.00', '0.00', '0.00', '2025-11-14 20:44:37', '2025-11-14 20:44:37', NULL, '0.00'),
(263, NULL, '4001ae11-737c-4944-9559-3e8c4a5e63fc', '190.42', '0.00', '0.00', '190.42', '2025-11-14 20:44:39', '2025-11-14 20:44:39', NULL, '0.00'),
(264, NULL, '79cdea2f-43b1-402d-ab3c-777eb19be90d', '54.95', '0.00', '0.00', '54.95', '2025-11-14 20:44:40', '2025-11-14 20:44:40', NULL, '0.00'),
(265, NULL, '7940e6ce-c8ef-4024-86cc-9d25a0dc50d8', '0.00', '0.00', '0.00', '0.00', '2025-11-14 20:44:49', '2025-11-14 20:44:49', NULL, '0.00'),
(266, NULL, 'bf3cd2ff-0831-424c-8a4a-9de4e38607d7', '0.00', '0.00', '0.00', '0.00', '2025-11-15 13:52:29', '2025-11-15 13:52:29', NULL, '0.00'),
(267, NULL, '0de0e22c-2d5e-427e-b154-cee8d1d03a19', '0.00', '0.00', '0.00', '0.00', '2025-11-15 13:52:29', '2025-11-15 13:52:29', NULL, '0.00'),
(268, NULL, 'a740332d-4855-447c-9a02-537c00975a4d', '190.42', '0.00', '0.00', '190.42', '2025-11-15 13:52:31', '2025-11-15 13:52:31', NULL, '0.00'),
(269, NULL, 'cedc3755-a2d7-43f5-8654-7a203a8fc7b0', '54.95', '0.00', '0.00', '54.95', '2025-11-15 13:52:32', '2025-11-15 13:52:32', NULL, '0.00'),
(270, NULL, '567d12a3-ff2c-4dc7-b399-6e593ee90c86', '15.96', '0.00', '0.00', '15.96', '2025-11-15 13:52:34', '2025-11-15 13:52:34', NULL, '0.00'),
(271, NULL, '34dda540-d73b-49eb-8cb3-d1cf6b59342b', '181.12', '0.00', '0.00', '181.12', '2025-11-15 13:52:36', '2025-11-15 13:52:36', NULL, '0.00'),
(272, NULL, '9dfe8433-ed78-4778-9ec8-42a2ba6a92ca', '47.88', '0.00', '0.00', '47.88', '2025-11-15 13:52:37', '2025-11-15 13:53:47', NULL, '0.00'),
(273, NULL, 'eabdec71-7aee-452b-9d82-94fd04684d33', '0.00', '0.00', '0.00', '0.00', '2025-11-15 13:53:48', '2025-11-15 13:53:48', NULL, '0.00'),
(274, NULL, 'a5175e22-5685-4f45-be17-c0d53ae24c45', '0.00', '0.00', '0.00', '0.00', '2025-11-15 13:55:13', '2025-11-15 13:55:13', NULL, '0.00'),
(275, NULL, '85281786-d720-46b4-88d9-c961316fde55', '0.00', '0.00', '0.00', '0.00', '2025-11-15 13:55:13', '2025-11-15 13:55:13', NULL, '0.00'),
(276, NULL, 'a3caa03c-1ac7-4e18-8ae0-890375ebef4d', '190.42', '0.00', '0.00', '190.42', '2025-11-15 13:55:15', '2025-11-15 13:55:15', NULL, '0.00'),
(277, NULL, '631099d8-9f31-4377-8393-a48de8218cd0', '54.95', '0.00', '0.00', '54.95', '2025-11-15 13:55:16', '2025-11-15 13:55:16', NULL, '0.00'),
(278, NULL, '42ada2ee-0d10-41bb-b8eb-61c35e8b431f', '190.42', '0.00', '0.00', '190.42', '2025-11-15 13:55:18', '2025-11-15 13:55:18', NULL, '0.00'),
(279, NULL, '7281bd98-7808-429a-8ef4-e7693caa05e1', '54.95', '0.00', '0.00', '54.95', '2025-11-15 13:55:19', '2025-11-15 13:55:19', NULL, '0.00'),
(280, NULL, '579687dc-f8d0-4a7b-a91f-78eb91f348ec', '15.96', '0.00', '0.00', '15.96', '2025-11-15 13:55:21', '2025-11-15 13:55:21', NULL, '0.00'),
(281, NULL, '50450e14-2d06-4a20-b1e2-1aa174353631', '181.12', '0.00', '0.00', '181.12', '2025-11-15 13:55:22', '2025-11-15 13:55:22', NULL, '0.00'),
(282, NULL, 'f6a8660f-df39-40cb-9b87-aba0b16fa9e0', '22.77', '0.00', '0.00', '22.77', '2025-11-15 13:55:25', '2025-11-15 13:55:25', NULL, '0.00'),
(283, NULL, '177e0449-568d-4a9b-92e4-5fe1460bd446', '0.00', '0.00', '0.00', '0.00', '2025-11-15 13:57:05', '2025-11-15 13:57:05', NULL, '0.00'),
(284, NULL, 'd59cb06b-aedd-4dde-a238-d9f584d177bc', '0.00', '0.00', '0.00', '0.00', '2025-11-15 13:57:05', '2025-11-15 13:57:05', NULL, '0.00'),
(285, NULL, 'b267e1ae-9ecc-43c8-9376-ed6933a332ef', '190.42', '0.00', '0.00', '190.42', '2025-11-15 13:57:07', '2025-11-15 13:57:07', NULL, '0.00'),
(286, NULL, '48e26c5b-fa51-49af-b5e7-6afe067e01dd', '54.95', '0.00', '0.00', '54.95', '2025-11-15 13:57:08', '2025-11-15 13:57:08', NULL, '0.00'),
(287, NULL, 'e4fd0cf1-3d6e-4c8f-a46d-6a74d754b2e0', '15.96', '0.00', '0.00', '15.96', '2025-11-15 13:57:10', '2025-11-15 13:57:10', NULL, '0.00'),
(288, NULL, '70665f11-ee23-4944-830f-54160f95e127', '22.77', '0.00', '0.00', '22.77', '2025-11-15 13:57:11', '2025-11-15 13:57:11', NULL, '0.00'),
(289, NULL, '8e9e25c9-77ac-4bd5-896d-8b7f1cb61ccd', '33.10', '0.00', '0.00', '33.10', '2025-11-15 13:57:12', '2025-11-15 13:57:12', NULL, '0.00'),
(290, NULL, 'b05c1a1e-3c9f-433d-8240-c708e01e4b0a', '0.00', '0.00', '0.00', '0.00', '2025-11-15 14:06:25', '2025-11-15 14:06:25', NULL, '0.00'),
(291, NULL, '3289ecf5-e5fa-41af-b088-8e55c6703c03', '190.42', '0.00', '0.00', '190.42', '2025-11-15 14:06:27', '2025-11-15 14:06:27', NULL, '0.00'),
(292, NULL, '6e0e8d89-094b-4712-9681-40112ac4ae2c', '54.95', '0.00', '0.00', '54.95', '2025-11-15 14:06:28', '2025-11-15 14:06:28', NULL, '0.00'),
(293, NULL, '47284ad1-78f8-42be-8e80-c5483082b10d', '190.42', '0.00', '0.00', '190.42', '2025-11-15 14:06:30', '2025-11-15 14:06:30', NULL, '0.00'),
(294, NULL, 'df1bef75-6a1f-4141-8863-0d1180ab1df3', '54.95', '0.00', '0.00', '54.95', '2025-11-15 14:06:31', '2025-11-15 14:06:31', NULL, '0.00'),
(295, NULL, '9d428ef5-ff22-4185-b0b0-dc47ecaa5032', '63.84', '0.00', '0.00', '63.84', '2025-11-15 14:06:34', '2025-11-15 14:06:38', NULL, '0.00'),
(296, NULL, 'b3e7a5f3-ea17-48ee-a673-7f2393f52c3b', '0.00', '0.00', '0.00', '0.00', '2025-11-15 14:06:41', '2025-11-15 14:06:41', NULL, '0.00'),
(297, NULL, '44604d61-a32c-4b00-918c-d72886a4f928', '0.00', '0.00', '0.00', '0.00', '2025-11-15 14:12:24', '2025-11-15 14:12:24', NULL, '0.00'),
(298, NULL, '51fd7517-fa7d-43a2-8cb2-a28289c37fe1', '190.42', '0.00', '0.00', '190.42', '2025-11-15 14:12:26', '2025-11-15 14:12:26', NULL, '0.00'),
(299, NULL, '540c03f0-4a05-49b9-ab42-a5bc03865942', '54.95', '0.00', '0.00', '54.95', '2025-11-15 14:12:27', '2025-11-15 14:12:27', NULL, '0.00'),
(300, NULL, 'b0e12ecd-193c-4e68-8434-11e0bf09fdb8', '15.96', '0.00', '0.00', '15.96', '2025-11-15 14:12:32', '2025-11-15 14:12:32', NULL, '0.00'),
(301, NULL, 'adadf159-d2c7-445a-8bba-52194d202795', '0.00', '0.00', '0.00', '0.00', '2025-11-15 14:12:36', '2025-11-15 14:12:36', NULL, '0.00'),
(302, NULL, '502db8af-015b-479d-b67c-d3dba1250245', '15.96', '0.00', '0.00', '15.96', '2025-11-15 14:12:38', '2025-11-15 14:12:38', NULL, '0.00'),
(303, NULL, '1e0fd18c-7bca-47ae-85cf-a080cb6d6782', '0.00', '0.00', '0.00', '0.00', '2025-11-15 14:12:39', '2025-11-15 14:12:39', NULL, '0.00'),
(304, NULL, '3ba355fc-46e5-4c12-8e12-0fcbf5b1ee93', '0.00', '0.00', '0.00', '0.00', '2025-11-15 14:14:37', '2025-11-15 14:14:37', NULL, '0.00'),
(305, NULL, '9f7e2acb-aa22-4ecf-9e7f-f79a37af635f', '190.42', '0.00', '0.00', '190.42', '2025-11-15 14:14:38', '2025-11-15 14:14:38', NULL, '0.00'),
(306, NULL, 'a411bcb1-d701-4f2f-b878-9833e78a791d', '54.95', '0.00', '0.00', '54.95', '2025-11-15 14:14:39', '2025-11-15 14:14:39', NULL, '0.00'),
(307, NULL, '75c53d20-f3a6-42f1-836f-8d4b8f861ddb', '15.96', '0.00', '0.00', '15.96', '2025-11-15 14:14:41', '2025-11-15 14:14:41', NULL, '0.00'),
(308, NULL, '102edf92-9b27-4e80-b0ff-22d2d6b13243', '181.12', '0.00', '0.00', '181.12', '2025-11-15 14:14:42', '2025-11-15 14:14:42', NULL, '0.00'),
(309, NULL, 'ec597637-8a4c-478a-a3d5-411939d13d0c', '0.00', '0.00', '0.00', '0.00', '2025-11-15 14:14:45', '2025-11-15 14:14:45', NULL, '0.00'),
(310, NULL, '499457df-4abd-49c1-98be-c9a1f28767c2', '0.00', '0.00', '0.00', '0.00', '2025-11-15 14:14:57', '2025-11-15 14:14:57', NULL, '0.00'),
(311, NULL, '0acc565b-c460-4528-a77e-0c14c5cbf668', '190.42', '0.00', '0.00', '190.42', '2025-11-15 14:15:01', '2025-11-15 14:15:01', NULL, '0.00'),
(312, NULL, 'c48a140a-28d2-4287-8980-ca80b7758d81', '0.00', '0.00', '0.00', '0.00', '2025-11-15 14:15:04', '2025-11-15 14:15:04', NULL, '0.00'),
(313, NULL, 'acd72aed-3072-4840-92ad-06073ec1fa99', '0.00', '0.00', '0.00', '0.00', '2025-11-15 14:16:26', '2025-11-15 14:16:26', NULL, '0.00'),
(314, NULL, '5f91c1d9-f66a-4640-9b27-7b12f892b76f', '190.42', '0.00', '0.00', '190.42', '2025-11-15 14:16:28', '2025-11-15 14:16:28', NULL, '0.00'),
(315, NULL, '2a8a4a1f-ec9e-49e8-bb2b-c8a1ed0b9663', '54.95', '0.00', '0.00', '54.95', '2025-11-15 14:16:30', '2025-11-15 14:16:30', NULL, '0.00'),
(316, NULL, '7ef749c5-7ba4-4fa2-953e-e9200e68e2c7', '0.00', '0.00', '0.00', '0.00', '2025-11-15 14:16:34', '2025-11-15 14:16:34', NULL, '0.00'),
(317, NULL, 'aac30299-c53f-4cd6-9e67-bab80582937d', '0.00', '0.00', '0.00', '0.00', '2025-11-15 14:16:48', '2025-11-15 14:16:48', NULL, '0.00'),
(318, NULL, '5127b1d0-5f1f-4584-b037-8ebfc3867bfc', '190.42', '0.00', '0.00', '190.42', '2025-11-15 14:16:50', '2025-11-15 14:16:50', NULL, '0.00'),
(319, NULL, '239a3616-4982-4d9d-ab5f-82792809a581', '54.95', '0.00', '0.00', '54.95', '2025-11-15 14:16:51', '2025-11-15 14:16:51', NULL, '0.00'),
(320, NULL, '4fc51b85-fadd-47b7-af21-47a0a8cf6b64', '0.00', '0.00', '0.00', '0.00', '2025-11-15 14:16:56', '2025-11-15 14:16:56', NULL, '0.00'),
(321, NULL, '4fc51606-8ed0-423a-a066-61e2414cd237', '0.00', '0.00', '0.00', '0.00', '2025-11-15 14:16:56', '2025-11-15 14:16:56', NULL, '0.00'),
(322, NULL, '39db55fa-67c3-4823-8213-692fc869a793', '0.00', '0.00', '0.00', '0.00', '2025-11-15 14:16:57', '2025-11-15 14:16:57', NULL, '0.00'),
(323, NULL, 'da0720f2-94ad-4cf4-b4fb-4c06c8990e7d', '0.00', '0.00', '0.00', '0.00', '2025-11-15 14:17:08', '2025-11-15 14:17:08', NULL, '0.00'),
(324, NULL, 'ba492b1e-0b3f-4be3-8806-5754e0d4cd0d', '190.42', '0.00', '0.00', '190.42', '2025-11-15 14:17:11', '2025-11-15 14:17:11', NULL, '0.00'),
(325, NULL, 'acc00cbd-b4c3-4c5e-b972-38150076aee3', '0.00', '0.00', '0.00', '0.00', '2025-11-15 14:17:11', '2025-11-15 14:17:11', NULL, '0.00'),
(326, NULL, '9e5a54fd-8d72-4d0d-80be-e92aff16e087', '0.00', '0.00', '0.00', '0.00', '2025-11-15 14:17:12', '2025-11-15 14:17:12', NULL, '0.00'),
(327, NULL, '9def9af2-eace-47a4-9830-21e081afd8c5', '0.00', '0.00', '0.00', '0.00', '2025-11-15 14:17:13', '2025-11-15 14:17:13', NULL, '0.00'),
(328, NULL, '36093e81-198d-47e2-9be6-e52d181f3110', '190.42', '0.00', '0.00', '190.42', '2025-11-15 14:17:14', '2025-11-15 14:17:14', NULL, '0.00'),
(329, NULL, 'b34cbb0a-ef13-4414-9d2a-1e1811527af4', '0.00', '0.00', '0.00', '0.00', '2025-11-15 14:17:14', '2025-11-15 14:17:14', NULL, '0.00'),
(330, NULL, 'b12d9f84-2c75-41b7-aac9-3056895ec782', '0.00', '0.00', '0.00', '0.00', '2025-11-15 14:17:15', '2025-11-15 14:17:15', NULL, '0.00'),
(331, NULL, '22151034-9e86-41cc-8979-6b1937aeda95', '0.00', '0.00', '0.00', '0.00', '2025-11-15 14:17:16', '2025-11-15 14:17:16', NULL, '0.00'),
(332, NULL, '0ac31122-4a92-4fc2-8471-9f4ba8ef4853', '190.42', '0.00', '0.00', '190.42', '2025-11-15 14:17:21', '2025-11-15 14:17:21', NULL, '0.00'),
(333, NULL, 'fe2305c6-2c06-4779-875b-84a12932beb7', '0.00', '0.00', '0.00', '0.00', '2025-11-15 14:17:22', '2025-11-15 14:17:22', NULL, '0.00'),
(334, NULL, 'c7d03982-81a0-40c8-9a44-6cac2bcb2328', '0.00', '0.00', '0.00', '0.00', '2025-11-15 14:17:23', '2025-11-15 14:17:23', NULL, '0.00'),
(335, NULL, 'c013f0ad-9511-4b41-9074-4d743297c9c4', '0.00', '0.00', '0.00', '0.00', '2025-11-15 14:17:23', '2025-11-15 14:17:23', NULL, '0.00'),
(336, NULL, 'c99ec66d-2762-46f4-af3e-17efc7bf9189', '190.42', '0.00', '0.00', '190.42', '2025-11-15 14:17:25', '2025-11-15 14:17:25', NULL, '0.00'),
(337, NULL, '601fafb7-d05b-47b8-b4e3-b4e085a74f95', '54.95', '0.00', '0.00', '54.95', '2025-11-15 14:17:26', '2025-11-15 14:17:26', NULL, '0.00'),
(338, NULL, 'a4642339-bf25-4129-ad99-8183936bfc2c', '0.00', '0.00', '0.00', '0.00', '2025-11-15 14:18:19', '2025-11-15 14:18:19', NULL, '0.00'),
(339, NULL, '6b209ac5-e848-4053-881c-94ad1795d1d2', '190.42', '0.00', '0.00', '190.42', '2025-11-15 14:18:33', '2025-11-15 14:18:33', NULL, '0.00'),
(340, NULL, '1cc3e4a5-5e0c-439a-a09a-ba9e309ac3e1', '54.95', '0.00', '0.00', '54.95', '2025-11-15 14:18:35', '2025-11-15 14:18:35', NULL, '0.00'),
(341, NULL, '5c34e59d-5a79-4cd6-a9b6-7d5cdedce0a1', '15.96', '0.00', '0.00', '15.96', '2025-11-15 14:18:51', '2025-11-15 14:18:51', NULL, '0.00'),
(342, NULL, '3e88d359-cfd5-449d-9cc6-a95465f7ed10', '181.12', '0.00', '0.00', '181.12', '2025-11-15 14:18:55', '2025-11-15 14:18:55', NULL, '0.00'),
(343, NULL, '1fdf14e0-a5be-4b20-8402-cc06e6b9013e', '0.00', '0.00', '0.00', '0.00', '2025-11-15 14:19:01', '2025-11-15 14:19:01', NULL, '0.00'),
(344, NULL, '409c1498-17d2-446f-9af0-b9466272c4c0', '190.42', '0.00', '0.00', '190.42', '2025-11-15 14:19:03', '2025-11-15 14:19:03', NULL, '0.00'),
(345, NULL, '2ddab434-3715-4bad-9ee5-cd3546d15ce8', '54.95', '0.00', '0.00', '54.95', '2025-11-15 14:19:10', '2025-11-15 14:19:10', NULL, '0.00'),
(346, NULL, 'b8212270-ec86-418a-bc41-5e1220b2f4d6', '190.42', '0.00', '0.00', '190.42', '2025-11-15 14:19:19', '2025-11-15 14:19:19', NULL, '0.00');
INSERT INTO `carts` (`id`, `user_id`, `session_id`, `subtotal`, `discount_total`, `tax_total`, `grand_total`, `created_at`, `updated_at`, `coupon_id`, `coupon_discount`) VALUES
(347, NULL, '9aa3ac72-ca13-497f-af1e-1883a59b19ec', '54.95', '0.00', '0.00', '54.95', '2025-11-15 14:19:58', '2025-11-15 14:19:58', NULL, '0.00'),
(348, NULL, '2551f3d4-bce6-42fc-a210-fd00df34ec60', '0.00', '0.00', '0.00', '0.00', '2025-11-15 14:22:24', '2025-11-15 14:22:24', NULL, '0.00'),
(349, NULL, '05ccacd2-2007-4be2-bde6-64a569f43348', '190.42', '0.00', '0.00', '190.42', '2025-11-15 14:22:33', '2025-11-15 14:22:33', NULL, '0.00'),
(350, NULL, '8fc53732-6e6a-4cbe-ace4-beafb56d5be4', '54.95', '0.00', '0.00', '54.95', '2025-11-15 14:22:35', '2025-11-15 14:22:35', NULL, '0.00'),
(351, NULL, 'd55db4f8-4b2c-42ed-ab19-e28b289c249f', '190.42', '0.00', '0.00', '190.42', '2025-11-15 14:23:05', '2025-11-15 14:23:05', NULL, '0.00'),
(352, NULL, '2c798d5b-745f-4552-8e16-09850339072b', '0.00', '0.00', '0.00', '0.00', '2025-11-15 14:26:55', '2025-11-15 14:26:55', NULL, '0.00'),
(353, NULL, '24b23dac-597b-4d7d-9334-70f939693dc2', '190.42', '0.00', '0.00', '190.42', '2025-11-15 14:27:04', '2025-11-15 14:27:04', NULL, '0.00'),
(354, NULL, 'eef9a16c-6091-4c64-ab28-1f61078a587f', '54.95', '0.00', '0.00', '54.95', '2025-11-15 14:27:07', '2025-11-15 14:27:07', NULL, '0.00'),
(355, NULL, '51b1b34f-ec41-4591-a796-c858e50441bf', '15.96', '0.00', '0.00', '15.96', '2025-11-15 14:27:51', '2025-11-15 14:27:51', NULL, '0.00'),
(356, NULL, '081ba9ad-406b-40d2-8839-75d39f4cd1b1', '0.00', '0.00', '0.00', '0.00', '2025-11-15 14:27:51', '2025-11-15 14:27:51', NULL, '0.00'),
(357, NULL, 'd71f6efc-fc67-4657-8018-d2aed4a4c7ca', '0.00', '0.00', '0.00', '0.00', '2025-11-15 14:27:52', '2025-11-15 14:27:52', NULL, '0.00'),
(358, NULL, 'aaa5317f-5cdb-46c1-99a3-6512dd54a8c3', '0.00', '0.00', '0.00', '0.00', '2025-11-15 14:27:53', '2025-11-15 14:27:53', NULL, '0.00'),
(359, NULL, 'df734237-e7c2-49d5-8bca-282e875dd1da', '15.96', '0.00', '0.00', '15.96', '2025-11-15 14:27:59', '2025-11-15 14:27:59', NULL, '0.00'),
(360, NULL, '329bf454-da64-4d7d-8203-9be30673f53c', '0.00', '0.00', '0.00', '0.00', '2025-11-15 14:27:59', '2025-11-15 14:27:59', NULL, '0.00'),
(361, NULL, '05ef6a26-658e-42ca-910b-c2702adb8414', '0.00', '0.00', '0.00', '0.00', '2025-11-15 14:28:00', '2025-11-15 14:28:00', NULL, '0.00'),
(362, NULL, 'f2addf05-dd71-4d5a-8095-8bf936d68358', '0.00', '0.00', '0.00', '0.00', '2025-11-15 14:28:01', '2025-11-15 14:28:01', NULL, '0.00'),
(363, NULL, '133c0388-1efa-40ea-aff3-dbd04d3cc35c', '0.00', '0.00', '0.00', '0.00', '2025-11-15 14:28:23', '2025-11-15 14:28:23', NULL, '0.00'),
(364, NULL, '018fc2b2-45b7-40d8-9ab5-db3712cc4d47', '0.00', '0.00', '0.00', '0.00', '2025-11-15 14:28:27', '2025-11-15 14:28:27', NULL, '0.00'),
(365, NULL, 'ff94f8b0-034c-42a8-a698-88436056bf6f', '0.00', '0.00', '0.00', '0.00', '2025-11-15 14:31:01', '2025-11-15 14:31:01', NULL, '0.00'),
(366, NULL, '1491bb35-9ade-4a63-9204-ee97d0708338', '190.42', '0.00', '0.00', '190.42', '2025-11-15 14:31:04', '2025-11-15 14:31:04', NULL, '0.00'),
(367, NULL, 'aa2b4a2a-b51f-45e2-afae-8f2581a34d8c', '54.95', '0.00', '0.00', '54.95', '2025-11-15 14:31:04', '2025-11-15 14:31:04', NULL, '0.00'),
(368, NULL, 'b1a50952-b3d9-4693-ac08-6b478f2017e0', '190.42', '0.00', '0.00', '190.42', '2025-11-15 14:31:10', '2025-11-15 14:31:10', NULL, '0.00'),
(369, NULL, '6c81b8ab-3086-431d-a540-4ec3a22b0c01', '0.00', '0.00', '0.00', '0.00', '2025-11-15 14:31:13', '2025-11-15 14:31:13', NULL, '0.00'),
(370, NULL, '5c708de7-f7e4-42ef-a131-87e792ffa8b7', '190.42', '0.00', '0.00', '190.42', '2025-11-15 14:31:22', '2025-11-15 14:31:22', NULL, '0.00'),
(371, NULL, '9d5874c0-b73b-46de-bb86-3f9d00c45caa', '54.95', '0.00', '0.00', '54.95', '2025-11-15 14:31:23', '2025-11-15 14:31:23', NULL, '0.00'),
(372, NULL, 'b89a84b3-c2be-4011-babe-c88cf937f82a', '0.00', '0.00', '0.00', '0.00', '2025-11-15 14:34:22', '2025-11-15 14:34:22', NULL, '0.00'),
(373, NULL, '2cf95a5d-a6aa-46b6-805a-ea5a00950f34', '190.42', '0.00', '0.00', '190.42', '2025-11-15 14:34:25', '2025-11-15 14:34:25', NULL, '0.00'),
(374, NULL, 'c4cc809a-8a12-4940-9d0b-a7c3adeccf63', '54.95', '0.00', '0.00', '54.95', '2025-11-15 14:34:26', '2025-11-15 14:34:26', NULL, '0.00'),
(375, NULL, 'bc40826b-d11e-4841-9b8f-290c41924983', '0.00', '0.00', '0.00', '0.00', '2025-11-15 14:34:34', '2025-11-15 14:34:34', NULL, '0.00'),
(376, NULL, 'fc39ebf9-1640-4af4-8262-c61a17c9139d', '0.00', '0.00', '0.00', '0.00', '2025-11-15 14:34:43', '2025-11-15 14:34:43', NULL, '0.00'),
(377, NULL, '0ece8894-bf8f-4b65-9449-5cecd3673098', '190.42', '0.00', '0.00', '190.42', '2025-11-15 14:34:46', '2025-11-15 14:34:46', NULL, '0.00'),
(378, NULL, '257c8d8b-ef4a-403e-b468-edd2c81ca7c4', '0.00', '0.00', '0.00', '0.00', '2025-11-15 14:34:54', '2025-11-15 14:34:54', NULL, '0.00'),
(379, NULL, '5424d99a-5d61-430c-bb25-c948092afffe', '0.00', '0.00', '0.00', '0.00', '2025-11-15 14:39:56', '2025-11-15 14:39:56', NULL, '0.00'),
(380, NULL, '35c9dade-02e1-450c-8d41-2068a9adec10', '190.42', '0.00', '0.00', '190.42', '2025-11-15 14:39:59', '2025-11-15 14:39:59', NULL, '0.00'),
(381, NULL, '2e55972d-4a7e-4e40-a77a-8c649e0098be', '0.00', '0.00', '0.00', '0.00', '2025-11-15 14:40:00', '2025-11-15 14:40:04', NULL, '0.00'),
(382, NULL, '6289eef1-c55c-415f-b653-7b68c22bb1d7', '54.95', '0.00', '0.00', '54.95', '2025-11-15 14:40:06', '2025-11-15 14:40:06', NULL, '0.00'),
(383, NULL, 'f9a35fec-a6dd-4a89-a316-d87babce39f3', '0.00', '0.00', '0.00', '0.00', '2025-11-15 14:40:06', '2025-11-15 14:40:06', NULL, '0.00'),
(384, NULL, '55970187-34a7-48ef-b9c7-c1bb8872afca', '54.95', '0.00', '0.00', '54.95', '2025-11-15 14:40:14', '2025-11-15 14:40:14', NULL, '0.00'),
(385, NULL, '8af668a8-2f66-4de7-8fec-0dadca30f686', '0.00', '0.00', '0.00', '0.00', '2025-11-15 14:40:15', '2025-11-15 14:40:15', NULL, '0.00'),
(386, NULL, '3153de56-9e36-473f-89cb-5ec19aa5dfd6', '0.00', '0.00', '0.00', '0.00', '2025-11-15 14:40:20', '2025-11-15 14:40:20', NULL, '0.00'),
(387, NULL, '70251916-e70a-4246-ab96-73399cd3731a', '54.95', '0.00', '0.00', '54.95', '2025-11-15 14:40:23', '2025-11-15 14:40:23', NULL, '0.00'),
(388, NULL, 'fa6229f4-a56e-45e4-9fb9-8fc5c963a6bc', '0.00', '0.00', '0.00', '0.00', '2025-11-15 14:40:25', '2025-11-15 14:40:25', NULL, '0.00'),
(389, NULL, 'ff1cbd64-de16-4ad7-9958-6a16322337f4', '0.00', '0.00', '0.00', '0.00', '2025-11-15 14:40:32', '2025-11-15 14:40:32', NULL, '0.00'),
(390, NULL, '32da06fc-6770-48d5-870d-b7b66a5b05c9', '190.42', '0.00', '0.00', '190.42', '2025-11-15 14:40:36', '2025-11-15 14:40:36', NULL, '0.00'),
(391, NULL, '4080f3bd-3ad5-490e-bc6a-4e4b409b18d2', '54.95', '0.00', '0.00', '54.95', '2025-11-15 14:40:37', '2025-11-15 14:40:37', NULL, '0.00'),
(392, NULL, '924adad9-adcd-4140-9a72-c773d95999f9', '0.00', '0.00', '0.00', '0.00', '2025-11-15 14:40:41', '2025-11-15 14:40:41', NULL, '0.00'),
(393, NULL, 'fc06f291-f2e8-4ac9-a78a-f71bc093eebb', '0.00', '0.00', '0.00', '0.00', '2025-11-15 14:40:46', '2025-11-15 14:40:46', NULL, '0.00'),
(394, NULL, 'b11b87d0-3f33-42ae-83d9-f92ef5730a4a', '0.00', '0.00', '0.00', '0.00', '2025-11-15 14:40:56', '2025-11-15 14:40:56', NULL, '0.00'),
(395, NULL, '27745339-738c-4ac7-8101-c883dad3c155', '0.00', '0.00', '0.00', '0.00', '2025-11-15 14:44:35', '2025-11-15 14:44:35', NULL, '0.00'),
(396, NULL, '03715c7a-33b6-4562-b004-89ae62082738', '190.42', '0.00', '0.00', '190.42', '2025-11-15 14:44:42', '2025-11-15 14:44:42', NULL, '0.00'),
(397, NULL, 'c8d0a470-c1f1-45cf-8973-a353220ad804', '54.95', '0.00', '0.00', '54.95', '2025-11-15 14:44:43', '2025-11-15 14:44:43', NULL, '0.00'),
(398, NULL, '2d7f6930-0777-4c0c-b949-54e1319a9cff', '0.00', '0.00', '0.00', '0.00', '2025-11-15 14:44:46', '2025-11-15 14:44:46', NULL, '0.00'),
(399, NULL, 'ffb26756-7899-456a-b267-3a31a6c7dc14', '125.41', '0.00', '0.00', '125.41', '2025-11-15 14:56:20', '2025-11-15 14:59:06', NULL, '0.00'),
(400, NULL, '888c7714-9743-4d8c-85b5-3231509bc8c3', '0.00', '0.00', '0.00', '0.00', '2025-11-15 15:15:33', '2025-11-15 15:15:33', NULL, '0.00'),
(401, NULL, 'f8d4d26c-405d-4f74-ba65-9fda0b481d0d', '0.00', '0.00', '0.00', '0.00', '2025-11-15 15:15:34', '2025-11-15 15:15:34', NULL, '0.00'),
(403, NULL, '5266bb24-19cc-44df-8073-e702c1a7adad', '0.00', '0.00', '0.00', '0.00', '2025-11-29 14:22:54', '2025-11-29 14:22:54', NULL, '0.00'),
(407, NULL, '69a72998-e92d-48a5-95a2-762ff1082e8e', '213.16', '0.00', '50.00', '263.16', '2025-11-29 15:43:31', '2025-11-29 15:43:31', NULL, '0.00'),
(419, 2, NULL, '210.09', '0.00', '50.00', '260.09', '2025-11-29 17:07:59', '2025-11-29 17:27:44', NULL, '0.00');

-- --------------------------------------------------------

--
-- Table structure for table `cart_items`
--

CREATE TABLE `cart_items` (
  `id` bigint UNSIGNED NOT NULL,
  `cart_id` bigint UNSIGNED NOT NULL,
  `product_id` bigint UNSIGNED NOT NULL,
  `quantity` int UNSIGNED NOT NULL DEFAULT '1',
  `unit_price` decimal(10,2) NOT NULL,
  `line_total` decimal(10,2) NOT NULL,
  `created_at` timestamp NULL DEFAULT NULL,
  `updated_at` timestamp NULL DEFAULT NULL
) ENGINE=InnoDB DEFAULT CHARSET=utf8mb4 COLLATE=utf8mb4_unicode_ci;

--
-- Dumping data for table `cart_items`
--

INSERT INTO `cart_items` (`id`, `cart_id`, `product_id`, `quantity`, `unit_price`, `line_total`, `created_at`, `updated_at`) VALUES
(8, 4, 64, 2, '112.07', '224.14', '2025-11-08 11:01:47', '2025-11-08 11:01:51'),
(9, 5, 63, 1, '13.34', '13.34', '2025-11-08 11:03:30', '2025-11-08 11:03:30'),
(10, 5, 64, 1, '112.07', '112.07', '2025-11-08 11:03:32', '2025-11-08 11:03:32'),
(11, 5, 66, 1, '161.94', '161.94', '2025-11-08 11:03:33', '2025-11-08 11:03:33'),
(12, 5, 55, 1, '190.42', '190.42', '2025-11-08 11:03:34', '2025-11-08 11:03:34'),
(13, 5, 26, 1, '104.94', '104.94', '2025-11-08 11:03:35', '2025-11-08 11:03:35'),
(14, 5, 70, 1, '64.97', '64.97', '2025-11-08 11:03:36', '2025-11-08 11:03:36'),
(15, 5, 15, 1, '213.16', '213.16', '2025-11-08 11:03:37', '2025-11-08 11:03:37'),
(16, 5, 24, 1, '123.51', '123.51', '2025-11-08 11:03:38', '2025-11-08 11:03:38'),
(76, 7, 56, 1, '54.95', '54.95', '2025-11-08 14:02:17', '2025-11-08 14:02:17'),
(77, 7, 55, 1, '190.42', '190.42', '2025-11-08 14:02:18', '2025-11-08 14:02:18'),
(84, 3, 63, 1, '13.34', '13.34', '2025-11-08 16:24:23', '2025-11-08 16:24:23'),
(85, 3, 55, 1, '190.42', '190.42', '2025-11-08 16:24:24', '2025-11-08 16:24:24'),
(86, 3, 64, 1, '112.07', '112.07', '2025-11-08 16:24:24', '2025-11-08 16:24:24'),
(87, 3, 66, 1, '161.94', '161.94', '2025-11-08 16:24:25', '2025-11-08 16:24:25'),
(88, 9, 58, 1, '181.12', '181.12', '2025-11-14 17:07:40', '2025-11-14 17:07:40'),
(89, 9, 61, 2, '22.77', '45.54', '2025-11-14 17:10:09', '2025-11-14 17:10:12'),
(90, 9, 64, 1, '112.07', '112.07', '2025-11-14 17:13:20', '2025-11-14 17:13:20'),
(91, 10, 56, 1, '54.95', '54.95', '2025-11-14 17:21:38', '2025-11-14 17:21:54'),
(92, 10, 14, 7, '153.49', '1074.43', '2025-11-14 17:22:17', '2025-11-14 17:22:17'),
(94, 11, 66, 1, '161.94', '161.94', '2025-11-14 17:23:51', '2025-11-14 17:23:51'),
(95, 11, 15, 1, '213.16', '213.16', '2025-11-14 17:23:57', '2025-11-14 17:23:57'),
(98, 12, 61, 1, '22.77', '22.77', '2025-11-14 17:27:56', '2025-11-14 17:27:56'),
(101, 11, 58, 1, '181.12', '181.12', '2025-11-14 17:29:25', '2025-11-14 17:29:25'),
(105, 13, 55, 1, '190.42', '190.42', '2025-11-14 17:31:26', '2025-11-14 17:32:04'),
(106, 14, 55, 1, '190.42', '190.42', '2025-11-14 17:37:19', '2025-11-14 17:37:19'),
(107, 14, 17, 1, '217.34', '217.34', '2025-11-14 17:37:43', '2025-11-14 17:37:43'),
(110, 15, 55, 1, '190.42', '190.42', '2025-11-14 17:46:04', '2025-11-14 17:46:04'),
(111, 15, 56, 1, '54.95', '54.95', '2025-11-14 17:47:27', '2025-11-14 17:47:27'),
(120, 16, 14, 1, '153.49', '153.49', '2025-11-14 17:55:36', '2025-11-14 17:55:36'),
(121, 18, 55, 1, '190.42', '190.42', '2025-11-14 18:09:56', '2025-11-14 18:09:56'),
(122, 19, 62, 1, '33.10', '33.10', '2025-11-14 18:10:01', '2025-11-14 18:10:01'),
(123, 20, 64, 1, '112.07', '112.07', '2025-11-14 18:10:08', '2025-11-14 18:10:08'),
(124, 23, 67, 1, '297.93', '297.93', '2025-11-14 18:10:12', '2025-11-14 18:10:12'),
(125, 26, 55, 1, '190.42', '190.42', '2025-11-14 18:31:40', '2025-11-14 18:31:40'),
(126, 27, 56, 1, '54.95', '54.95', '2025-11-14 18:31:41', '2025-11-14 18:31:41'),
(127, 28, 57, 1, '15.96', '15.96', '2025-11-14 18:31:43', '2025-11-14 18:31:43'),
(128, 29, 58, 1, '181.12', '181.12', '2025-11-14 18:31:43', '2025-11-14 18:31:43'),
(129, 30, 57, 1, '15.96', '15.96', '2025-11-14 18:31:45', '2025-11-14 18:31:45'),
(130, 31, 58, 1, '181.12', '181.12', '2025-11-14 18:31:47', '2025-11-14 18:31:47'),
(131, 32, 61, 1, '22.77', '22.77', '2025-11-14 18:31:48', '2025-11-14 18:31:48'),
(133, 34, 55, 1, '190.42', '190.42', '2025-11-14 18:32:01', '2025-11-14 18:32:01'),
(134, 35, 56, 1, '54.95', '54.95', '2025-11-14 18:32:02', '2025-11-14 18:32:02'),
(135, 36, 55, 1, '190.42', '190.42', '2025-11-14 18:32:03', '2025-11-14 18:32:03'),
(136, 38, 55, 1, '190.42', '190.42', '2025-11-14 18:52:01', '2025-11-14 18:52:01'),
(137, 40, 56, 1, '54.95', '54.95', '2025-11-14 18:52:02', '2025-11-14 18:52:02'),
(138, 42, 57, 1, '15.96', '15.96', '2025-11-14 18:52:07', '2025-11-14 18:52:07'),
(139, 44, 58, 4, '181.12', '724.48', '2025-11-14 18:52:08', '2025-11-14 18:52:13'),
(140, 52, 57, 1, '15.96', '15.96', '2025-11-14 18:52:20', '2025-11-14 18:52:20'),
(141, 54, 58, 1, '181.12', '181.12', '2025-11-14 18:52:22', '2025-11-14 18:52:22'),
(142, 56, 57, 1, '15.96', '15.96', '2025-11-14 18:52:23', '2025-11-14 18:52:23'),
(143, 58, 58, 1, '181.12', '181.12', '2025-11-14 18:52:24', '2025-11-14 18:52:24'),
(144, 60, 61, 1, '22.77', '22.77', '2025-11-14 18:52:25', '2025-11-14 18:52:25'),
(145, 62, 62, 1, '33.10', '33.10', '2025-11-14 18:52:29', '2025-11-14 18:52:29'),
(146, 65, 62, 1, '33.10', '33.10', '2025-11-14 18:52:31', '2025-11-14 18:52:31'),
(147, 68, 62, 1, '33.10', '33.10', '2025-11-14 18:52:32', '2025-11-14 18:52:32'),
(148, 71, 62, 1, '33.10', '33.10', '2025-11-14 18:52:33', '2025-11-14 18:52:33'),
(149, 74, 62, 1, '33.10', '33.10', '2025-11-14 18:52:34', '2025-11-14 18:52:34'),
(150, 78, 55, 1, '190.42', '190.42', '2025-11-14 19:03:04', '2025-11-14 19:03:04'),
(151, 79, 56, 1, '54.95', '54.95', '2025-11-14 19:03:04', '2025-11-14 19:03:04'),
(152, 81, 55, 1, '190.42', '190.42', '2025-11-14 19:12:26', '2025-11-14 19:12:26'),
(153, 82, 56, 1, '54.95', '54.95', '2025-11-14 19:12:27', '2025-11-14 19:12:27'),
(154, 83, 57, 1, '15.96', '15.96', '2025-11-14 19:12:29', '2025-11-14 19:12:29'),
(155, 84, 58, 1, '181.12', '181.12', '2025-11-14 19:12:30', '2025-11-14 19:12:30'),
(156, 86, 55, 1, '190.42', '190.42', '2025-11-14 19:15:36', '2025-11-14 19:15:36'),
(157, 87, 56, 1, '54.95', '54.95', '2025-11-14 19:15:37', '2025-11-14 19:15:37'),
(158, 88, 55, 1, '190.42', '190.42', '2025-11-14 19:15:39', '2025-11-14 19:15:39'),
(159, 89, 56, 1, '54.95', '54.95', '2025-11-14 19:15:40', '2025-11-14 19:15:40'),
(160, 90, 55, 1, '190.42', '190.42', '2025-11-14 19:15:41', '2025-11-14 19:15:41'),
(161, 92, 55, 1, '190.42', '190.42', '2025-11-14 19:23:14', '2025-11-14 19:23:14'),
(162, 95, 57, 1, '15.96', '15.96', '2025-11-14 19:23:16', '2025-11-14 19:23:16'),
(163, 98, 57, 1, '15.96', '15.96', '2025-11-14 19:23:21', '2025-11-14 19:23:21'),
(164, 101, 58, 1, '181.12', '181.12', '2025-11-14 19:23:22', '2025-11-14 19:23:22'),
(165, 105, 55, 1, '190.42', '190.42', '2025-11-14 19:34:02', '2025-11-14 19:34:02'),
(166, 108, 57, 1, '15.96', '15.96', '2025-11-14 19:34:05', '2025-11-14 19:34:05'),
(167, 113, 55, 1, '190.42', '190.42', '2025-11-14 19:37:57', '2025-11-14 19:37:57'),
(168, 116, 56, 1, '54.95', '54.95', '2025-11-14 19:38:00', '2025-11-14 19:38:00'),
(169, 119, 57, 1, '15.96', '15.96', '2025-11-14 19:38:11', '2025-11-14 19:38:11'),
(170, 122, 57, 1, '15.96', '15.96', '2025-11-14 19:38:15', '2025-11-14 19:38:15'),
(171, 126, 14, 1, '153.49', '153.49', '2025-11-14 19:38:57', '2025-11-14 19:38:57'),
(172, 129, 16, 1, '47.92', '47.92', '2025-11-14 19:38:59', '2025-11-14 19:38:59'),
(173, 132, 15, 1, '213.16', '213.16', '2025-11-14 19:39:02', '2025-11-14 19:39:02'),
(174, 135, 71, 1, '99.01', '99.01', '2025-11-14 19:39:05', '2025-11-14 19:39:05'),
(175, 140, 55, 1, '190.42', '190.42', '2025-11-14 19:39:36', '2025-11-14 19:39:36'),
(176, 145, 55, 1, '190.42', '190.42', '2025-11-14 19:42:12', '2025-11-14 19:42:12'),
(177, 147, 56, 1, '54.95', '54.95', '2025-11-14 19:42:14', '2025-11-14 19:42:14'),
(178, 149, 57, 1, '15.96', '15.96', '2025-11-14 19:42:16', '2025-11-14 19:42:16'),
(179, 151, 56, 2, '54.95', '109.90', '2025-11-14 19:42:25', '2025-11-14 19:42:29'),
(180, 156, 56, 2, '54.95', '109.90', '2025-11-14 19:42:30', '2025-11-14 19:42:32'),
(181, 163, 55, 1, '190.42', '190.42', '2025-11-14 19:46:23', '2025-11-14 19:46:23'),
(182, 164, 56, 1, '54.95', '54.95', '2025-11-14 19:46:24', '2025-11-14 19:46:24'),
(183, 165, 57, 1, '15.96', '15.96', '2025-11-14 19:46:26', '2025-11-14 19:46:26'),
(184, 166, 58, 1, '181.12', '181.12', '2025-11-14 19:46:27', '2025-11-14 19:46:27'),
(185, 167, 61, 2, '22.77', '45.54', '2025-11-14 19:46:30', '2025-11-14 19:46:33'),
(186, 171, 58, 2, '181.12', '362.24', '2025-11-14 19:46:50', '2025-11-14 19:46:53'),
(187, 175, 14, 1, '153.49', '153.49', '2025-11-14 19:48:05', '2025-11-14 19:48:05'),
(188, 176, 16, 1, '47.92', '47.92', '2025-11-14 19:48:08', '2025-11-14 19:48:08'),
(189, 177, 15, 1, '213.16', '213.16', '2025-11-14 19:48:09', '2025-11-14 19:48:09'),
(190, 180, 55, 1, '190.42', '190.42', '2025-11-14 19:59:17', '2025-11-14 19:59:17'),
(191, 181, 56, 1, '54.95', '54.95', '2025-11-14 19:59:18', '2025-11-14 19:59:18'),
(192, 182, 57, 1, '15.96', '15.96', '2025-11-14 19:59:20', '2025-11-14 19:59:20'),
(193, 183, 58, 1, '181.12', '181.12', '2025-11-14 19:59:21', '2025-11-14 19:59:21'),
(194, 184, 56, 5, '54.95', '274.75', '2025-11-14 19:59:25', '2025-11-14 19:59:44'),
(195, 186, 56, 1, '54.95', '54.95', '2025-11-14 20:00:30', '2025-11-14 20:00:30'),
(196, 187, 55, 1, '190.42', '190.42', '2025-11-14 20:00:31', '2025-11-14 20:00:31'),
(197, 188, 56, 1, '54.95', '54.95', '2025-11-14 20:00:33', '2025-11-14 20:00:33'),
(198, 190, 55, 1, '190.42', '190.42', '2025-11-14 20:00:37', '2025-11-14 20:00:37'),
(199, 193, 64, 1, '112.07', '112.07', '2025-11-14 20:00:46', '2025-11-14 20:00:46'),
(200, 197, 55, 1, '190.42', '190.42', '2025-11-14 20:01:42', '2025-11-14 20:01:42'),
(201, 198, 56, 1, '54.95', '54.95', '2025-11-14 20:01:43', '2025-11-14 20:01:43'),
(202, 199, 55, 1, '190.42', '190.42', '2025-11-14 20:01:44', '2025-11-14 20:01:44'),
(203, 200, 57, 1, '15.96', '15.96', '2025-11-14 20:01:45', '2025-11-14 20:01:45'),
(204, 201, 58, 1, '181.12', '181.12', '2025-11-14 20:01:46', '2025-11-14 20:01:51'),
(205, 202, 55, 1, '190.42', '190.42', '2025-11-14 20:01:54', '2025-11-14 20:01:54'),
(206, 205, 55, 1, '190.42', '190.42', '2025-11-14 20:03:45', '2025-11-14 20:03:45'),
(207, 206, 56, 1, '54.95', '54.95', '2025-11-14 20:03:46', '2025-11-14 20:03:46'),
(208, 207, 55, 1, '190.42', '190.42', '2025-11-14 20:03:48', '2025-11-14 20:03:48'),
(209, 208, 56, 1, '54.95', '54.95', '2025-11-14 20:03:53', '2025-11-14 20:03:53'),
(210, 209, 55, 1, '190.42', '190.42', '2025-11-14 20:03:56', '2025-11-14 20:03:56'),
(211, 212, 55, 1, '190.42', '190.42', '2025-11-14 20:07:57', '2025-11-14 20:07:57'),
(212, 213, 56, 1, '54.95', '54.95', '2025-11-14 20:07:59', '2025-11-14 20:07:59'),
(213, 214, 55, 1, '190.42', '190.42', '2025-11-14 20:08:01', '2025-11-14 20:08:01'),
(214, 215, 56, 1, '54.95', '54.95', '2025-11-14 20:11:18', '2025-11-14 20:11:18'),
(215, 216, 55, 1, '190.42', '190.42', '2025-11-14 20:11:19', '2025-11-14 20:11:19'),
(216, 219, 55, 1, '190.42', '190.42', '2025-11-14 20:12:59', '2025-11-14 20:12:59'),
(217, 220, 56, 1, '54.95', '54.95', '2025-11-14 20:13:00', '2025-11-14 20:13:00'),
(218, 221, 58, 1, '181.12', '181.12', '2025-11-14 20:13:03', '2025-11-14 20:13:03'),
(219, 222, 57, 1, '15.96', '15.96', '2025-11-14 20:13:03', '2025-11-14 20:13:03'),
(220, 225, 55, 1, '190.42', '190.42', '2025-11-14 20:30:35', '2025-11-14 20:30:35'),
(221, 226, 56, 1, '54.95', '54.95', '2025-11-14 20:30:36', '2025-11-14 20:30:36'),
(222, 227, 57, 1, '15.96', '15.96', '2025-11-14 20:30:38', '2025-11-14 20:30:38'),
(223, 228, 58, 1, '181.12', '181.12', '2025-11-14 20:30:38', '2025-11-14 20:30:38'),
(224, 231, 55, 1, '190.42', '190.42', '2025-11-14 20:33:20', '2025-11-14 20:33:20'),
(225, 232, 56, 1, '54.95', '54.95', '2025-11-14 20:33:21', '2025-11-14 20:33:21'),
(226, 233, 55, 1, '190.42', '190.42', '2025-11-14 20:33:23', '2025-11-14 20:33:23'),
(227, 235, 18, 1, '220.89', '220.89', '2025-11-14 20:34:09', '2025-11-14 20:34:09'),
(228, 236, 17, 6, '217.34', '1304.04', '2025-11-14 20:34:12', '2025-11-14 20:34:17'),
(229, 242, 55, 1, '190.42', '190.42', '2025-11-14 20:36:33', '2025-11-14 20:36:33'),
(230, 243, 56, 1, '54.95', '54.95', '2025-11-14 20:36:34', '2025-11-14 20:36:34'),
(231, 244, 58, 1, '181.12', '181.12', '2025-11-14 20:36:36', '2025-11-14 20:36:36'),
(232, 245, 57, 1, '15.96', '15.96', '2025-11-14 20:36:37', '2025-11-14 20:36:37'),
(233, 249, 55, 1, '190.42', '190.42', '2025-11-14 20:40:46', '2025-11-14 20:40:46'),
(234, 250, 56, 1, '54.95', '54.95', '2025-11-14 20:40:46', '2025-11-14 20:40:46'),
(235, 251, 58, 1, '181.12', '181.12', '2025-11-14 20:40:56', '2025-11-14 20:40:56'),
(236, 252, 57, 1, '15.96', '15.96', '2025-11-14 20:40:57', '2025-11-14 20:40:57'),
(237, 254, 58, 1, '181.12', '181.12', '2025-11-14 20:41:03', '2025-11-14 20:41:03'),
(238, 255, 57, 1, '15.96', '15.96', '2025-11-14 20:41:04', '2025-11-14 20:41:04'),
(239, 258, 55, 1, '190.42', '190.42', '2025-11-14 20:41:22', '2025-11-14 20:41:22'),
(240, 259, 56, 1, '54.95', '54.95', '2025-11-14 20:41:26', '2025-11-14 20:41:26'),
(241, 260, 61, 3, '22.77', '68.31', '2025-11-14 20:41:43', '2025-11-14 20:41:47'),
(242, 263, 55, 1, '190.42', '190.42', '2025-11-14 20:44:39', '2025-11-14 20:44:39'),
(243, 264, 56, 1, '54.95', '54.95', '2025-11-14 20:44:40', '2025-11-14 20:44:40'),
(244, 268, 55, 1, '190.42', '190.42', '2025-11-15 13:52:31', '2025-11-15 13:52:31'),
(245, 269, 56, 1, '54.95', '54.95', '2025-11-15 13:52:32', '2025-11-15 13:52:32'),
(246, 270, 57, 1, '15.96', '15.96', '2025-11-15 13:52:34', '2025-11-15 13:52:34'),
(247, 271, 58, 1, '181.12', '181.12', '2025-11-15 13:52:36', '2025-11-15 13:52:36'),
(248, 272, 57, 3, '15.96', '47.88', '2025-11-15 13:52:37', '2025-11-15 13:53:47'),
(249, 276, 55, 1, '190.42', '190.42', '2025-11-15 13:55:15', '2025-11-15 13:55:15'),
(250, 277, 56, 1, '54.95', '54.95', '2025-11-15 13:55:16', '2025-11-15 13:55:16'),
(251, 278, 55, 1, '190.42', '190.42', '2025-11-15 13:55:18', '2025-11-15 13:55:18'),
(252, 279, 56, 1, '54.95', '54.95', '2025-11-15 13:55:19', '2025-11-15 13:55:19'),
(253, 280, 57, 1, '15.96', '15.96', '2025-11-15 13:55:21', '2025-11-15 13:55:21'),
(254, 281, 58, 1, '181.12', '181.12', '2025-11-15 13:55:22', '2025-11-15 13:55:22'),
(255, 282, 61, 1, '22.77', '22.77', '2025-11-15 13:55:25', '2025-11-15 13:55:25'),
(256, 285, 55, 1, '190.42', '190.42', '2025-11-15 13:57:07', '2025-11-15 13:57:07'),
(257, 286, 56, 1, '54.95', '54.95', '2025-11-15 13:57:08', '2025-11-15 13:57:08'),
(258, 287, 57, 1, '15.96', '15.96', '2025-11-15 13:57:10', '2025-11-15 13:57:10'),
(259, 288, 61, 1, '22.77', '22.77', '2025-11-15 13:57:11', '2025-11-15 13:57:11'),
(260, 289, 62, 1, '33.10', '33.10', '2025-11-15 13:57:12', '2025-11-15 13:57:12'),
(261, 291, 55, 1, '190.42', '190.42', '2025-11-15 14:06:27', '2025-11-15 14:06:27'),
(262, 292, 56, 1, '54.95', '54.95', '2025-11-15 14:06:28', '2025-11-15 14:06:28'),
(263, 293, 55, 1, '190.42', '190.42', '2025-11-15 14:06:30', '2025-11-15 14:06:30'),
(264, 294, 56, 1, '54.95', '54.95', '2025-11-15 14:06:31', '2025-11-15 14:06:31'),
(265, 295, 57, 4, '15.96', '63.84', '2025-11-15 14:06:34', '2025-11-15 14:06:38'),
(266, 298, 55, 1, '190.42', '190.42', '2025-11-15 14:12:26', '2025-11-15 14:12:26'),
(267, 299, 56, 1, '54.95', '54.95', '2025-11-15 14:12:27', '2025-11-15 14:12:27'),
(268, 300, 57, 1, '15.96', '15.96', '2025-11-15 14:12:32', '2025-11-15 14:12:32'),
(269, 302, 57, 1, '15.96', '15.96', '2025-11-15 14:12:38', '2025-11-15 14:12:38'),
(270, 305, 55, 1, '190.42', '190.42', '2025-11-15 14:14:38', '2025-11-15 14:14:38'),
(271, 306, 56, 1, '54.95', '54.95', '2025-11-15 14:14:39', '2025-11-15 14:14:39'),
(272, 307, 57, 1, '15.96', '15.96', '2025-11-15 14:14:41', '2025-11-15 14:14:41'),
(273, 308, 58, 1, '181.12', '181.12', '2025-11-15 14:14:42', '2025-11-15 14:14:42'),
(274, 311, 55, 1, '190.42', '190.42', '2025-11-15 14:15:01', '2025-11-15 14:15:01'),
(275, 314, 55, 1, '190.42', '190.42', '2025-11-15 14:16:28', '2025-11-15 14:16:28'),
(276, 315, 56, 1, '54.95', '54.95', '2025-11-15 14:16:30', '2025-11-15 14:16:30'),
(277, 318, 55, 1, '190.42', '190.42', '2025-11-15 14:16:50', '2025-11-15 14:16:50'),
(278, 319, 56, 1, '54.95', '54.95', '2025-11-15 14:16:51', '2025-11-15 14:16:51'),
(279, 324, 55, 1, '190.42', '190.42', '2025-11-15 14:17:11', '2025-11-15 14:17:11'),
(280, 328, 55, 1, '190.42', '190.42', '2025-11-15 14:17:14', '2025-11-15 14:17:14'),
(281, 332, 55, 1, '190.42', '190.42', '2025-11-15 14:17:21', '2025-11-15 14:17:21'),
(282, 336, 55, 1, '190.42', '190.42', '2025-11-15 14:17:25', '2025-11-15 14:17:25'),
(283, 337, 56, 1, '54.95', '54.95', '2025-11-15 14:17:26', '2025-11-15 14:17:26'),
(284, 339, 55, 1, '190.42', '190.42', '2025-11-15 14:18:33', '2025-11-15 14:18:33'),
(285, 340, 56, 1, '54.95', '54.95', '2025-11-15 14:18:35', '2025-11-15 14:18:35'),
(286, 341, 57, 1, '15.96', '15.96', '2025-11-15 14:18:51', '2025-11-15 14:18:51'),
(287, 342, 58, 1, '181.12', '181.12', '2025-11-15 14:18:55', '2025-11-15 14:18:55'),
(288, 344, 55, 1, '190.42', '190.42', '2025-11-15 14:19:03', '2025-11-15 14:19:03'),
(289, 345, 56, 1, '54.95', '54.95', '2025-11-15 14:19:10', '2025-11-15 14:19:10'),
(290, 346, 55, 1, '190.42', '190.42', '2025-11-15 14:19:19', '2025-11-15 14:19:19'),
(291, 347, 56, 1, '54.95', '54.95', '2025-11-15 14:19:58', '2025-11-15 14:19:58'),
(292, 349, 55, 1, '190.42', '190.42', '2025-11-15 14:22:33', '2025-11-15 14:22:33'),
(293, 350, 56, 1, '54.95', '54.95', '2025-11-15 14:22:35', '2025-11-15 14:22:35'),
(294, 351, 55, 1, '190.42', '190.42', '2025-11-15 14:23:05', '2025-11-15 14:23:05'),
(295, 353, 55, 1, '190.42', '190.42', '2025-11-15 14:27:04', '2025-11-15 14:27:04'),
(296, 354, 56, 1, '54.95', '54.95', '2025-11-15 14:27:07', '2025-11-15 14:27:07'),
(297, 355, 57, 1, '15.96', '15.96', '2025-11-15 14:27:51', '2025-11-15 14:27:51'),
(298, 359, 57, 1, '15.96', '15.96', '2025-11-15 14:27:59', '2025-11-15 14:27:59'),
(299, 366, 55, 1, '190.42', '190.42', '2025-11-15 14:31:04', '2025-11-15 14:31:04'),
(300, 367, 56, 1, '54.95', '54.95', '2025-11-15 14:31:04', '2025-11-15 14:31:04'),
(301, 368, 55, 1, '190.42', '190.42', '2025-11-15 14:31:10', '2025-11-15 14:31:10'),
(302, 370, 55, 1, '190.42', '190.42', '2025-11-15 14:31:22', '2025-11-15 14:31:22'),
(303, 371, 56, 1, '54.95', '54.95', '2025-11-15 14:31:23', '2025-11-15 14:31:23'),
(304, 373, 55, 1, '190.42', '190.42', '2025-11-15 14:34:25', '2025-11-15 14:34:25'),
(305, 374, 56, 1, '54.95', '54.95', '2025-11-15 14:34:26', '2025-11-15 14:34:26'),
(306, 377, 55, 1, '190.42', '190.42', '2025-11-15 14:34:46', '2025-11-15 14:34:46'),
(307, 380, 55, 1, '190.42', '190.42', '2025-11-15 14:39:59', '2025-11-15 14:39:59'),
(309, 382, 56, 1, '54.95', '54.95', '2025-11-15 14:40:06', '2025-11-15 14:40:06'),
(310, 384, 56, 1, '54.95', '54.95', '2025-11-15 14:40:14', '2025-11-15 14:40:14'),
(311, 387, 56, 1, '54.95', '54.95', '2025-11-15 14:40:23', '2025-11-15 14:40:23'),
(312, 390, 55, 1, '190.42', '190.42', '2025-11-15 14:40:36', '2025-11-15 14:40:36'),
(313, 391, 56, 1, '54.95', '54.95', '2025-11-15 14:40:37', '2025-11-15 14:40:37'),
(314, 396, 55, 1, '190.42', '190.42', '2025-11-15 14:44:42', '2025-11-15 14:44:42'),
(315, 397, 56, 1, '54.95', '54.95', '2025-11-15 14:44:43', '2025-11-15 14:44:43'),
(325, 399, 63, 1, '13.34', '13.34', '2025-11-15 14:59:06', '2025-11-15 14:59:06'),
(326, 399, 64, 1, '112.07', '112.07', '2025-11-15 14:59:06', '2025-11-15 14:59:06'),
(347, 407, 15, 1, '213.16', '213.16', '2025-11-29 15:43:31', '2025-11-29 15:43:31'),
(368, 419, 269, 1, '22.36', '22.36', '2025-11-29 17:07:59', '2025-11-29 17:07:59'),
(369, 419, 270, 1, '14.11', '14.11', '2025-11-29 17:08:00', '2025-11-29 17:08:00'),
(372, 419, 286, 1, '173.62', '173.62', '2025-11-29 17:27:44', '2025-11-29 17:27:44');

-- --------------------------------------------------------

--
-- Table structure for table `categories`
--

CREATE TABLE `categories` (
  `id` bigint UNSIGNED NOT NULL,
  `parent_id` bigint UNSIGNED DEFAULT NULL,
  `name` varchar(255) COLLATE utf8mb4_unicode_ci NOT NULL,
  `slug` varchar(255) COLLATE utf8mb4_unicode_ci NOT NULL,
  `description` text COLLATE utf8mb4_unicode_ci,
  `image` varchar(255) COLLATE utf8mb4_unicode_ci DEFAULT NULL,
  `is_active` tinyint(1) NOT NULL DEFAULT '1',
  `created_at` timestamp NULL DEFAULT NULL,
  `updated_at` timestamp NULL DEFAULT NULL
) ENGINE=InnoDB DEFAULT CHARSET=utf8mb4 COLLATE=utf8mb4_unicode_ci;

--
-- Dumping data for table `categories`
--

INSERT INTO `categories` (`id`, `parent_id`, `name`, `slug`, `description`, `image`, `is_active`, `created_at`, `updated_at`) VALUES
(1, NULL, 'Yamin', 'voluptatem-dicta-P1rT5', 'Labore nihil recusandae dignissimos velit quibusdam incidunt voluptatem molestias facilis non et libero ut.', NULL, 1, '2025-11-07 13:50:48', '2025-11-08 14:08:27'),
(2, 1, 'Shohan', 'dicta-sed-2tsJt', 'Ratione vitae esse in ut nulla expedita.', NULL, 1, '2025-11-07 13:50:48', '2025-11-08 14:08:37'),
(3, NULL, 'Aut voluptatibus', 'aut-voluptatibus-ijx0t', 'Atque repudiandae adipisci amet rerum neque fuga alias molestiae fuga ut maiores veniam.', NULL, 1, '2025-11-07 13:50:48', '2025-11-07 13:50:48'),
(4, NULL, 'Animi veritatis', 'animi-veritatis-ZssN3', 'Voluptas labore eligendi earum voluptatem quos illum quisquam quis voluptas mollitia amet.', NULL, 1, '2025-11-07 13:50:48', '2025-11-07 13:50:48'),
(5, NULL, 'Beatae fugiat', 'beatae-fugiat-qX6wj', 'Vel rerum voluptatem provident unde sint ad.', NULL, 1, '2025-11-07 13:50:48', '2025-11-07 13:50:48'),
(6, NULL, 'Debitis consequatur', 'debitis-consequatur-C9Qhu', 'Itaque cupiditate dolor necessitatibus magni deserunt voluptatem.', NULL, 1, '2025-11-07 13:50:48', '2025-11-07 13:50:48'),
(7, NULL, 'Rerum asperiores', 'rerum-asperiores-F0ACA', 'Aut inventore ratione quas dolore saepe blanditiis.', NULL, 1, '2025-11-29 16:13:06', '2025-11-29 16:13:06'),
(8, NULL, 'Aut quidem', 'aut-quidem-i7UzD', 'Veniam qui totam temporibus a provident beatae consectetur rerum voluptas dolorum.', NULL, 1, '2025-11-29 16:13:06', '2025-11-29 16:13:06'),
(9, NULL, 'Qui aut', 'qui-aut-eBkTh', 'Pariatur molestiae et porro at incidunt quidem.', NULL, 1, '2025-11-29 16:13:06', '2025-11-29 16:13:06'),
(10, NULL, 'Molestiae est', 'molestiae-est-6xEUA', 'Ipsum illum doloribus cumque velit nihil officia dolorem fugit.', NULL, 1, '2025-11-29 16:13:06', '2025-11-29 16:13:06'),
(11, NULL, 'Aspernatur ex', 'aspernatur-ex-4jquQ', 'Ratione libero soluta sapiente aliquid nam neque explicabo.', NULL, 1, '2025-11-29 16:13:06', '2025-11-29 16:13:06'),
(12, NULL, 'Magnam aut', 'magnam-aut-wmyyS', 'Dolore assumenda aut laudantium cum dolores soluta molestiae at qui fugiat.', NULL, 1, '2025-11-29 16:13:06', '2025-11-29 16:13:06'),
(13, NULL, 'Atque ut', 'atque-ut-wUhi5', 'Quia dolores voluptatibus sint est qui qui maiores eveniet.', NULL, 1, '2025-11-29 16:21:47', '2025-11-29 16:21:47'),
(14, NULL, 'Quis fugiat', 'quis-fugiat-5Y5id', 'Rem sapiente aut earum nulla nesciunt est maxime.', NULL, 1, '2025-11-29 16:21:47', '2025-11-29 16:21:47'),
(15, NULL, 'Tempora doloremque', 'tempora-doloremque-ZzLG5', 'Sint et ut ut voluptate laudantium sed iste sed et fugiat ab totam ea.', NULL, 1, '2025-11-29 16:21:47', '2025-11-29 16:21:47'),
(16, NULL, 'Odio totam', 'odio-totam-n3e88', 'Modi et quam nesciunt doloribus ut animi et.', NULL, 1, '2025-11-29 16:21:47', '2025-11-29 16:21:47'),
(17, NULL, 'Voluptatem aliquid', 'voluptatem-aliquid-Q3EKD', 'Qui error similique atque in vel est eos eum et voluptatem deleniti inventore.', NULL, 1, '2025-11-29 16:21:47', '2025-11-29 16:21:47'),
(18, NULL, 'Est et', 'est-et-68UJu', 'Inventore quam vero voluptas corrupti est quos laboriosam consectetur ut facilis ipsum sunt.', NULL, 1, '2025-11-29 16:21:47', '2025-11-29 16:21:47'),
(19, NULL, 'Numquam molestiae', 'numquam-molestiae-5un3g', 'Rem dolores perspiciatis voluptas aut reprehenderit harum officia omnis praesentium at nisi modi repudiandae.', NULL, 1, '2025-11-29 16:30:48', '2025-11-29 16:30:48'),
(20, NULL, 'Id repellat', 'id-repellat-rtQg0', 'Cum ex dolores asperiores qui ipsa distinctio enim quia fugiat magnam hic et id.', NULL, 1, '2025-11-29 16:30:48', '2025-11-29 16:30:48'),
(21, NULL, 'Fugit quasi', 'fugit-quasi-d9wrh', 'Voluptatum nulla est fuga ab omnis sed quis quibusdam accusantium eaque.', NULL, 1, '2025-11-29 16:30:48', '2025-11-29 16:30:48'),
(22, NULL, 'Eum esse', 'eum-esse-R8BvB', 'Aut aut aliquid occaecati blanditiis impedit quia distinctio alias delectus quibusdam asperiores.', NULL, 1, '2025-11-29 16:30:48', '2025-11-29 16:30:48'),
(23, NULL, 'Voluptas id', 'voluptas-id-a0Hhl', 'Laborum sit ea deleniti et quibusdam modi iusto aliquid delectus consectetur non ut rerum.', NULL, 1, '2025-11-29 16:30:48', '2025-11-29 16:30:48'),
(24, NULL, 'Illo voluptate', 'illo-voluptate-uX8xf', 'Explicabo expedita dolorem et itaque enim minima et non sit ratione tempore est ex.', NULL, 1, '2025-11-29 16:30:48', '2025-11-29 16:30:48');

-- --------------------------------------------------------

--
-- Table structure for table `coin_settings`
--

CREATE TABLE `coin_settings` (
  `id` bigint UNSIGNED NOT NULL,
  `coins_enabled` tinyint(1) NOT NULL DEFAULT '1',
  `add_to_cart_enabled` tinyint(1) NOT NULL DEFAULT '1',
  `order_award_enabled` tinyint(1) NOT NULL DEFAULT '1',
  `cod_bonus_enabled` tinyint(1) NOT NULL DEFAULT '1',
  `referral_enabled` tinyint(1) NOT NULL DEFAULT '1',
  `add_to_cart_award` int UNSIGNED NOT NULL DEFAULT '1',
  `add_to_cart_daily_cap` int UNSIGNED NOT NULL DEFAULT '10',
  `order_rate_per` int UNSIGNED NOT NULL DEFAULT '100',
  `order_rate_coins` int UNSIGNED NOT NULL DEFAULT '1',
  `order_min_award` int UNSIGNED NOT NULL DEFAULT '1',
  `cod_bonus` int UNSIGNED NOT NULL DEFAULT '1',
  `referral_signup_bonus` int UNSIGNED NOT NULL DEFAULT '10',
  `created_at` timestamp NULL DEFAULT NULL,
  `updated_at` timestamp NULL DEFAULT NULL
) ENGINE=InnoDB DEFAULT CHARSET=utf8mb4 COLLATE=utf8mb4_unicode_ci;

--
-- Dumping data for table `coin_settings`
--

INSERT INTO `coin_settings` (`id`, `coins_enabled`, `add_to_cart_enabled`, `order_award_enabled`, `cod_bonus_enabled`, `referral_enabled`, `add_to_cart_award`, `add_to_cart_daily_cap`, `order_rate_per`, `order_rate_coins`, `order_min_award`, `cod_bonus`, `referral_signup_bonus`, `created_at`, `updated_at`) VALUES
(1, 1, 1, 1, 1, 1, 1, 10, 100, 1, 1, 1, 10, '2025-11-08 12:16:33', '2025-11-08 12:16:33');

-- --------------------------------------------------------

--
-- Table structure for table `coupons`
--

CREATE TABLE `coupons` (
  `id` bigint UNSIGNED NOT NULL,
  `code` varchar(255) COLLATE utf8mb4_unicode_ci NOT NULL,
  `name` varchar(255) COLLATE utf8mb4_unicode_ci NOT NULL,
  `description` text COLLATE utf8mb4_unicode_ci,
  `type` enum('percentage','fixed') COLLATE utf8mb4_unicode_ci NOT NULL,
  `value` decimal(10,2) NOT NULL,
  `minimum_amount` decimal(10,2) DEFAULT NULL,
  `maximum_discount` decimal(10,2) DEFAULT NULL,
  `usage_limit` int DEFAULT NULL,
  `usage_limit_per_user` int DEFAULT NULL,
  `starts_at` date DEFAULT NULL,
  `expires_at` date DEFAULT NULL,
  `is_active` tinyint(1) NOT NULL DEFAULT '1',
  `applicable_categories` json DEFAULT NULL,
  `applicable_products` json DEFAULT NULL,
  `created_at` timestamp NULL DEFAULT NULL,
  `updated_at` timestamp NULL DEFAULT NULL
) ENGINE=InnoDB DEFAULT CHARSET=utf8mb4 COLLATE=utf8mb4_unicode_ci;

--
-- Dumping data for table `coupons`
--

INSERT INTO `coupons` (`id`, `code`, `name`, `description`, `type`, `value`, `minimum_amount`, `maximum_discount`, `usage_limit`, `usage_limit_per_user`, `starts_at`, `expires_at`, `is_active`, `applicable_categories`, `applicable_products`, `created_at`, `updated_at`) VALUES
(1, 'WELCOME10', 'Welcome Discount', 'Get 10% off your first order', 'percentage', '10.00', '50.00', '25.00', 100, 1, '2025-11-29', '2026-03-01', 1, NULL, NULL, '2025-11-07 13:50:50', '2025-11-29 16:30:50'),
(2, 'SAVE20', 'Save $20', 'Get $20 off orders over $100', 'fixed', '20.00', '100.00', NULL, 50, 2, '2025-11-29', '2026-01-29', 1, NULL, NULL, '2025-11-07 13:50:50', '2025-11-29 16:30:50'),
(3, 'FREESHIP', 'Free Shipping', 'Free shipping on any order', 'fixed', '10.00', NULL, NULL, 200, 3, '2025-11-29', '2026-11-29', 1, NULL, NULL, '2025-11-07 13:50:50', '2025-11-29 16:30:50'),
(4, 'HOLIDAY25', 'Holiday Special', '25% off for holiday season', 'percentage', '25.00', '75.00', '50.00', 30, 1, '2025-11-29', '2025-12-29', 1, NULL, NULL, '2025-11-07 13:50:50', '2025-11-29 16:30:50'),
(5, 'STUDENT15', 'Student Discount', '15% off for students', 'percentage', '15.00', '30.00', '30.00', NULL, 5, '2025-11-29', '2026-05-29', 1, NULL, NULL, '2025-11-07 13:50:50', '2025-11-29 16:30:50');

-- --------------------------------------------------------

--
-- Table structure for table `coupon_usages`
--

CREATE TABLE `coupon_usages` (
  `id` bigint UNSIGNED NOT NULL,
  `coupon_id` bigint UNSIGNED NOT NULL,
  `user_id` bigint UNSIGNED DEFAULT NULL,
  `order_id` bigint UNSIGNED DEFAULT NULL,
  `session_id` varchar(255) COLLATE utf8mb4_unicode_ci DEFAULT NULL,
  `discount_amount` decimal(10,2) NOT NULL,
  `created_at` timestamp NULL DEFAULT NULL,
  `updated_at` timestamp NULL DEFAULT NULL
) ENGINE=InnoDB DEFAULT CHARSET=utf8mb4 COLLATE=utf8mb4_unicode_ci;

-- --------------------------------------------------------

--
-- Table structure for table `currencies`
--

CREATE TABLE `currencies` (
  `id` bigint UNSIGNED NOT NULL,
  `code` varchar(3) COLLATE utf8mb4_unicode_ci NOT NULL,
  `name` varchar(255) COLLATE utf8mb4_unicode_ci NOT NULL,
  `symbol` varchar(255) COLLATE utf8mb4_unicode_ci NOT NULL,
  `is_active` tinyint(1) NOT NULL DEFAULT '1',
  `is_default` tinyint(1) NOT NULL DEFAULT '0',
  `created_at` timestamp NULL DEFAULT NULL,
  `updated_at` timestamp NULL DEFAULT NULL
) ENGINE=InnoDB DEFAULT CHARSET=utf8mb4 COLLATE=utf8mb4_unicode_ci;

--
-- Dumping data for table `currencies`
--

INSERT INTO `currencies` (`id`, `code`, `name`, `symbol`, `is_active`, `is_default`, `created_at`, `updated_at`) VALUES
(1, 'BDT', 'Bangladeshi Taka', '', 1, 1, '2025-11-07 13:50:50', '2025-11-29 15:47:12'),
(2, 'USD', 'US Dollar', '$', 1, 0, '2025-11-07 13:50:50', '2025-11-29 15:47:12'),
(3, 'EUR', 'Euro', '', 1, 0, '2025-11-07 13:50:50', '2025-11-29 15:47:12'),
(4, 'GBP', 'British Pound', '', 1, 0, '2025-11-07 13:50:50', '2025-11-29 15:47:12');

-- --------------------------------------------------------

--
-- Table structure for table `districts`
--

CREATE TABLE `districts` (
  `id` bigint UNSIGNED NOT NULL,
  `name` varchar(255) COLLATE utf8mb4_unicode_ci NOT NULL,
  `division` varchar(255) COLLATE utf8mb4_unicode_ci NOT NULL,
  `is_active` tinyint(1) NOT NULL DEFAULT '1',
  `sort_order` int NOT NULL DEFAULT '0',
  `created_at` timestamp NULL DEFAULT NULL,
  `updated_at` timestamp NULL DEFAULT NULL
) ENGINE=InnoDB DEFAULT CHARSET=utf8mb4 COLLATE=utf8mb4_unicode_ci;

--
-- Dumping data for table `districts`
--

INSERT INTO `districts` (`id`, `name`, `division`, `is_active`, `sort_order`, `created_at`, `updated_at`) VALUES
(1, 'Dhaka', 'Dhaka', 1, 0, '2025-11-29 14:44:13', '2025-11-29 14:44:13'),
(2, 'Gazipur', 'Dhaka', 1, 1, '2025-11-29 14:44:13', '2025-11-29 14:44:13'),
(3, 'Kishoreganj', 'Dhaka', 1, 2, '2025-11-29 14:44:13', '2025-11-29 14:44:13'),
(4, 'Manikganj', 'Dhaka', 1, 3, '2025-11-29 14:44:14', '2025-11-29 14:44:14'),
(5, 'Munshiganj', 'Dhaka', 1, 4, '2025-11-29 14:44:14', '2025-11-29 14:44:14'),
(6, 'Narayanganj', 'Dhaka', 1, 5, '2025-11-29 14:44:14', '2025-11-29 14:44:14'),
(7, 'Narsingdi', 'Dhaka', 1, 6, '2025-11-29 14:44:14', '2025-11-29 14:44:14'),
(8, 'Tangail', 'Dhaka', 1, 7, '2025-11-29 14:44:14', '2025-11-29 14:44:14'),
(9, 'Faridpur', 'Dhaka', 1, 8, '2025-11-29 14:44:14', '2025-11-29 14:44:14'),
(10, 'Gopalganj', 'Dhaka', 1, 9, '2025-11-29 14:44:14', '2025-11-29 14:44:14'),
(11, 'Madaripur', 'Dhaka', 1, 10, '2025-11-29 14:44:14', '2025-11-29 14:44:14'),
(12, 'Rajbari', 'Dhaka', 1, 11, '2025-11-29 14:44:14', '2025-11-29 14:44:14'),
(13, 'Shariatpur', 'Dhaka', 1, 12, '2025-11-29 14:44:14', '2025-11-29 14:44:14'),
(14, 'Bandarban', 'Chittagong', 1, 0, '2025-11-29 14:44:14', '2025-11-29 14:44:14'),
(15, 'Brahmanbaria', 'Chittagong', 1, 1, '2025-11-29 14:44:14', '2025-11-29 14:44:14'),
(16, 'Chandpur', 'Chittagong', 1, 2, '2025-11-29 14:44:14', '2025-11-29 14:44:14'),
(17, 'Chittagong', 'Chittagong', 1, 3, '2025-11-29 14:44:14', '2025-11-29 14:44:14'),
(18, 'Comilla', 'Chittagong', 1, 4, '2025-11-29 14:44:14', '2025-11-29 14:44:14'),
(19, 'Cox\'s Bazar', 'Chittagong', 1, 5, '2025-11-29 14:44:14', '2025-11-29 14:44:14'),
(20, 'Feni', 'Chittagong', 1, 6, '2025-11-29 14:44:14', '2025-11-29 14:44:14'),
(21, 'Khagrachhari', 'Chittagong', 1, 7, '2025-11-29 14:44:14', '2025-11-29 14:44:14'),
(22, 'Lakshmipur', 'Chittagong', 1, 8, '2025-11-29 14:44:14', '2025-11-29 14:44:14'),
(23, 'Noakhali', 'Chittagong', 1, 9, '2025-11-29 14:44:14', '2025-11-29 14:44:14'),
(24, 'Rangamati', 'Chittagong', 1, 10, '2025-11-29 14:44:14', '2025-11-29 14:44:14'),
(25, 'Bogura', 'Rajshahi', 1, 0, '2025-11-29 14:44:14', '2025-11-29 14:44:14'),
(26, 'Joypurhat', 'Rajshahi', 1, 1, '2025-11-29 14:44:14', '2025-11-29 14:44:14'),
(27, 'Naogaon', 'Rajshahi', 1, 2, '2025-11-29 14:44:14', '2025-11-29 14:44:14'),
(28, 'Natore', 'Rajshahi', 1, 3, '2025-11-29 14:44:14', '2025-11-29 14:44:14'),
(29, 'Chapai Nawabganj', 'Rajshahi', 1, 4, '2025-11-29 14:44:14', '2025-11-29 14:44:14'),
(30, 'Pabna', 'Rajshahi', 1, 5, '2025-11-29 14:44:14', '2025-11-29 14:44:14'),
(31, 'Rajshahi', 'Rajshahi', 1, 6, '2025-11-29 14:44:14', '2025-11-29 14:44:14'),
(32, 'Sirajganj', 'Rajshahi', 1, 7, '2025-11-29 14:44:14', '2025-11-29 14:44:14'),
(33, 'Bagerhat', 'Khulna', 1, 0, '2025-11-29 14:44:14', '2025-11-29 14:44:14'),
(34, 'Chuadanga', 'Khulna', 1, 1, '2025-11-29 14:44:14', '2025-11-29 14:44:14'),
(35, 'Jashore', 'Khulna', 1, 2, '2025-11-29 14:44:14', '2025-11-29 14:44:14'),
(36, 'Jhenaidah', 'Khulna', 1, 3, '2025-11-29 14:44:14', '2025-11-29 14:44:14'),
(37, 'Khulna', 'Khulna', 1, 4, '2025-11-29 14:44:14', '2025-11-29 14:44:14'),
(38, 'Kushtia', 'Khulna', 1, 5, '2025-11-29 14:44:14', '2025-11-29 14:44:14'),
(39, 'Magura', 'Khulna', 1, 6, '2025-11-29 14:44:14', '2025-11-29 14:44:14'),
(40, 'Meherpur', 'Khulna', 1, 7, '2025-11-29 14:44:14', '2025-11-29 14:44:14'),
(41, 'Narail', 'Khulna', 1, 8, '2025-11-29 14:44:14', '2025-11-29 14:44:14'),
(42, 'Satkhira', 'Khulna', 1, 9, '2025-11-29 14:44:14', '2025-11-29 14:44:14'),
(43, 'Barguna', 'Barisal', 1, 0, '2025-11-29 14:44:14', '2025-11-29 14:44:14'),
(44, 'Barisal', 'Barisal', 1, 1, '2025-11-29 14:44:14', '2025-11-29 14:44:14'),
(45, 'Bhola', 'Barisal', 1, 2, '2025-11-29 14:44:14', '2025-11-29 14:44:14'),
(46, 'Jhalokati', 'Barisal', 1, 3, '2025-11-29 14:44:14', '2025-11-29 14:44:14'),
(47, 'Patuakhali', 'Barisal', 1, 4, '2025-11-29 14:44:14', '2025-11-29 14:44:14'),
(48, 'Pirojpur', 'Barisal', 1, 5, '2025-11-29 14:44:14', '2025-11-29 14:44:14'),
(49, 'Habiganj', 'Sylhet', 1, 0, '2025-11-29 14:44:14', '2025-11-29 14:44:14'),
(50, 'Moulvibazar', 'Sylhet', 1, 1, '2025-11-29 14:44:14', '2025-11-29 14:44:14'),
(51, 'Sunamganj', 'Sylhet', 1, 2, '2025-11-29 14:44:14', '2025-11-29 14:44:14'),
(52, 'Sylhet', 'Sylhet', 1, 3, '2025-11-29 14:44:14', '2025-11-29 14:44:14'),
(53, 'Dinajpur', 'Rangpur', 1, 0, '2025-11-29 14:44:14', '2025-11-29 14:44:14'),
(54, 'Gaibandha', 'Rangpur', 1, 1, '2025-11-29 14:44:14', '2025-11-29 14:44:14'),
(55, 'Kurigram', 'Rangpur', 1, 2, '2025-11-29 14:44:14', '2025-11-29 14:44:14'),
(56, 'Lalmonirhat', 'Rangpur', 1, 3, '2025-11-29 14:44:14', '2025-11-29 14:44:14'),
(57, 'Nilphamari', 'Rangpur', 1, 4, '2025-11-29 14:44:14', '2025-11-29 14:44:14'),
(58, 'Panchagarh', 'Rangpur', 1, 5, '2025-11-29 14:44:14', '2025-11-29 14:44:14'),
(59, 'Rangpur', 'Rangpur', 1, 6, '2025-11-29 14:44:14', '2025-11-29 14:44:14'),
(60, 'Thakurgaon', 'Rangpur', 1, 7, '2025-11-29 14:44:14', '2025-11-29 14:44:14'),
(61, 'Jamalpur', 'Mymensingh', 1, 0, '2025-11-29 14:44:14', '2025-11-29 14:44:14'),
(62, 'Mymensingh', 'Mymensingh', 1, 1, '2025-11-29 14:44:14', '2025-11-29 14:44:14'),
(63, 'Netrokona', 'Mymensingh', 1, 2, '2025-11-29 14:44:14', '2025-11-29 14:44:14'),
(64, 'Sherpur', 'Mymensingh', 1, 3, '2025-11-29 14:44:14', '2025-11-29 14:44:14');

-- --------------------------------------------------------

--
-- Table structure for table `email_settings`
--

CREATE TABLE `email_settings` (
  `id` bigint UNSIGNED NOT NULL,
  `key` varchar(255) COLLATE utf8mb4_unicode_ci NOT NULL,
  `name` varchar(255) COLLATE utf8mb4_unicode_ci NOT NULL,
  `value` text COLLATE utf8mb4_unicode_ci NOT NULL,
  `description` text COLLATE utf8mb4_unicode_ci,
  `created_at` timestamp NULL DEFAULT NULL,
  `updated_at` timestamp NULL DEFAULT NULL
) ENGINE=InnoDB DEFAULT CHARSET=utf8mb4 COLLATE=utf8mb4_unicode_ci;

--
-- Dumping data for table `email_settings`
--

INSERT INTO `email_settings` (`id`, `key`, `name`, `value`, `description`, `created_at`, `updated_at`) VALUES
(1, 'from_name', 'From Name', 'eCommerce Store', 'The name that appears in the \"From\" field of emails', '2025-11-07 13:50:42', '2025-11-07 13:50:42'),
(2, 'from_email', 'From Email', 'noreply@ecommercestore.com', 'The email address that appears in the \"From\" field of emails', '2025-11-07 13:50:42', '2025-11-07 13:50:42'),
(3, 'order_confirmation_enabled', 'Order Confirmation Emails', '1', 'Send confirmation emails when orders are placed', '2025-11-07 13:50:42', '2025-11-07 13:50:42'),
(4, 'order_status_update_enabled', 'Order Status Update Emails', '1', 'Send emails when order status is updated', '2025-11-07 13:50:42', '2025-11-07 13:50:42'),
(5, 'smtp_enabled', 'Enable SMTP', '0', 'Enable SMTP for sending emails', '2025-11-29 17:23:04', '2025-11-29 17:23:04'),
(6, 'smtp_host', 'SMTP Host', '', 'SMTP server hostname (e.g., mail.yourdomain.com, smtp.gmail.com)', '2025-11-29 17:23:04', '2025-11-29 17:23:04'),
(7, 'smtp_port', 'SMTP Port', '587', 'SMTP server port (587 for TLS, 465 for SSL, 25 for non-encrypted)', '2025-11-29 17:23:04', '2025-11-29 17:23:04'),
(8, 'smtp_username', 'SMTP Username', '', 'SMTP authentication username (usually your email address)', '2025-11-29 17:23:04', '2025-11-29 17:23:04'),
(9, 'smtp_password', 'SMTP Password', '', 'SMTP authentication password', '2025-11-29 17:23:04', '2025-11-29 17:23:04'),
(10, 'smtp_encryption', 'SMTP Encryption', 'tls', 'Encryption method (tls, ssl, or none)', '2025-11-29 17:23:04', '2025-11-29 17:23:04'),
(11, 'smtp_from_address', 'SMTP From Address', '', 'Email address to send from (must match SMTP username for some providers)', '2025-11-29 17:23:04', '2025-11-29 17:23:04'),
(12, 'smtp_from_name', 'SMTP From Name', '', 'Name to display in the \"From\" field', '2025-11-29 17:23:04', '2025-11-29 17:23:04');

-- --------------------------------------------------------

--
-- Table structure for table `failed_jobs`
--

CREATE TABLE `failed_jobs` (
  `id` bigint UNSIGNED NOT NULL,
  `uuid` varchar(255) COLLATE utf8mb4_unicode_ci NOT NULL,
  `connection` text COLLATE utf8mb4_unicode_ci NOT NULL,
  `queue` text COLLATE utf8mb4_unicode_ci NOT NULL,
  `payload` longtext COLLATE utf8mb4_unicode_ci NOT NULL,
  `exception` longtext COLLATE utf8mb4_unicode_ci NOT NULL,
  `failed_at` timestamp NOT NULL DEFAULT CURRENT_TIMESTAMP
) ENGINE=InnoDB DEFAULT CHARSET=utf8mb4 COLLATE=utf8mb4_unicode_ci;

-- --------------------------------------------------------

--
-- Table structure for table `guest_wishlists`
--

CREATE TABLE `guest_wishlists` (
  `id` bigint UNSIGNED NOT NULL,
  `session_id` varchar(64) COLLATE utf8mb4_unicode_ci NOT NULL,
  `product_id` bigint UNSIGNED NOT NULL,
  `created_at` timestamp NULL DEFAULT NULL,
  `updated_at` timestamp NULL DEFAULT NULL
) ENGINE=InnoDB DEFAULT CHARSET=utf8mb4 COLLATE=utf8mb4_unicode_ci;

--
-- Dumping data for table `guest_wishlists`
--

INSERT INTO `guest_wishlists` (`id`, `session_id`, `product_id`, `created_at`, `updated_at`) VALUES
(11, '019dba4d-2c7d-4475-83b5-1f6b1a28f8cd', 56, '2025-11-08 14:02:15', '2025-11-08 14:02:15'),
(20, '247cad5b-e11c-4470-a1b2-5f4f9e44a1a3', 56, '2025-11-14 17:24:03', '2025-11-14 17:24:03'),
(21, '247cad5b-e11c-4470-a1b2-5f4f9e44a1a3', 57, '2025-11-14 17:24:06', '2025-11-14 17:24:06'),
(22, '247cad5b-e11c-4470-a1b2-5f4f9e44a1a3', 55, '2025-11-14 17:29:41', '2025-11-14 17:29:41'),
(24, '84c084ad-39d5-48c9-a291-3d809deda61a', 58, '2025-11-14 19:23:24', '2025-11-14 19:23:24'),
(25, '84c084ad-39d5-48c9-a291-3d809deda61a', 57, '2025-11-14 19:23:26', '2025-11-14 19:23:26'),
(26, '00847198-1a5b-404c-aebc-2322c2642088', 55, '2025-11-14 19:38:35', '2025-11-14 19:38:35'),
(27, '00847198-1a5b-404c-aebc-2322c2642088', 56, '2025-11-14 19:38:38', '2025-11-14 19:38:38'),
(28, 'a6f2db11-9219-466c-9539-1da876c0c596', 57, '2025-11-14 19:42:17', '2025-11-14 19:42:17'),
(29, 'a6f2db11-9219-466c-9539-1da876c0c596', 58, '2025-11-14 19:42:36', '2025-11-14 19:42:36'),
(30, 'd1e2fa11-00a9-466f-8676-90a237a0d024', 58, '2025-11-14 19:46:38', '2025-11-14 19:46:38'),
(31, 'd1e2fa11-00a9-466f-8676-90a237a0d024', 57, '2025-11-14 19:46:39', '2025-11-14 19:46:39'),
(32, 'd1e2fa11-00a9-466f-8676-90a237a0d024', 66, '2025-11-14 19:47:58', '2025-11-14 19:47:58'),
(33, 'd1e2fa11-00a9-466f-8676-90a237a0d024', 67, '2025-11-14 19:47:59', '2025-11-14 19:47:59'),
(38, 'dad4f023-bebf-4e73-8db1-bfc5eaf4ba0f', 62, '2025-11-14 20:00:24', '2025-11-14 20:00:24'),
(39, 'dad4f023-bebf-4e73-8db1-bfc5eaf4ba0f', 56, '2025-11-14 20:00:29', '2025-11-14 20:00:29'),
(40, 'd62fa1ce-22aa-4e9f-b45b-773fc9d28e16', 56, '2025-11-14 20:01:47', '2025-11-14 20:01:47'),
(41, 'd62fa1ce-22aa-4e9f-b45b-773fc9d28e16', 55, '2025-11-14 20:01:48', '2025-11-14 20:01:48'),
(42, '99c73bb2-b02c-47ad-8985-508e04439355', 55, '2025-11-14 20:11:16', '2025-11-14 20:11:16'),
(43, '99c73bb2-b02c-47ad-8985-508e04439355', 56, '2025-11-14 20:11:17', '2025-11-14 20:11:17'),
(44, 'aa446a5e-8f86-46c2-91ad-5d49aef6b5c1', 55, '2025-11-14 20:30:32', '2025-11-14 20:30:32'),
(45, 'aa446a5e-8f86-46c2-91ad-5d49aef6b5c1', 56, '2025-11-14 20:30:33', '2025-11-14 20:30:33'),
(48, '4c53a2f2-22c2-4085-8165-f8796bc4be68', 61, '2025-11-14 20:33:59', '2025-11-14 20:33:59'),
(49, '4c53a2f2-22c2-4085-8165-f8796bc4be68', 62, '2025-11-14 20:34:00', '2025-11-14 20:34:00'),
(50, '4c53a2f2-22c2-4085-8165-f8796bc4be68', 18, '2025-11-14 20:34:07', '2025-11-14 20:34:07'),
(51, '4c53a2f2-22c2-4085-8165-f8796bc4be68', 17, '2025-11-14 20:34:09', '2025-11-14 20:34:09'),
(52, 'e3e07ede-217d-4bb9-ac87-439791dfaa19', 55, '2025-11-14 20:36:31', '2025-11-14 20:36:31'),
(53, 'e3e07ede-217d-4bb9-ac87-439791dfaa19', 56, '2025-11-14 20:36:32', '2025-11-14 20:36:32'),
(55, '7104e809-9a17-4496-b84c-dd0caa29bf37', 55, '2025-11-14 20:40:52', '2025-11-14 20:40:52'),
(56, '97fd72b5-5be9-4b37-bf27-e37744e14a34', 61, '2025-11-14 20:41:39', '2025-11-14 20:41:39'),
(57, '443a5b9c-163c-477a-ad3c-0cb2a1dfa10f', 55, '2025-11-14 20:44:43', '2025-11-14 20:44:43'),
(58, '443a5b9c-163c-477a-ad3c-0cb2a1dfa10f', 56, '2025-11-14 20:44:44', '2025-11-14 20:44:44'),
(59, 'a3f3f5ab-9ee7-4e4b-a868-ae38db15aa4a', 56, '2025-11-15 14:16:52', '2025-11-15 14:16:52'),
(60, 'c6b99d08-ada9-435a-aaa8-14a1b7b0a5f8', 55, '2025-11-15 14:40:35', '2025-11-15 14:40:35'),
(61, '0cc61935-96ed-4061-b684-560466272741', 55, '2025-11-15 14:40:48', '2025-11-15 14:40:48'),
(62, '0cc61935-96ed-4061-b684-560466272741', 56, '2025-11-15 14:40:50', '2025-11-15 14:40:50'),
(63, '40e53b21-d393-4676-a0ce-d8f13713aaee', 55, '2025-11-15 14:44:38', '2025-11-15 14:44:38'),
(64, '7a86f3e7-e6de-4da6-8d51-eac900f2b828', 56, '2025-11-15 14:44:40', '2025-11-15 14:44:40');

-- --------------------------------------------------------

--
-- Table structure for table `jobs`
--

CREATE TABLE `jobs` (
  `id` bigint UNSIGNED NOT NULL,
  `queue` varchar(255) COLLATE utf8mb4_unicode_ci NOT NULL,
  `payload` longtext COLLATE utf8mb4_unicode_ci NOT NULL,
  `attempts` tinyint UNSIGNED NOT NULL,
  `reserved_at` int UNSIGNED DEFAULT NULL,
  `available_at` int UNSIGNED NOT NULL,
  `created_at` int UNSIGNED NOT NULL
) ENGINE=InnoDB DEFAULT CHARSET=utf8mb4 COLLATE=utf8mb4_unicode_ci;

--
-- Dumping data for table `jobs`
--

INSERT INTO `jobs` (`id`, `queue`, `payload`, `attempts`, `reserved_at`, `available_at`, `created_at`) VALUES
(1, 'default', '{\"uuid\":\"9fc2532e-deed-4b79-8799-bfbd0dc42766\",\"displayName\":\"App\\\\Notifications\\\\OrderConfirmation\",\"job\":\"Illuminate\\\\Queue\\\\CallQueuedHandler@call\",\"maxTries\":null,\"maxExceptions\":null,\"failOnTimeout\":false,\"backoff\":null,\"timeout\":null,\"retryUntil\":null,\"data\":{\"commandName\":\"Illuminate\\\\Notifications\\\\SendQueuedNotifications\",\"command\":\"O:48:\\\"Illuminate\\\\Notifications\\\\SendQueuedNotifications\\\":3:{s:11:\\\"notifiables\\\";O:45:\\\"Illuminate\\\\Contracts\\\\Database\\\\ModelIdentifier\\\":5:{s:5:\\\"class\\\";s:15:\\\"App\\\\Models\\\\User\\\";s:2:\\\"id\\\";a:1:{i:0;i:2;}s:9:\\\"relations\\\";a:0:{}s:10:\\\"connection\\\";s:5:\\\"mysql\\\";s:15:\\\"collectionClass\\\";N;}s:12:\\\"notification\\\";O:35:\\\"App\\\\Notifications\\\\OrderConfirmation\\\":2:{s:8:\\\"\\u0000*\\u0000order\\\";O:45:\\\"Illuminate\\\\Contracts\\\\Database\\\\ModelIdentifier\\\":5:{s:5:\\\"class\\\";s:16:\\\"App\\\\Models\\\\Order\\\";s:2:\\\"id\\\";i:2;s:9:\\\"relations\\\";a:1:{i:0;s:4:\\\"user\\\";}s:10:\\\"connection\\\";s:5:\\\"mysql\\\";s:15:\\\"collectionClass\\\";N;}s:2:\\\"id\\\";s:36:\\\"d3a82844-5fd7-4c9b-b221-b26b6b0ed4e7\\\";}s:8:\\\"channels\\\";a:1:{i:0;s:4:\\\"mail\\\";}}\"},\"createdAt\":1764447838,\"delay\":null}', 0, NULL, 1764447838, 1764447838),
(2, 'default', '{\"uuid\":\"b02e6b8e-55a5-4c69-a0eb-a5616cc287fa\",\"displayName\":\"App\\\\Notifications\\\\OrderConfirmation\",\"job\":\"Illuminate\\\\Queue\\\\CallQueuedHandler@call\",\"maxTries\":null,\"maxExceptions\":null,\"failOnTimeout\":false,\"backoff\":null,\"timeout\":null,\"retryUntil\":null,\"data\":{\"commandName\":\"Illuminate\\\\Notifications\\\\SendQueuedNotifications\",\"command\":\"O:48:\\\"Illuminate\\\\Notifications\\\\SendQueuedNotifications\\\":3:{s:11:\\\"notifiables\\\";O:45:\\\"Illuminate\\\\Contracts\\\\Database\\\\ModelIdentifier\\\":5:{s:5:\\\"class\\\";s:15:\\\"App\\\\Models\\\\User\\\";s:2:\\\"id\\\";a:1:{i:0;i:2;}s:9:\\\"relations\\\";a:0:{}s:10:\\\"connection\\\";s:5:\\\"mysql\\\";s:15:\\\"collectionClass\\\";N;}s:12:\\\"notification\\\";O:35:\\\"App\\\\Notifications\\\\OrderConfirmation\\\":2:{s:8:\\\"\\u0000*\\u0000order\\\";O:45:\\\"Illuminate\\\\Contracts\\\\Database\\\\ModelIdentifier\\\":5:{s:5:\\\"class\\\";s:16:\\\"App\\\\Models\\\\Order\\\";s:2:\\\"id\\\";i:3;s:9:\\\"relations\\\";a:1:{i:0;s:4:\\\"user\\\";}s:10:\\\"connection\\\";s:5:\\\"mysql\\\";s:15:\\\"collectionClass\\\";N;}s:2:\\\"id\\\";s:36:\\\"e5113586-a151-433d-8b25-96051aa99595\\\";}s:8:\\\"channels\\\";a:1:{i:0;s:4:\\\"mail\\\";}}\"},\"createdAt\":1764448866,\"delay\":null}', 0, NULL, 1764448866, 1764448866),
(3, 'default', '{\"uuid\":\"19b31a05-0abc-4a8d-8cd3-35b59f1001f6\",\"displayName\":\"App\\\\Notifications\\\\OrderConfirmation\",\"job\":\"Illuminate\\\\Queue\\\\CallQueuedHandler@call\",\"maxTries\":null,\"maxExceptions\":null,\"failOnTimeout\":false,\"backoff\":null,\"timeout\":null,\"retryUntil\":null,\"data\":{\"commandName\":\"Illuminate\\\\Notifications\\\\SendQueuedNotifications\",\"command\":\"O:48:\\\"Illuminate\\\\Notifications\\\\SendQueuedNotifications\\\":3:{s:11:\\\"notifiables\\\";O:45:\\\"Illuminate\\\\Contracts\\\\Database\\\\ModelIdentifier\\\":5:{s:5:\\\"class\\\";s:15:\\\"App\\\\Models\\\\User\\\";s:2:\\\"id\\\";a:1:{i:0;i:2;}s:9:\\\"relations\\\";a:0:{}s:10:\\\"connection\\\";s:5:\\\"mysql\\\";s:15:\\\"collectionClass\\\";N;}s:12:\\\"notification\\\";O:35:\\\"App\\\\Notifications\\\\OrderConfirmation\\\":2:{s:8:\\\"\\u0000*\\u0000order\\\";O:45:\\\"Illuminate\\\\Contracts\\\\Database\\\\ModelIdentifier\\\":5:{s:5:\\\"class\\\";s:16:\\\"App\\\\Models\\\\Order\\\";s:2:\\\"id\\\";i:4;s:9:\\\"relations\\\";a:1:{i:0;s:4:\\\"user\\\";}s:10:\\\"connection\\\";s:5:\\\"mysql\\\";s:15:\\\"collectionClass\\\";N;}s:2:\\\"id\\\";s:36:\\\"571a3165-28d7-4edc-83cc-3107613754d8\\\";}s:8:\\\"channels\\\";a:1:{i:0;s:4:\\\"mail\\\";}}\"},\"createdAt\":1764452394,\"delay\":null}', 0, NULL, 1764452394, 1764452394),
(4, 'default', '{\"uuid\":\"171a8265-6228-41d6-bb19-643ce32ee75b\",\"displayName\":\"App\\\\Notifications\\\\OrderConfirmation\",\"job\":\"Illuminate\\\\Queue\\\\CallQueuedHandler@call\",\"maxTries\":null,\"maxExceptions\":null,\"failOnTimeout\":false,\"backoff\":null,\"timeout\":null,\"retryUntil\":null,\"data\":{\"commandName\":\"Illuminate\\\\Notifications\\\\SendQueuedNotifications\",\"command\":\"O:48:\\\"Illuminate\\\\Notifications\\\\SendQueuedNotifications\\\":3:{s:11:\\\"notifiables\\\";O:45:\\\"Illuminate\\\\Contracts\\\\Database\\\\ModelIdentifier\\\":5:{s:5:\\\"class\\\";s:15:\\\"App\\\\Models\\\\User\\\";s:2:\\\"id\\\";a:1:{i:0;i:2;}s:9:\\\"relations\\\";a:0:{}s:10:\\\"connection\\\";s:5:\\\"mysql\\\";s:15:\\\"collectionClass\\\";N;}s:12:\\\"notification\\\";O:35:\\\"App\\\\Notifications\\\\OrderConfirmation\\\":2:{s:8:\\\"\\u0000*\\u0000order\\\";O:45:\\\"Illuminate\\\\Contracts\\\\Database\\\\ModelIdentifier\\\":5:{s:5:\\\"class\\\";s:16:\\\"App\\\\Models\\\\Order\\\";s:2:\\\"id\\\";i:5;s:9:\\\"relations\\\";a:1:{i:0;s:4:\\\"user\\\";}s:10:\\\"connection\\\";s:5:\\\"mysql\\\";s:15:\\\"collectionClass\\\";N;}s:2:\\\"id\\\";s:36:\\\"68ad0340-fbf2-41dc-80a5-f7d07d2152e0\\\";}s:8:\\\"channels\\\";a:1:{i:0;s:4:\\\"mail\\\";}}\"},\"createdAt\":1764452481,\"delay\":null}', 0, NULL, 1764452481, 1764452481),
(5, 'default', '{\"uuid\":\"56a87fbe-44a5-4795-88f3-8fd1de38c237\",\"displayName\":\"App\\\\Notifications\\\\OrderConfirmation\",\"job\":\"Illuminate\\\\Queue\\\\CallQueuedHandler@call\",\"maxTries\":null,\"maxExceptions\":null,\"failOnTimeout\":false,\"backoff\":null,\"timeout\":null,\"retryUntil\":null,\"data\":{\"commandName\":\"Illuminate\\\\Notifications\\\\SendQueuedNotifications\",\"command\":\"O:48:\\\"Illuminate\\\\Notifications\\\\SendQueuedNotifications\\\":3:{s:11:\\\"notifiables\\\";O:45:\\\"Illuminate\\\\Contracts\\\\Database\\\\ModelIdentifier\\\":5:{s:5:\\\"class\\\";s:15:\\\"App\\\\Models\\\\User\\\";s:2:\\\"id\\\";a:1:{i:0;i:2;}s:9:\\\"relations\\\";a:0:{}s:10:\\\"connection\\\";s:5:\\\"mysql\\\";s:15:\\\"collectionClass\\\";N;}s:12:\\\"notification\\\";O:35:\\\"App\\\\Notifications\\\\OrderConfirmation\\\":2:{s:8:\\\"\\u0000*\\u0000order\\\";O:45:\\\"Illuminate\\\\Contracts\\\\Database\\\\ModelIdentifier\\\":5:{s:5:\\\"class\\\";s:16:\\\"App\\\\Models\\\\Order\\\";s:2:\\\"id\\\";i:6;s:9:\\\"relations\\\";a:1:{i:0;s:4:\\\"user\\\";}s:10:\\\"connection\\\";s:5:\\\"mysql\\\";s:15:\\\"collectionClass\\\";N;}s:2:\\\"id\\\";s:36:\\\"17bcfea8-5cd7-48d9-8998-6367b16ba1e9\\\";}s:8:\\\"channels\\\";a:1:{i:0;s:4:\\\"mail\\\";}}\"},\"createdAt\":1764452653,\"delay\":null}', 0, NULL, 1764452653, 1764452653),
(6, 'default', '{\"uuid\":\"7513e59a-dfa2-4029-b689-5b0de417b27f\",\"displayName\":\"App\\\\Notifications\\\\OrderConfirmation\",\"job\":\"Illuminate\\\\Queue\\\\CallQueuedHandler@call\",\"maxTries\":null,\"maxExceptions\":null,\"failOnTimeout\":false,\"backoff\":null,\"timeout\":null,\"retryUntil\":null,\"data\":{\"commandName\":\"Illuminate\\\\Notifications\\\\SendQueuedNotifications\",\"command\":\"O:48:\\\"Illuminate\\\\Notifications\\\\SendQueuedNotifications\\\":3:{s:11:\\\"notifiables\\\";O:45:\\\"Illuminate\\\\Contracts\\\\Database\\\\ModelIdentifier\\\":5:{s:5:\\\"class\\\";s:15:\\\"App\\\\Models\\\\User\\\";s:2:\\\"id\\\";a:1:{i:0;i:2;}s:9:\\\"relations\\\";a:0:{}s:10:\\\"connection\\\";s:5:\\\"mysql\\\";s:15:\\\"collectionClass\\\";N;}s:12:\\\"notification\\\";O:35:\\\"App\\\\Notifications\\\\OrderConfirmation\\\":2:{s:8:\\\"\\u0000*\\u0000order\\\";O:45:\\\"Illuminate\\\\Contracts\\\\Database\\\\ModelIdentifier\\\":5:{s:5:\\\"class\\\";s:16:\\\"App\\\\Models\\\\Order\\\";s:2:\\\"id\\\";i:7;s:9:\\\"relations\\\";a:1:{i:0;s:4:\\\"user\\\";}s:10:\\\"connection\\\";s:5:\\\"mysql\\\";s:15:\\\"collectionClass\\\";N;}s:2:\\\"id\\\";s:36:\\\"013fe949-f7b3-45e3-a856-46d5a562d626\\\";}s:8:\\\"channels\\\";a:1:{i:0;s:4:\\\"mail\\\";}}\"},\"createdAt\":1764454628,\"delay\":null}', 0, NULL, 1764454628, 1764454628),
(7, 'default', '{\"uuid\":\"958c5957-8600-40b8-b389-674b62298481\",\"displayName\":\"App\\\\Notifications\\\\OrderConfirmation\",\"job\":\"Illuminate\\\\Queue\\\\CallQueuedHandler@call\",\"maxTries\":null,\"maxExceptions\":null,\"failOnTimeout\":false,\"backoff\":null,\"timeout\":null,\"retryUntil\":null,\"data\":{\"commandName\":\"Illuminate\\\\Notifications\\\\SendQueuedNotifications\",\"command\":\"O:48:\\\"Illuminate\\\\Notifications\\\\SendQueuedNotifications\\\":3:{s:11:\\\"notifiables\\\";O:45:\\\"Illuminate\\\\Contracts\\\\Database\\\\ModelIdentifier\\\":5:{s:5:\\\"class\\\";s:15:\\\"App\\\\Models\\\\User\\\";s:2:\\\"id\\\";a:1:{i:0;i:2;}s:9:\\\"relations\\\";a:0:{}s:10:\\\"connection\\\";s:5:\\\"mysql\\\";s:15:\\\"collectionClass\\\";N;}s:12:\\\"notification\\\";O:35:\\\"App\\\\Notifications\\\\OrderConfirmation\\\":2:{s:8:\\\"\\u0000*\\u0000order\\\";O:45:\\\"Illuminate\\\\Contracts\\\\Database\\\\ModelIdentifier\\\":5:{s:5:\\\"class\\\";s:16:\\\"App\\\\Models\\\\Order\\\";s:2:\\\"id\\\";i:9;s:9:\\\"relations\\\";a:1:{i:0;s:4:\\\"user\\\";}s:10:\\\"connection\\\";s:5:\\\"mysql\\\";s:15:\\\"collectionClass\\\";N;}s:2:\\\"id\\\";s:36:\\\"dbb35bc5-ec17-4d4b-bc3a-10c2dbaa4cf2\\\";}s:8:\\\"channels\\\";a:1:{i:0;s:4:\\\"mail\\\";}}\"},\"createdAt\":1764455014,\"delay\":null}', 0, NULL, 1764455014, 1764455014),
(8, 'default', '{\"uuid\":\"ad99b75f-7d62-4f10-a1ac-6807d368981b\",\"displayName\":\"App\\\\Notifications\\\\OrderConfirmation\",\"job\":\"Illuminate\\\\Queue\\\\CallQueuedHandler@call\",\"maxTries\":null,\"maxExceptions\":null,\"failOnTimeout\":false,\"backoff\":null,\"timeout\":null,\"retryUntil\":null,\"data\":{\"commandName\":\"Illuminate\\\\Notifications\\\\SendQueuedNotifications\",\"command\":\"O:48:\\\"Illuminate\\\\Notifications\\\\SendQueuedNotifications\\\":3:{s:11:\\\"notifiables\\\";O:45:\\\"Illuminate\\\\Contracts\\\\Database\\\\ModelIdentifier\\\":5:{s:5:\\\"class\\\";s:15:\\\"App\\\\Models\\\\User\\\";s:2:\\\"id\\\";a:1:{i:0;i:2;}s:9:\\\"relations\\\";a:0:{}s:10:\\\"connection\\\";s:5:\\\"mysql\\\";s:15:\\\"collectionClass\\\";N;}s:12:\\\"notification\\\";O:35:\\\"App\\\\Notifications\\\\OrderConfirmation\\\":2:{s:8:\\\"\\u0000*\\u0000order\\\";O:45:\\\"Illuminate\\\\Contracts\\\\Database\\\\ModelIdentifier\\\":5:{s:5:\\\"class\\\";s:16:\\\"App\\\\Models\\\\Order\\\";s:2:\\\"id\\\";i:11;s:9:\\\"relations\\\";a:1:{i:0;s:4:\\\"user\\\";}s:10:\\\"connection\\\";s:5:\\\"mysql\\\";s:15:\\\"collectionClass\\\";N;}s:2:\\\"id\\\";s:36:\\\"764cbe5b-e073-4d60-b47d-67ed9ec442d9\\\";}s:8:\\\"channels\\\";a:1:{i:0;s:4:\\\"mail\\\";}}\"},\"createdAt\":1764455118,\"delay\":null}', 0, NULL, 1764455118, 1764455118),
(9, 'default', '{\"uuid\":\"6bdccd92-3b5e-422a-9b5d-5fd376cc137f\",\"displayName\":\"App\\\\Notifications\\\\OrderConfirmation\",\"job\":\"Illuminate\\\\Queue\\\\CallQueuedHandler@call\",\"maxTries\":null,\"maxExceptions\":null,\"failOnTimeout\":false,\"backoff\":null,\"timeout\":null,\"retryUntil\":null,\"data\":{\"commandName\":\"Illuminate\\\\Notifications\\\\SendQueuedNotifications\",\"command\":\"O:48:\\\"Illuminate\\\\Notifications\\\\SendQueuedNotifications\\\":3:{s:11:\\\"notifiables\\\";O:45:\\\"Illuminate\\\\Contracts\\\\Database\\\\ModelIdentifier\\\":5:{s:5:\\\"class\\\";s:15:\\\"App\\\\Models\\\\User\\\";s:2:\\\"id\\\";a:1:{i:0;i:2;}s:9:\\\"relations\\\";a:0:{}s:10:\\\"connection\\\";s:5:\\\"mysql\\\";s:15:\\\"collectionClass\\\";N;}s:12:\\\"notification\\\";O:35:\\\"App\\\\Notifications\\\\OrderConfirmation\\\":2:{s:8:\\\"\\u0000*\\u0000order\\\";O:45:\\\"Illuminate\\\\Contracts\\\\Database\\\\ModelIdentifier\\\":5:{s:5:\\\"class\\\";s:16:\\\"App\\\\Models\\\\Order\\\";s:2:\\\"id\\\";i:16;s:9:\\\"relations\\\";a:1:{i:0;s:4:\\\"user\\\";}s:10:\\\"connection\\\";s:5:\\\"mysql\\\";s:15:\\\"collectionClass\\\";N;}s:2:\\\"id\\\";s:36:\\\"9039537b-8fdf-4620-a40e-fd3ee9790a2a\\\";}s:8:\\\"channels\\\";a:1:{i:0;s:4:\\\"mail\\\";}}\"},\"createdAt\":1764456319,\"delay\":null}', 0, NULL, 1764456319, 1764456319),
(10, 'default', '{\"uuid\":\"8afda455-cb34-4331-b1ea-823a4e83464f\",\"displayName\":\"App\\\\Notifications\\\\OrderConfirmation\",\"job\":\"Illuminate\\\\Queue\\\\CallQueuedHandler@call\",\"maxTries\":null,\"maxExceptions\":null,\"failOnTimeout\":false,\"backoff\":null,\"timeout\":null,\"retryUntil\":null,\"data\":{\"commandName\":\"Illuminate\\\\Notifications\\\\SendQueuedNotifications\",\"command\":\"O:48:\\\"Illuminate\\\\Notifications\\\\SendQueuedNotifications\\\":3:{s:11:\\\"notifiables\\\";O:45:\\\"Illuminate\\\\Contracts\\\\Database\\\\ModelIdentifier\\\":5:{s:5:\\\"class\\\";s:15:\\\"App\\\\Models\\\\User\\\";s:2:\\\"id\\\";a:1:{i:0;i:2;}s:9:\\\"relations\\\";a:0:{}s:10:\\\"connection\\\";s:5:\\\"mysql\\\";s:15:\\\"collectionClass\\\";N;}s:12:\\\"notification\\\";O:35:\\\"App\\\\Notifications\\\\OrderConfirmation\\\":2:{s:8:\\\"\\u0000*\\u0000order\\\";O:45:\\\"Illuminate\\\\Contracts\\\\Database\\\\ModelIdentifier\\\":5:{s:5:\\\"class\\\";s:16:\\\"App\\\\Models\\\\Order\\\";s:2:\\\"id\\\";i:17;s:9:\\\"relations\\\";a:1:{i:0;s:4:\\\"user\\\";}s:10:\\\"connection\\\";s:5:\\\"mysql\\\";s:15:\\\"collectionClass\\\";N;}s:2:\\\"id\\\";s:36:\\\"cce66bcb-a90b-486b-937f-1423a702a44d\\\";}s:8:\\\"channels\\\";a:1:{i:0;s:4:\\\"mail\\\";}}\"},\"createdAt\":1764456346,\"delay\":null}', 0, NULL, 1764456346, 1764456346),
(11, 'default', '{\"uuid\":\"ab2938dc-8131-4c2d-a78f-d76ef990e8a5\",\"displayName\":\"App\\\\Notifications\\\\OrderConfirmation\",\"job\":\"Illuminate\\\\Queue\\\\CallQueuedHandler@call\",\"maxTries\":null,\"maxExceptions\":null,\"failOnTimeout\":false,\"backoff\":null,\"timeout\":null,\"retryUntil\":null,\"data\":{\"commandName\":\"Illuminate\\\\Notifications\\\\SendQueuedNotifications\",\"command\":\"O:48:\\\"Illuminate\\\\Notifications\\\\SendQueuedNotifications\\\":3:{s:11:\\\"notifiables\\\";O:45:\\\"Illuminate\\\\Contracts\\\\Database\\\\ModelIdentifier\\\":5:{s:5:\\\"class\\\";s:15:\\\"App\\\\Models\\\\User\\\";s:2:\\\"id\\\";a:1:{i:0;i:2;}s:9:\\\"relations\\\";a:0:{}s:10:\\\"connection\\\";s:5:\\\"mysql\\\";s:15:\\\"collectionClass\\\";N;}s:12:\\\"notification\\\";O:35:\\\"App\\\\Notifications\\\\OrderConfirmation\\\":2:{s:8:\\\"\\u0000*\\u0000order\\\";O:45:\\\"Illuminate\\\\Contracts\\\\Database\\\\ModelIdentifier\\\":5:{s:5:\\\"class\\\";s:16:\\\"App\\\\Models\\\\Order\\\";s:2:\\\"id\\\";i:18;s:9:\\\"relations\\\";a:1:{i:0;s:4:\\\"user\\\";}s:10:\\\"connection\\\";s:5:\\\"mysql\\\";s:15:\\\"collectionClass\\\";N;}s:2:\\\"id\\\";s:36:\\\"b9b6dd21-2c55-4edf-8186-d770ced6ed07\\\";}s:8:\\\"channels\\\";a:1:{i:0;s:4:\\\"mail\\\";}}\"},\"createdAt\":1764456654,\"delay\":null}', 0, NULL, 1764456654, 1764456654),
(12, 'default', '{\"uuid\":\"8214a4f4-6751-4d5e-8b16-b394d286ecd7\",\"displayName\":\"App\\\\Notifications\\\\OrderConfirmation\",\"job\":\"Illuminate\\\\Queue\\\\CallQueuedHandler@call\",\"maxTries\":null,\"maxExceptions\":null,\"failOnTimeout\":false,\"backoff\":null,\"timeout\":null,\"retryUntil\":null,\"data\":{\"commandName\":\"Illuminate\\\\Notifications\\\\SendQueuedNotifications\",\"command\":\"O:48:\\\"Illuminate\\\\Notifications\\\\SendQueuedNotifications\\\":3:{s:11:\\\"notifiables\\\";O:45:\\\"Illuminate\\\\Contracts\\\\Database\\\\ModelIdentifier\\\":5:{s:5:\\\"class\\\";s:15:\\\"App\\\\Models\\\\User\\\";s:2:\\\"id\\\";a:1:{i:0;i:2;}s:9:\\\"relations\\\";a:0:{}s:10:\\\"connection\\\";s:5:\\\"mysql\\\";s:15:\\\"collectionClass\\\";N;}s:12:\\\"notification\\\";O:35:\\\"App\\\\Notifications\\\\OrderConfirmation\\\":2:{s:8:\\\"\\u0000*\\u0000order\\\";O:45:\\\"Illuminate\\\\Contracts\\\\Database\\\\ModelIdentifier\\\":5:{s:5:\\\"class\\\";s:16:\\\"App\\\\Models\\\\Order\\\";s:2:\\\"id\\\";i:19;s:9:\\\"relations\\\";a:1:{i:0;s:4:\\\"user\\\";}s:10:\\\"connection\\\";s:5:\\\"mysql\\\";s:15:\\\"collectionClass\\\";N;}s:2:\\\"id\\\";s:36:\\\"4369d24a-24d9-4600-a1b8-1de143be887e\\\";}s:8:\\\"channels\\\";a:1:{i:0;s:4:\\\"mail\\\";}}\"},\"createdAt\":1764457345,\"delay\":null}', 0, NULL, 1764457345, 1764457345),
(13, 'default', '{\"uuid\":\"91107b7c-bde4-44ff-99fd-60577b2a8431\",\"displayName\":\"App\\\\Notifications\\\\OrderConfirmation\",\"job\":\"Illuminate\\\\Queue\\\\CallQueuedHandler@call\",\"maxTries\":null,\"maxExceptions\":null,\"failOnTimeout\":false,\"backoff\":null,\"timeout\":null,\"retryUntil\":null,\"data\":{\"commandName\":\"Illuminate\\\\Notifications\\\\SendQueuedNotifications\",\"command\":\"O:48:\\\"Illuminate\\\\Notifications\\\\SendQueuedNotifications\\\":3:{s:11:\\\"notifiables\\\";O:45:\\\"Illuminate\\\\Contracts\\\\Database\\\\ModelIdentifier\\\":5:{s:5:\\\"class\\\";s:15:\\\"App\\\\Models\\\\User\\\";s:2:\\\"id\\\";a:1:{i:0;i:2;}s:9:\\\"relations\\\";a:0:{}s:10:\\\"connection\\\";s:5:\\\"mysql\\\";s:15:\\\"collectionClass\\\";N;}s:12:\\\"notification\\\";O:35:\\\"App\\\\Notifications\\\\OrderConfirmation\\\":2:{s:8:\\\"\\u0000*\\u0000order\\\";O:45:\\\"Illuminate\\\\Contracts\\\\Database\\\\ModelIdentifier\\\":5:{s:5:\\\"class\\\";s:16:\\\"App\\\\Models\\\\Order\\\";s:2:\\\"id\\\";i:20;s:9:\\\"relations\\\";a:1:{i:0;s:4:\\\"user\\\";}s:10:\\\"connection\\\";s:5:\\\"mysql\\\";s:15:\\\"collectionClass\\\";N;}s:2:\\\"id\\\";s:36:\\\"aa932f1f-cb70-4686-a30e-d9a5a44c37ca\\\";}s:8:\\\"channels\\\";a:1:{i:0;s:4:\\\"mail\\\";}}\"},\"createdAt\":1764457400,\"delay\":null}', 0, NULL, 1764457400, 1764457400);

-- --------------------------------------------------------

--
-- Table structure for table `job_batches`
--

CREATE TABLE `job_batches` (
  `id` varchar(255) COLLATE utf8mb4_unicode_ci NOT NULL,
  `name` varchar(255) COLLATE utf8mb4_unicode_ci NOT NULL,
  `total_jobs` int NOT NULL,
  `pending_jobs` int NOT NULL,
  `failed_jobs` int NOT NULL,
  `failed_job_ids` longtext COLLATE utf8mb4_unicode_ci NOT NULL,
  `options` mediumtext COLLATE utf8mb4_unicode_ci,
  `cancelled_at` int DEFAULT NULL,
  `created_at` int NOT NULL,
  `finished_at` int DEFAULT NULL
) ENGINE=InnoDB DEFAULT CHARSET=utf8mb4 COLLATE=utf8mb4_unicode_ci;

-- --------------------------------------------------------

--
-- Table structure for table `migrations`
--

CREATE TABLE `migrations` (
  `id` int UNSIGNED NOT NULL,
  `migration` varchar(255) COLLATE utf8mb4_unicode_ci NOT NULL,
  `batch` int NOT NULL
) ENGINE=InnoDB DEFAULT CHARSET=utf8mb4 COLLATE=utf8mb4_unicode_ci;

--
-- Dumping data for table `migrations`
--

INSERT INTO `migrations` (`id`, `migration`, `batch`) VALUES
(1, '0001_01_01_000000_create_users_table', 1),
(2, '0001_01_01_000001_create_cache_table', 1),
(3, '0001_01_01_000002_create_jobs_table', 1),
(4, '2025_10_23_183914_create_categories_table', 1),
(5, '2025_10_23_183914_create_products_table', 1),
(6, '2025_10_23_183915_create_product_images_table', 1),
(7, '2025_10_23_183916_create_carts_table', 1),
(8, '2025_10_23_183917_create_orders_table', 1),
(9, '2025_10_23_183918_create_order_items_table', 1),
(10, '2025_10_23_183919_create_cart_items_table', 1),
(11, '2025_10_23_190126_create_admins_table', 1),
(12, '2025_10_23_192021_create_permission_tables', 1),
(13, '2025_10_23_202744_create_personal_access_tokens_table', 1),
(14, '2025_10_23_211855_create_user_addresses_table', 1),
(15, '2025_10_23_212524_create_email_settings_table', 1),
(16, '2025_10_23_213639_create_coupons_table', 1),
(17, '2025_10_23_213657_create_coupon_usages_table', 1),
(18, '2025_10_23_213716_add_coupon_fields_to_carts_table', 1),
(19, '2025_10_23_215402_create_payment_gateway_settings_table', 1),
(20, '2025_10_23_215408_create_payment_logs_table', 1),
(21, '2025_10_23_221538_create_newsletter_subscribers_table', 1),
(22, '2025_10_23_221549_create_newsletter_settings_table', 1),
(23, '2025_10_23_223108_create_currencies_table', 1),
(24, '2025_10_23_233551_create_otp_codes_table', 1),
(25, '2025_10_23_234439_create_otp_settings_table', 1),
(26, '2025_10_24_000001_update_users_email_nullable_and_phone_unique', 1),
(27, '2025_10_24_120000_create_site_settings_table', 1),
(28, '2025_10_24_130000_add_coins_to_users_and_create_user_points_table', 1),
(29, '2025_10_24_131000_create_coin_settings_table', 1),
(30, '2025_10_24_132000_add_referral_fields_to_users_table', 1),
(31, '2025_10_24_134000_create_shipping_settings_table', 1),
(32, '2025_11_04_120000_create_wishlists_table', 1),
(33, '2025_11_04_120100_add_wishlist_enabled_to_site_settings', 1),
(34, '2025_11_04_120200_create_guest_wishlists_table', 1),
(35, '2025_11_07_022231_create_product_reviews_table', 1),
(36, '2025_11_07_022251_add_review_settings_to_site_settings_table', 1),
(37, '2025_11_07_023046_add_newsletter_settings_to_site_settings_table', 1),
(38, '2025_11_07_024826_add_customer_service_links_to_site_settings_table', 1),
(39, '2025_11_07_025029_create_pages_table', 1),
(40, '2025_11_08_190255_add_product_display_columns_to_site_settings_table', 2),
(41, '2025_11_08_205615_add_schema_sitemap_settings_to_site_settings_table', 3),
(42, '2025_11_08_212732_add_tracking_codes_to_site_settings_table', 4),
(43, '2025_11_15_210150_update_shipping_settings_table_add_flat_rate', 5),
(44, '2025_01_20_000001_update_orders_table_for_bangladesh', 6),
(45, '2025_01_20_000002_update_shipping_settings_for_bangladesh', 6),
(46, '2025_01_20_000003_remove_unused_shipping_fields', 7),
(47, '2025_01_20_000004_create_districts_table', 8),
(48, '2025_01_20_000005_create_upazilas_table', 8),
(49, '2025_01_20_000006_add_missing_shipping_settings_columns', 9),
(50, '2025_11_29_205046_add_tax_settings_to_shipping_settings_table', 10),
(51, '2025_11_29_212009_remove_union_fields_from_orders_table', 11),
(52, '2025_11_29_212144_remove_unused_shipping_settings_fields', 12),
(53, '2025_11_29_213039_add_bangladeshi_fields_to_user_addresses_table', 13),
(54, '2025_11_29_213506_remove_unused_city_fields_from_orders_table', 14),
(55, '2025_11_29_214554_simplify_currencies_table', 15),
(56, '2025_11_29_230952_add_sms_package_and_sandbox_to_otp_settings_table', 16),
(57, '2025_11_29_232138_add_smtp_settings_to_email_settings_table', 17);

-- --------------------------------------------------------

--
-- Table structure for table `model_has_permissions`
--

CREATE TABLE `model_has_permissions` (
  `permission_id` bigint UNSIGNED NOT NULL,
  `model_type` varchar(255) COLLATE utf8mb4_unicode_ci NOT NULL,
  `model_id` bigint UNSIGNED NOT NULL
) ENGINE=InnoDB DEFAULT CHARSET=utf8mb4 COLLATE=utf8mb4_unicode_ci;

-- --------------------------------------------------------

--
-- Table structure for table `model_has_roles`
--

CREATE TABLE `model_has_roles` (
  `role_id` bigint UNSIGNED NOT NULL,
  `model_type` varchar(255) COLLATE utf8mb4_unicode_ci NOT NULL,
  `model_id` bigint UNSIGNED NOT NULL
) ENGINE=InnoDB DEFAULT CHARSET=utf8mb4 COLLATE=utf8mb4_unicode_ci;

--
-- Dumping data for table `model_has_roles`
--

INSERT INTO `model_has_roles` (`role_id`, `model_type`, `model_id`) VALUES
(1, 'App\\Models\\Admin', 1);

-- --------------------------------------------------------

--
-- Table structure for table `newsletter_settings`
--

CREATE TABLE `newsletter_settings` (
  `id` bigint UNSIGNED NOT NULL,
  `enabled` tinyint(1) NOT NULL DEFAULT '1',
  `double_opt_in` tinyint(1) NOT NULL DEFAULT '0',
  `send_welcome_email` tinyint(1) NOT NULL DEFAULT '0',
  `provider` varchar(255) COLLATE utf8mb4_unicode_ci NOT NULL DEFAULT 'local',
  `provider_config` json DEFAULT NULL,
  `created_at` timestamp NULL DEFAULT NULL,
  `updated_at` timestamp NULL DEFAULT NULL
) ENGINE=InnoDB DEFAULT CHARSET=utf8mb4 COLLATE=utf8mb4_unicode_ci;

-- --------------------------------------------------------

--
-- Table structure for table `newsletter_subscribers`
--

CREATE TABLE `newsletter_subscribers` (
  `id` bigint UNSIGNED NOT NULL,
  `email` varchar(255) COLLATE utf8mb4_unicode_ci NOT NULL,
  `name` varchar(255) COLLATE utf8mb4_unicode_ci DEFAULT NULL,
  `status` varchar(255) COLLATE utf8mb4_unicode_ci NOT NULL DEFAULT 'subscribed',
  `source` varchar(255) COLLATE utf8mb4_unicode_ci DEFAULT NULL,
  `token` varchar(255) COLLATE utf8mb4_unicode_ci DEFAULT NULL,
  `subscribed_at` timestamp NULL DEFAULT NULL,
  `unsubscribed_at` timestamp NULL DEFAULT NULL,
  `created_at` timestamp NULL DEFAULT NULL,
  `updated_at` timestamp NULL DEFAULT NULL
) ENGINE=InnoDB DEFAULT CHARSET=utf8mb4 COLLATE=utf8mb4_unicode_ci;

--
-- Dumping data for table `newsletter_subscribers`
--

INSERT INTO `newsletter_subscribers` (`id`, `email`, `name`, `status`, `source`, `token`, `subscribed_at`, `unsubscribed_at`, `created_at`, `updated_at`) VALUES
(1, 'needyamin@gmail.com', NULL, 'unsubscribed', 'home', '60cebf52-ffec-4838-b66d-e6bb893206bc', NULL, NULL, '2025-11-08 11:14:30', '2025-11-08 11:16:56'),
(2, 'otitheedev@gmail.com', NULL, 'unsubscribed', 'home', '05ad0a20-ea3a-4e56-9eed-1c55540a9c1b', NULL, NULL, '2025-11-08 13:36:13', '2025-11-08 13:36:13');

-- --------------------------------------------------------

--
-- Table structure for table `orders`
--

CREATE TABLE `orders` (
  `id` bigint UNSIGNED NOT NULL,
  `number` varchar(255) COLLATE utf8mb4_unicode_ci NOT NULL,
  `user_id` bigint UNSIGNED DEFAULT NULL,
  `status` varchar(255) COLLATE utf8mb4_unicode_ci NOT NULL DEFAULT 'pending',
  `subtotal` decimal(10,2) NOT NULL DEFAULT '0.00',
  `discount_total` decimal(10,2) NOT NULL DEFAULT '0.00',
  `tax_total` decimal(10,2) NOT NULL DEFAULT '0.00',
  `shipping_total` decimal(10,2) NOT NULL DEFAULT '0.00',
  `grand_total` decimal(10,2) NOT NULL DEFAULT '0.00',
  `currency` varchar(3) COLLATE utf8mb4_unicode_ci NOT NULL DEFAULT 'BDT',
  `payment_method` varchar(255) COLLATE utf8mb4_unicode_ci DEFAULT NULL,
  `payment_transaction_id` varchar(255) COLLATE utf8mb4_unicode_ci DEFAULT NULL,
  `payment_transaction_details` text COLLATE utf8mb4_unicode_ci,
  `payment_status` varchar(255) COLLATE utf8mb4_unicode_ci NOT NULL DEFAULT 'unpaid',
  `shipping_method` varchar(255) COLLATE utf8mb4_unicode_ci DEFAULT NULL,
  `shipping_courier` varchar(255) COLLATE utf8mb4_unicode_ci DEFAULT NULL,
  `shipping_tracking_number` varchar(255) COLLATE utf8mb4_unicode_ci DEFAULT NULL,
  `shipping_status` varchar(255) COLLATE utf8mb4_unicode_ci NOT NULL DEFAULT 'unshipped',
  `billing_name` varchar(255) COLLATE utf8mb4_unicode_ci NOT NULL,
  `billing_email` varchar(255) COLLATE utf8mb4_unicode_ci NOT NULL,
  `billing_phone` varchar(255) COLLATE utf8mb4_unicode_ci DEFAULT NULL,
  `billing_address` varchar(255) COLLATE utf8mb4_unicode_ci DEFAULT NULL,
  `billing_postcode` varchar(255) COLLATE utf8mb4_unicode_ci DEFAULT NULL,
  `billing_country` varchar(255) COLLATE utf8mb4_unicode_ci DEFAULT NULL,
  `billing_division` varchar(255) COLLATE utf8mb4_unicode_ci DEFAULT NULL,
  `billing_district` varchar(255) COLLATE utf8mb4_unicode_ci DEFAULT NULL,
  `billing_upazila` varchar(255) COLLATE utf8mb4_unicode_ci DEFAULT NULL,
  `shipping_name` varchar(255) COLLATE utf8mb4_unicode_ci DEFAULT NULL,
  `shipping_phone` varchar(255) COLLATE utf8mb4_unicode_ci DEFAULT NULL,
  `shipping_address` varchar(255) COLLATE utf8mb4_unicode_ci DEFAULT NULL,
  `shipping_postcode` varchar(255) COLLATE utf8mb4_unicode_ci DEFAULT NULL,
  `shipping_country` varchar(255) COLLATE utf8mb4_unicode_ci DEFAULT NULL,
  `shipping_division` varchar(255) COLLATE utf8mb4_unicode_ci DEFAULT NULL,
  `shipping_district` varchar(255) COLLATE utf8mb4_unicode_ci DEFAULT NULL,
  `shipping_upazila` varchar(255) COLLATE utf8mb4_unicode_ci DEFAULT NULL,
  `created_at` timestamp NULL DEFAULT NULL,
  `updated_at` timestamp NULL DEFAULT NULL
) ENGINE=InnoDB DEFAULT CHARSET=utf8mb4 COLLATE=utf8mb4_unicode_ci;

--
-- Dumping data for table `orders`
--

INSERT INTO `orders` (`id`, `number`, `user_id`, `status`, `subtotal`, `discount_total`, `tax_total`, `shipping_total`, `grand_total`, `currency`, `payment_method`, `payment_transaction_id`, `payment_transaction_details`, `payment_status`, `shipping_method`, `shipping_courier`, `shipping_tracking_number`, `shipping_status`, `billing_name`, `billing_email`, `billing_phone`, `billing_address`, `billing_postcode`, `billing_country`, `billing_division`, `billing_district`, `billing_upazila`, `shipping_name`, `shipping_phone`, `shipping_address`, `shipping_postcode`, `shipping_country`, `shipping_division`, `shipping_district`, `shipping_upazila`, `created_at`, `updated_at`) VALUES
(1, 'POS-20251108-181517-121', 1, 'shipped', '44116.60', '100.00', '50.00', '100.00', '44166.60', 'BDT', NULL, NULL, NULL, 'unpaid', NULL, NULL, NULL, 'shipped', 'Test User', 'test@example.com', '', NULL, NULL, NULL, NULL, NULL, NULL, NULL, NULL, NULL, NULL, NULL, NULL, NULL, NULL, '2025-11-08 12:15:17', '2025-11-08 12:15:36'),
(2, 'PFQRQRZKJF', 2, 'pending', '329.17', '0.00', '0.00', '100.00', '429.17', 'BDT', 'cod', NULL, NULL, 'unpaid', NULL, NULL, NULL, 'unshipped', 'admin@example.com', 'admin@example.com', '01878578504', NULL, NULL, 'Bangladesh', NULL, NULL, NULL, NULL, NULL, NULL, NULL, NULL, NULL, NULL, NULL, '2025-11-29 14:23:58', '2025-11-29 14:23:58'),
(3, 'RCJ08XYOYX', 2, 'pending', '610.68', '0.00', '0.00', '0.00', '610.68', 'BDT', 'ssl_commerce', NULL, NULL, 'unpaid', NULL, NULL, NULL, 'unshipped', 'admin@example.com', 'admin@example.com', '01878578504', NULL, NULL, 'Bangladesh', 'Dhaka', NULL, NULL, NULL, NULL, NULL, NULL, NULL, NULL, NULL, NULL, '2025-11-29 14:41:06', '2025-11-29 14:41:06'),
(4, 'PNSTAJ11O2', 2, 'pending', '265.37', '0.00', '50.00', '10.00', '325.37', 'BDT', 'cod', NULL, NULL, 'unpaid', NULL, NULL, NULL, 'unshipped', 'Yamin Hossain', 'admin@example.com', '01845000000', 'ghope', '1207', 'Bangladesh', 'Dhaka', NULL, NULL, NULL, NULL, NULL, NULL, NULL, NULL, NULL, NULL, '2025-11-29 15:39:54', '2025-11-29 15:39:54'),
(5, '7S3J5GGCDH', 2, 'pending', '315.83', '0.00', '50.00', '10.00', '375.83', 'BDT', 'cod', NULL, NULL, 'unpaid', NULL, NULL, NULL, 'unshipped', 'Yamin Hossain', 'admin@example.com', '01845000000', 'ghope', '1207', 'Bangladesh', 'Dhaka', 'Dhaka', NULL, NULL, NULL, NULL, NULL, NULL, NULL, NULL, NULL, '2025-11-29 15:41:21', '2025-11-29 15:41:21'),
(6, '7VU7YFV95U', 2, 'pending', '203.76', '0.00', '50.00', '10.00', '263.76', 'BDT', 'cod', NULL, NULL, 'unpaid', NULL, NULL, NULL, 'unshipped', 'Yamin Hossain', 'admin@example.com', '01845000000', 'ghope', '1207', 'Bangladesh', 'Dhaka', 'Gazipur', NULL, NULL, NULL, NULL, NULL, NULL, NULL, NULL, NULL, '2025-11-29 15:44:13', '2025-11-29 15:44:13'),
(7, 'RT1TG7UZ4O', 2, 'pending', '455.79', '0.00', '50.00', '10.00', '515.79', 'BDT', 'nagad', 'NAGAD_692B70E40D555', '{\"success\":true,\"payment_id\":\"NAGAD_692B70E40D555\",\"transaction_id\":\"NAGAD_692B70E40D555\",\"amount\":515.79,\"currency\":\"BDT\",\"status\":\"pending\",\"message\":\"Please complete payment via Nagad\",\"redirect_url\":null}', 'unpaid', NULL, NULL, NULL, 'unshipped', 'Yamin Hossain', 'admin@example.com', '01845000000', 'ghope', '1207', 'Bangladesh', 'Dhaka', NULL, NULL, NULL, NULL, NULL, NULL, NULL, NULL, NULL, NULL, '2025-11-29 16:17:08', '2025-11-29 16:17:08'),
(8, 'U5WHYJWU3W', 2, 'pending', '300.72', '0.00', '50.00', '10.00', '360.72', 'BDT', 'ssl_commerce', 'SSL_8_1764455001', '{\"success\":true,\"payment_id\":\"SSL_8_1764455001\",\"transaction_id\":\"SSL_8_1764455001\",\"amount\":360.72,\"currency\":\"BDT\",\"status\":\"pending\",\"redirect_url\":\"https:\\/\\/sandbox.sslcommerz.com\\/gwprocess\\/v4\\/api.php\",\"post_data\":{\"store_id\":\"testbox\",\"store_passwd\":\"qwerty\",\"total_amount\":\"360.72\",\"currency\":\"BDT\",\"tran_id\":\"SSL_8_1764455001\",\"success_url\":\"http:\\/\\/localhost\\/payment\\/ssl-commerce\\/success\",\"fail_url\":\"http:\\/\\/localhost\\/payment\\/ssl-commerce\\/fail\",\"cancel_url\":\"http:\\/\\/localhost\\/payment\\/ssl-commerce\\/cancel\",\"emi_option\":0,\"cus_name\":\"Yamin Hossain\",\"cus_email\":\"admin@example.com\",\"cus_add1\":\"ghope\",\"cus_city\":\"Dhaka\",\"cus_postcode\":\"1207\",\"cus_country\":\"Bangladesh\",\"cus_phone\":\"\",\"product_name\":\"Order #8\",\"product_category\":\"Ecommerce\",\"product_profile\":\"general\"},\"method\":\"POST\"}', 'unpaid', NULL, NULL, NULL, 'unshipped', 'Yamin Hossain', 'admin@example.com', '01845000000', 'ghope', '1207', 'Bangladesh', 'Dhaka', NULL, NULL, NULL, NULL, NULL, NULL, NULL, NULL, NULL, NULL, '2025-11-29 16:23:21', '2025-11-29 16:23:21'),
(9, 'TND1U9QLWS', 2, 'pending', '300.72', '0.00', '50.00', '10.00', '360.72', 'BDT', 'bkash', 'BKASH_692B7266DF8B8', '{\"success\":true,\"payment_id\":\"BKASH_692B7266DF8B8\",\"transaction_id\":\"BKASH_692B7266DF8B8\",\"amount\":360.72,\"currency\":\"BDT\",\"status\":\"pending\",\"message\":\"Please complete payment via bKash\",\"redirect_url\":null}', 'unpaid', NULL, NULL, NULL, 'unshipped', 'Yamin Hossain', 'admin@example.com', '01845000000', 'ghope', '1207', 'Bangladesh', 'Dhaka', NULL, NULL, NULL, NULL, NULL, NULL, NULL, NULL, NULL, NULL, '2025-11-29 16:23:34', '2025-11-29 16:23:34'),
(10, 'X2E8PNZU3J', 2, 'pending', '480.60', '0.00', '50.00', '10.00', '540.60', 'BDT', 'ssl_commerce', 'SSL_10_1764455091', '{\"success\":true,\"payment_id\":\"SSL_10_1764455091\",\"transaction_id\":\"SSL_10_1764455091\",\"amount\":540.6,\"currency\":\"BDT\",\"status\":\"pending\",\"redirect_url\":\"https:\\/\\/sandbox.sslcommerz.com\\/gwprocess\\/v4\\/api.php\",\"post_data\":{\"store_id\":\"testbox\",\"store_passwd\":\"qwerty\",\"total_amount\":\"540.60\",\"currency\":\"BDT\",\"tran_id\":\"SSL_10_1764455091\",\"success_url\":\"http:\\/\\/localhost\\/payment\\/ssl-commerce\\/success\",\"fail_url\":\"http:\\/\\/localhost\\/payment\\/ssl-commerce\\/fail\",\"cancel_url\":\"http:\\/\\/localhost\\/payment\\/ssl-commerce\\/cancel\",\"emi_option\":0,\"cus_name\":\"Yamin Hossain\",\"cus_email\":\"admin@example.com\",\"cus_add1\":\"ghope\",\"cus_city\":\"Dhaka\",\"cus_postcode\":\"1207\",\"cus_country\":\"Bangladesh\",\"cus_phone\":\"\",\"product_name\":\"Order #10\",\"product_category\":\"Ecommerce\",\"product_profile\":\"general\"},\"method\":\"POST\"}', 'unpaid', NULL, NULL, NULL, 'unshipped', 'Yamin Hossain', 'admin@example.com', '01845000000', 'ghope', '1207', 'Bangladesh', 'Dhaka', NULL, NULL, NULL, NULL, NULL, NULL, NULL, NULL, NULL, NULL, '2025-11-29 16:24:51', '2025-11-29 16:24:51'),
(11, '1OTWMECWCI', 2, 'pending', '480.60', '0.00', '50.00', '10.00', '540.60', 'BDT', 'bkash', 'BKASH_692B72CE063CB', '{\"success\":true,\"payment_id\":\"BKASH_692B72CE063CB\",\"transaction_id\":\"BKASH_692B72CE063CB\",\"amount\":540.6,\"currency\":\"BDT\",\"status\":\"pending\",\"message\":\"Please complete payment via bKash\",\"redirect_url\":null}', 'unpaid', NULL, NULL, NULL, 'unshipped', 'Yamin Hossain', 'admin@example.com', '01845000000', 'ghope', '1207', 'Bangladesh', 'Dhaka', NULL, NULL, NULL, NULL, NULL, NULL, NULL, NULL, NULL, NULL, '2025-11-29 16:25:18', '2025-11-29 16:25:18'),
(12, '5ANQMSL06F', 2, 'pending', '449.04', '0.00', '50.00', '10.00', '509.04', 'BDT', 'bkash', 'BKASH_12_1764455435', '{\"success\":true,\"payment_id\":\"BKASH_12_1764455435\",\"transaction_id\":\"BKASH_12_1764455435\",\"amount\":509.04,\"currency\":\"BDT\",\"status\":\"pending\",\"redirect_url\":\"https:\\/\\/ecommerce.test\\/payment\\/bkash\\/process?order_id=12&transaction_id=BKASH_12_1764455435&amount=509.04\",\"post_data\":{\"order_id\":12,\"transaction_id\":\"BKASH_12_1764455435\",\"amount\":509.04,\"phone\":\"01878578504\"}}', 'failed', NULL, NULL, NULL, 'unshipped', 'Yamin Hossain', 'admin@example.com', '01845000000', 'ghope', '1207', 'Bangladesh', 'Dhaka', NULL, NULL, NULL, NULL, NULL, NULL, NULL, NULL, NULL, NULL, '2025-11-29 16:30:35', '2025-11-29 16:30:57'),
(13, 'QIF1RCGXOI', 2, 'pending', '260.29', '0.00', '50.00', '10.00', '320.29', 'BDT', 'bkash', 'BKASH_13_1764455516', '{\"success\":true,\"payment_id\":\"BKASH_13_1764455516\",\"transaction_id\":\"BKASH_13_1764455516\",\"amount\":320.29,\"currency\":\"BDT\",\"status\":\"pending\",\"redirect_url\":\"https:\\/\\/ecommerce.test\\/payment\\/bkash\\/process?order_id=13&transaction_id=BKASH_13_1764455516&amount=320.29\",\"post_data\":{\"order_id\":13,\"transaction_id\":\"BKASH_13_1764455516\",\"amount\":320.29,\"phone\":\"01878578504\"}}', 'failed', NULL, NULL, NULL, 'unshipped', 'Yamin Hossain', 'admin@example.com', '01845000000', 'ghope', '1207', 'Bangladesh', 'Dhaka', NULL, NULL, NULL, NULL, NULL, NULL, NULL, NULL, NULL, NULL, '2025-11-29 16:31:56', '2025-11-29 16:32:39'),
(14, '6BITJKHPDP', 2, 'pending', '260.29', '0.00', '50.00', '10.00', '320.29', 'BDT', 'ssl_commerce', 'SSL_14_1764455674', '{\"success\":true,\"payment_id\":\"SSL_14_1764455674\",\"transaction_id\":\"SSL_14_1764455674\",\"amount\":320.29,\"currency\":\"BDT\",\"status\":\"pending\",\"redirect_url\":\"https:\\/\\/sandbox.sslcommerz.com\\/gwprocess\\/v4\\/api.php\",\"post_data\":{\"store_id\":\"testbox\",\"store_passwd\":\"qwerty\",\"total_amount\":\"320.29\",\"currency\":\"BDT\",\"tran_id\":\"SSL_14_1764455674\",\"success_url\":\"http:\\/\\/localhost\\/payment\\/ssl-commerce\\/success\",\"fail_url\":\"http:\\/\\/localhost\\/payment\\/ssl-commerce\\/fail\",\"cancel_url\":\"http:\\/\\/localhost\\/payment\\/ssl-commerce\\/cancel\",\"emi_option\":0,\"cus_name\":\"Yamin Hossain\",\"cus_email\":\"admin@example.com\",\"cus_add1\":\"ghope\",\"cus_city\":\"Dhaka\",\"cus_postcode\":\"1207\",\"cus_country\":\"Bangladesh\",\"cus_phone\":\"\",\"product_name\":\"Order #14\",\"product_category\":\"Ecommerce\",\"product_profile\":\"general\"},\"method\":\"POST\"}', 'unpaid', NULL, NULL, NULL, 'unshipped', 'Yamin Hossain', 'admin@example.com', '01845000000', 'ghope', '1207', 'Bangladesh', 'Dhaka', NULL, NULL, NULL, NULL, NULL, NULL, NULL, NULL, NULL, NULL, '2025-11-29 16:34:34', '2025-11-29 16:34:34'),
(15, 'PMNXC0SCMT', 2, 'pending', '260.29', '0.00', '50.00', '10.00', '320.29', 'BDT', 'bkash', 'BKASH_15_1764455978', '{\"success\":true,\"payment_id\":\"BKASH_15_1764455978\",\"transaction_id\":\"BKASH_15_1764455978\",\"amount\":320.29,\"currency\":\"BDT\",\"status\":\"pending\",\"redirect_url\":\"https:\\/\\/ecommerce.test\\/payment\\/bkash\\/process?order_id=15&transaction_id=BKASH_15_1764455978&amount=320.29\",\"post_data\":{\"order_id\":15,\"transaction_id\":\"BKASH_15_1764455978\",\"amount\":320.29,\"phone\":\"01845000000\"}}', 'paid', NULL, NULL, NULL, 'unshipped', 'Yamin Hossain', 'admin@example.com', '01845000000', 'ghope', '1207', 'Bangladesh', 'Dhaka', NULL, NULL, NULL, NULL, NULL, NULL, NULL, NULL, NULL, NULL, '2025-11-29 16:39:38', '2025-11-29 16:39:48'),
(16, 'OAVIS8DEU1', 2, 'pending', '260.29', '0.00', '50.00', '10.00', '320.29', 'BDT', 'bkash', NULL, NULL, 'unpaid', NULL, NULL, NULL, 'unshipped', 'Yamin Hossain', 'admin@example.com', '01845000000', 'ghope', '1207', 'Bangladesh', 'Dhaka', NULL, NULL, NULL, NULL, NULL, NULL, NULL, NULL, NULL, NULL, '2025-11-29 16:45:18', '2025-11-29 16:45:18'),
(17, 'LGNL8920EY', 2, 'pending', '260.29', '0.00', '50.00', '10.00', '320.29', 'BDT', 'bkash', NULL, NULL, 'unpaid', NULL, NULL, NULL, 'unshipped', 'Yamin Hossain', 'admin@example.com', '01845000000', 'ghope', '1207', 'Bangladesh', 'Dhaka', NULL, NULL, NULL, NULL, NULL, NULL, NULL, NULL, NULL, NULL, '2025-11-29 16:45:46', '2025-11-29 16:45:46'),
(18, 'JWRTQIXPXN', 2, 'pending', '260.29', '0.00', '50.00', '10.00', '320.29', 'BDT', 'bkash', NULL, NULL, 'unpaid', NULL, NULL, NULL, 'unshipped', 'Yamin Hossain', 'admin@example.com', '01845000000', 'ghope', '1207', 'Bangladesh', 'Dhaka', NULL, NULL, NULL, NULL, NULL, NULL, NULL, NULL, NULL, NULL, '2025-11-29 16:50:54', '2025-11-29 16:50:54'),
(19, 'KDVUICVM4Q', 2, 'pending', '131.88', '0.00', '50.00', '10.00', '191.88', 'BDT', 'bkash', NULL, NULL, 'unpaid', NULL, NULL, NULL, 'unshipped', 'Yamin Hossain', 'admin@example.com', '01845000000', 'ghope', '1207', 'Bangladesh', 'Dhaka', NULL, NULL, NULL, NULL, NULL, NULL, NULL, NULL, NULL, NULL, '2025-11-29 17:02:25', '2025-11-29 17:02:25'),
(20, 'UD57XXWG8S', 2, 'pending', '260.29', '0.00', '50.00', '10.00', '320.29', 'BDT', 'bkash', NULL, NULL, 'unpaid', NULL, NULL, NULL, 'unshipped', 'Yamin Hossain', 'admin@example.com', '01845000000', 'ghope', '1207', 'Bangladesh', 'Dhaka', NULL, NULL, NULL, NULL, NULL, NULL, NULL, NULL, NULL, NULL, '2025-11-29 17:03:19', '2025-11-29 17:03:19'),
(21, 'UP4NABVIFA', 2, 'pending', '36.47', '0.00', '50.00', '10.00', '96.47', 'BDT', 'bkash', NULL, NULL, 'failed', NULL, NULL, NULL, 'unshipped', 'Yamin Hossain', 'admin@example.com', '01845000000', 'ghope', '1207', 'Bangladesh', 'Dhaka', NULL, NULL, NULL, NULL, NULL, NULL, NULL, NULL, NULL, NULL, '2025-11-29 17:08:05', '2025-11-29 17:08:05'),
(22, 'OMWJXWR6F3', 2, 'pending', '36.47', '0.00', '50.00', '10.00', '96.47', 'BDT', 'ssl_commerce', 'SSL_22_1764457691', '{\"success\":true,\"payment_id\":\"SSL_22_1764457691\",\"transaction_id\":\"SSL_22_1764457691\",\"amount\":96.47,\"currency\":\"BDT\",\"status\":\"pending\",\"redirect_url\":\"https:\\/\\/sandbox.sslcommerz.com\\/gwprocess\\/v4\\/api.php\",\"post_data\":{\"store_id\":\"testbox\",\"store_passwd\":\"qwerty\",\"total_amount\":\"96.47\",\"currency\":\"BDT\",\"tran_id\":\"SSL_22_1764457691\",\"success_url\":\"http:\\/\\/localhost\\/payment\\/ssl-commerce\\/success\",\"fail_url\":\"http:\\/\\/localhost\\/payment\\/ssl-commerce\\/fail\",\"cancel_url\":\"http:\\/\\/localhost\\/payment\\/ssl-commerce\\/cancel\",\"emi_option\":0,\"cus_name\":\"Yamin Hossain\",\"cus_email\":\"admin@example.com\",\"cus_add1\":\"ghope\",\"cus_city\":\"Dhaka\",\"cus_postcode\":\"1207\",\"cus_country\":\"Bangladesh\",\"cus_phone\":\"01845000000\",\"product_name\":\"Order #22\",\"product_category\":\"Ecommerce\",\"product_profile\":\"general\"},\"method\":\"POST\"}', 'unpaid', NULL, NULL, NULL, 'unshipped', 'Yamin Hossain', 'admin@example.com', '01845000000', 'ghope', '1207', 'Bangladesh', 'Dhaka', NULL, NULL, NULL, NULL, NULL, NULL, NULL, NULL, NULL, NULL, '2025-11-29 17:08:11', '2025-11-29 17:08:11');

-- --------------------------------------------------------

--
-- Table structure for table `order_items`
--

CREATE TABLE `order_items` (
  `id` bigint UNSIGNED NOT NULL,
  `order_id` bigint UNSIGNED NOT NULL,
  `product_id` bigint UNSIGNED DEFAULT NULL,
  `product_name` varchar(255) COLLATE utf8mb4_unicode_ci NOT NULL,
  `product_sku` varchar(255) COLLATE utf8mb4_unicode_ci DEFAULT NULL,
  `quantity` int UNSIGNED NOT NULL,
  `unit_price` decimal(10,2) NOT NULL,
  `line_total` decimal(10,2) NOT NULL,
  `created_at` timestamp NULL DEFAULT NULL,
  `updated_at` timestamp NULL DEFAULT NULL
) ENGINE=InnoDB DEFAULT CHARSET=utf8mb4 COLLATE=utf8mb4_unicode_ci;

--
-- Dumping data for table `order_items`
--

INSERT INTO `order_items` (`id`, `order_id`, `product_id`, `product_name`, `product_sku`, `quantity`, `unit_price`, `line_total`, `created_at`, `updated_at`) VALUES
(1, 1, 63, 'Illum placeat iste', 'JFHW5QRP', 2, '1467.40', '2934.80', '2025-11-08 12:15:17', '2025-11-08 12:15:17'),
(2, 1, 8, 'Consectetur doloribus aut', 'KQXG6JCZ', 1, '14799.40', '14799.40', '2025-11-08 12:15:17', '2025-11-08 12:15:17'),
(3, 1, 63, 'Illum placeat iste', 'JFHW5QRP', 1, '1467.40', '1467.40', '2025-11-08 12:15:17', '2025-11-08 12:15:17'),
(4, 1, 63, 'Illum placeat iste', 'JFHW5QRP', 1, '1467.40', '1467.40', '2025-11-08 12:15:17', '2025-11-08 12:15:17'),
(5, 1, 15, 'Ipsum voluptas quis', 'YNPGBW4N', 1, '23447.60', '23447.60', '2025-11-08 12:15:17', '2025-11-08 12:15:17'),
(6, 2, 55, 'Dolorem qui id', 'FHP37G9L', 1, '190.42', '190.42', '2025-11-29 14:23:58', '2025-11-29 14:23:58'),
(7, 2, 63, 'Illum placeat iste', 'JFHW5QRP', 2, '13.34', '26.68', '2025-11-29 14:23:58', '2025-11-29 14:23:58'),
(8, 2, 64, 'Blanditiis eum labore', 'BE61QCAG', 1, '112.07', '112.07', '2025-11-29 14:23:58', '2025-11-29 14:23:58'),
(9, 3, 15, 'Ipsum voluptas quis', 'YNPGBW4N', 1, '213.16', '213.16', '2025-11-29 14:41:06', '2025-11-29 14:41:06'),
(10, 3, 24, 'Mollitia ut sit', 'PJQIS541', 1, '123.51', '123.51', '2025-11-29 14:41:06', '2025-11-29 14:41:06'),
(11, 3, 64, 'Blanditiis eum labore', 'BE61QCAG', 1, '112.07', '112.07', '2025-11-29 14:41:06', '2025-11-29 14:41:06'),
(12, 3, 66, 'Totam quis esse', 'K9NTYNHL', 1, '161.94', '161.94', '2025-11-29 14:41:06', '2025-11-29 14:41:06'),
(13, 4, 56, 'Iste vel dolor', 'HISY3IN6', 1, '54.95', '54.95', '2025-11-29 15:39:54', '2025-11-29 15:39:54'),
(14, 4, 57, 'Magni tempora ad', 'PZOCEV8Z', 1, '15.96', '15.96', '2025-11-29 15:39:54', '2025-11-29 15:39:54'),
(15, 4, 58, 'Nisi commodi ab', 'DJ9COCC4', 1, '181.12', '181.12', '2025-11-29 15:39:54', '2025-11-29 15:39:54'),
(16, 4, 63, 'Illum placeat iste', 'JFHW5QRP', 1, '13.34', '13.34', '2025-11-29 15:39:54', '2025-11-29 15:39:54'),
(17, 5, 55, 'Dolorem qui id', 'FHP37G9L', 1, '190.42', '190.42', '2025-11-29 15:41:21', '2025-11-29 15:41:21'),
(18, 5, 63, 'Illum placeat iste', 'JFHW5QRP', 1, '13.34', '13.34', '2025-11-29 15:41:21', '2025-11-29 15:41:21'),
(19, 5, 64, 'Blanditiis eum labore', 'BE61QCAG', 1, '112.07', '112.07', '2025-11-29 15:41:21', '2025-11-29 15:41:21'),
(20, 6, 55, 'Dolorem qui id', 'FHP37G9L', 1, '190.42', '190.42', '2025-11-29 15:44:13', '2025-11-29 15:44:13'),
(21, 6, 63, 'Illum placeat iste', 'JFHW5QRP', 1, '13.34', '13.34', '2025-11-29 15:44:13', '2025-11-29 15:44:13'),
(22, 7, 55, 'Dolorem qui id', 'FHP37G9L', 1, '190.42', '190.42', '2025-11-29 16:17:08', '2025-11-29 16:17:08'),
(23, 7, 56, 'Iste vel dolor', 'HISY3IN6', 1, '54.95', '54.95', '2025-11-29 16:17:08', '2025-11-29 16:17:08'),
(24, 7, 57, 'Magni tempora ad', 'PZOCEV8Z', 1, '15.96', '15.96', '2025-11-29 16:17:08', '2025-11-29 16:17:08'),
(25, 7, 58, 'Nisi commodi ab', 'DJ9COCC4', 1, '181.12', '181.12', '2025-11-29 16:17:08', '2025-11-29 16:17:08'),
(26, 7, 63, 'Illum placeat iste', 'JFHW5QRP', 1, '13.34', '13.34', '2025-11-29 16:17:08', '2025-11-29 16:17:08'),
(27, 9, 111, 'Possimus tempore quis', '1YQDRNSR', 1, '97.39', '97.39', '2025-11-29 16:23:34', '2025-11-29 16:23:34'),
(28, 9, 120, 'Fugit quidem saepe', 'KIEG7MYN', 1, '146.60', '146.60', '2025-11-29 16:23:34', '2025-11-29 16:23:34'),
(29, 9, 125, 'Id ut blanditiis', 'YO2E9LQR', 1, '56.73', '56.73', '2025-11-29 16:23:34', '2025-11-29 16:23:34'),
(30, 11, 211, 'Ut est doloremque', 'WMLY16ZZ', 1, '285.36', '285.36', '2025-11-29 16:25:18', '2025-11-29 16:25:18'),
(31, 11, 212, 'Quia quaerat rerum', 'OGT7LZW5', 1, '195.24', '195.24', '2025-11-29 16:25:18', '2025-11-29 16:25:18'),
(32, 16, 287, 'Impedit omnis reiciendis', 'HJYAKFXK', 1, '260.29', '260.29', '2025-11-29 16:45:19', '2025-11-29 16:45:19'),
(33, 17, 287, 'Impedit omnis reiciendis', 'HJYAKFXK', 1, '260.29', '260.29', '2025-11-29 16:45:46', '2025-11-29 16:45:46'),
(34, 18, 287, 'Impedit omnis reiciendis', 'HJYAKFXK', 1, '260.29', '260.29', '2025-11-29 16:50:54', '2025-11-29 16:50:54'),
(35, 19, 283, 'Distinctio ut qui', 'HQVI1EAM', 1, '131.88', '131.88', '2025-11-29 17:02:25', '2025-11-29 17:02:25'),
(36, 20, 287, 'Impedit omnis reiciendis', 'HJYAKFXK', 1, '260.29', '260.29', '2025-11-29 17:03:20', '2025-11-29 17:03:20'),
(37, 21, 269, 'Dicta et autem', 'W3YYILLK', 1, '22.36', '22.36', '2025-11-29 17:08:05', '2025-11-29 17:08:05'),
(38, 21, 270, 'Dolores eos nisi', '36CV6FOK', 1, '14.11', '14.11', '2025-11-29 17:08:05', '2025-11-29 17:08:05'),
(39, 22, 269, 'Dicta et autem', 'W3YYILLK', 1, '22.36', '22.36', '2025-11-29 17:08:11', '2025-11-29 17:08:11'),
(40, 22, 270, 'Dolores eos nisi', '36CV6FOK', 1, '14.11', '14.11', '2025-11-29 17:08:11', '2025-11-29 17:08:11');

-- --------------------------------------------------------

--
-- Table structure for table `otp_codes`
--

CREATE TABLE `otp_codes` (
  `id` bigint UNSIGNED NOT NULL,
  `otptable_type` varchar(255) COLLATE utf8mb4_unicode_ci DEFAULT NULL,
  `otptable_id` bigint UNSIGNED DEFAULT NULL,
  `channel` varchar(255) COLLATE utf8mb4_unicode_ci NOT NULL,
  `identifier` varchar(255) COLLATE utf8mb4_unicode_ci NOT NULL,
  `code` varchar(6) COLLATE utf8mb4_unicode_ci NOT NULL,
  `purpose` varchar(255) COLLATE utf8mb4_unicode_ci NOT NULL DEFAULT 'login',
  `expires_at` timestamp NOT NULL,
  `used_at` timestamp NULL DEFAULT NULL,
  `attempts` tinyint UNSIGNED NOT NULL DEFAULT '0',
  `ip_address` varchar(45) COLLATE utf8mb4_unicode_ci DEFAULT NULL,
  `created_at` timestamp NULL DEFAULT NULL,
  `updated_at` timestamp NULL DEFAULT NULL
) ENGINE=InnoDB DEFAULT CHARSET=utf8mb4 COLLATE=utf8mb4_unicode_ci;

-- --------------------------------------------------------

--
-- Table structure for table `otp_settings`
--

CREATE TABLE `otp_settings` (
  `id` bigint UNSIGNED NOT NULL,
  `email_enabled` tinyint(1) NOT NULL DEFAULT '1',
  `sms_enabled` tinyint(1) NOT NULL DEFAULT '0',
  `length` tinyint UNSIGNED NOT NULL DEFAULT '6',
  `ttl_minutes` tinyint UNSIGNED NOT NULL DEFAULT '10',
  `max_attempts` tinyint UNSIGNED NOT NULL DEFAULT '5',
  `sms_gateway` varchar(255) COLLATE utf8mb4_unicode_ci DEFAULT NULL,
  `sms_package` varchar(255) COLLATE utf8mb4_unicode_ci DEFAULT NULL,
  `sandbox_mode` tinyint(1) NOT NULL DEFAULT '0',
  `sms_masking` varchar(255) COLLATE utf8mb4_unicode_ci DEFAULT NULL,
  `sms_api_url` varchar(255) COLLATE utf8mb4_unicode_ci DEFAULT NULL,
  `sms_api_key` varchar(255) COLLATE utf8mb4_unicode_ci DEFAULT NULL,
  `sms_username` varchar(255) COLLATE utf8mb4_unicode_ci DEFAULT NULL,
  `sms_password` varchar(255) COLLATE utf8mb4_unicode_ci DEFAULT NULL,
  `sms_sender` varchar(255) COLLATE utf8mb4_unicode_ci DEFAULT NULL,
  `created_at` timestamp NULL DEFAULT NULL,
  `updated_at` timestamp NULL DEFAULT NULL
) ENGINE=InnoDB DEFAULT CHARSET=utf8mb4 COLLATE=utf8mb4_unicode_ci;

--
-- Dumping data for table `otp_settings`
--

INSERT INTO `otp_settings` (`id`, `email_enabled`, `sms_enabled`, `length`, `ttl_minutes`, `max_attempts`, `sms_gateway`, `sms_package`, `sandbox_mode`, `sms_masking`, `sms_api_url`, `sms_api_key`, `sms_username`, `sms_password`, `sms_sender`, `created_at`, `updated_at`) VALUES
(1, 1, 0, 6, 10, 5, NULL, NULL, 0, NULL, NULL, NULL, NULL, NULL, NULL, '2025-11-08 12:16:30', '2025-11-08 12:16:30');

-- --------------------------------------------------------

--
-- Table structure for table `pages`
--

CREATE TABLE `pages` (
  `id` bigint UNSIGNED NOT NULL,
  `title` varchar(255) COLLATE utf8mb4_unicode_ci NOT NULL,
  `slug` varchar(255) COLLATE utf8mb4_unicode_ci NOT NULL,
  `content` text COLLATE utf8mb4_unicode_ci,
  `meta_title` varchar(255) COLLATE utf8mb4_unicode_ci DEFAULT NULL,
  `meta_description` text COLLATE utf8mb4_unicode_ci,
  `meta_keywords` varchar(255) COLLATE utf8mb4_unicode_ci DEFAULT NULL,
  `is_active` tinyint(1) NOT NULL DEFAULT '1',
  `sort_order` int NOT NULL DEFAULT '0',
  `created_at` timestamp NULL DEFAULT NULL,
  `updated_at` timestamp NULL DEFAULT NULL
) ENGINE=InnoDB DEFAULT CHARSET=utf8mb4 COLLATE=utf8mb4_unicode_ci;

--
-- Dumping data for table `pages`
--

INSERT INTO `pages` (`id`, `title`, `slug`, `content`, `meta_title`, `meta_description`, `meta_keywords`, `is_active`, `sort_order`, `created_at`, `updated_at`) VALUES
(1, 'Help Center', 'help-center', '<h2>Welcome to Our Help Center</h2>\n<p>We are here to help you with any questions or concerns you may have. Below you will find answers to the most frequently asked questions.</p>\n\n<h3>Frequently Asked Questions</h3>\n\n<h4>How do I place an order?</h4>\n<p>Placing an order is easy! Simply browse our products, add items to your cart, and proceed to checkout. You can pay using various payment methods including credit cards, PayPal, or Cash on Delivery.</p>\n\n<h4>How can I track my order?</h4>\n<p>Once your order is shipped, you will receive a tracking number via email. You can use this tracking number to monitor your package\'s journey to your doorstep.</p>\n\n<h4>What if I forgot my password?</h4>\n<p>Click on the \"Forgot Password\" link on the login page. Enter your email address and we\'ll send you instructions to reset your password.</p>\n\n<h4>How do I update my account information?</h4>\n<p>You can update your account information by logging into your account and visiting the Profile section. From there, you can edit your personal details, shipping addresses, and more.</p>\n\n<h4>Do you offer international shipping?</h4>\n<p>Currently, we ship to select countries. Please check our Shipping Info page for more details about shipping destinations and rates.</p>\n\n<h3>Still Need Help?</h3>\n<p>If you can\'t find the answer you\'re looking for, please don\'t hesitate to <a href=\"/page/contact-us\">contact us</a>. Our customer service team is available to assist you.</p>', 'Help Center - Frequently Asked Questions', 'Find answers to frequently asked questions about ordering, shipping, returns, and more.', 'help center, FAQ, customer support, questions, answers', 1, 1, '2025-11-07 13:50:50', '2025-11-07 13:50:50'),
(2, 'Shipping Info', 'shipping-info', '<h2>Shipping Information</h2>\n<p>We want to make sure your order arrives safely and on time. Here\'s everything you need to know about our shipping policies.</p>\n\n<h3>Shipping Methods</h3>\n<p>We offer several shipping options to meet your needs:</p>\n<ul>\n    <li><strong>Standard Shipping:</strong> 5-7 business days - Free on orders over $50</li>\n    <li><strong>Express Shipping:</strong> 2-3 business days - $15.00</li>\n    <li><strong>Overnight Shipping:</strong> Next business day - $25.00</li>\n</ul>\n\n<h3>Shipping Rates</h3>\n<table class=\"table table-bordered\">\n    <thead>\n        <tr>\n            <th>Order Value</th>\n            <th>Standard Shipping</th>\n            <th>Express Shipping</th>\n        </tr>\n    </thead>\n    <tbody>\n        <tr>\n            <td>Under $50</td>\n            <td>$5.99</td>\n            <td>$15.00</td>\n        </tr>\n        <tr>\n            <td>$50 - $100</td>\n            <td>FREE</td>\n            <td>$15.00</td>\n        </tr>\n        <tr>\n            <td>Over $100</td>\n            <td>FREE</td>\n            <td>$10.00</td>\n        </tr>\n    </tbody>\n</table>\n\n<h3>Processing Time</h3>\n<p>Orders are typically processed within 1-2 business days. During peak seasons or sales, processing may take up to 3 business days.</p>\n\n<h3>International Shipping</h3>\n<p>We currently ship to the following countries:</p>\n<ul>\n    <li>United States</li>\n    <li>Canada</li>\n    <li>United Kingdom</li>\n    <li>Australia</li>\n    <li>Select European countries</li>\n</ul>\n<p>International shipping rates vary by destination and are calculated at checkout.</p>\n\n<h3>Order Tracking</h3>\n<p>Once your order ships, you\'ll receive a tracking number via email. You can use this number to track your package on the carrier\'s website.</p>\n\n<h3>Shipping Restrictions</h3>\n<p>Some items may have shipping restrictions due to size, weight, or regulations. These restrictions will be noted on the product page.</p>\n\n<h3>Questions?</h3>\n<p>If you have any questions about shipping, please <a href=\"/page/contact-us\">contact our customer service team</a>.</p>', 'Shipping Information - Delivery Options & Rates', 'Learn about our shipping methods, rates, processing times, and international shipping options.', 'shipping, delivery, shipping rates, shipping methods, international shipping', 1, 2, '2025-11-07 13:50:50', '2025-11-07 13:50:50'),
(3, 'Returns', 'returns', '<h2>Returns & Refunds Policy</h2>\n<p>We want you to be completely satisfied with your purchase. If you\'re not happy with your order, we\'re here to help.</p>\n\n<h3>Return Policy</h3>\n<p>You have <strong>30 days</strong> from the date of delivery to return items for a full refund or exchange.</p>\n\n<h3>Eligible Items</h3>\n<p>Items must be:</p>\n<ul>\n    <li>Unused and in original condition</li>\n    <li>In original packaging with all tags attached</li>\n    <li>Accompanied by proof of purchase</li>\n</ul>\n\n<h3>Non-Returnable Items</h3>\n<p>The following items cannot be returned:</p>\n<ul>\n    <li>Personalized or customized products</li>\n    <li>Items damaged by misuse or normal wear</li>\n    <li>Items without proof of purchase</li>\n    <li>Digital products or downloadable content</li>\n    <li>Gift cards</li>\n</ul>\n\n<h3>How to Return an Item</h3>\n<ol>\n    <li>Log into your account and go to \"My Orders\"</li>\n    <li>Select the order containing the item you want to return</li>\n    <li>Click \"Request Return\" and select the items</li>\n    <li>Print the return label provided</li>\n    <li>Package the item securely with the return label</li>\n    <li>Drop off at any authorized carrier location</li>\n</ol>\n\n<h3>Return Shipping</h3>\n<p>Return shipping costs are the responsibility of the customer unless the item was defective or incorrect. If you received a wrong or defective item, we\'ll cover the return shipping costs.</p>\n\n<h3>Refund Process</h3>\n<p>Once we receive your return:</p>\n<ul>\n    <li>We\'ll inspect the item within 2-3 business days</li>\n    <li>If approved, your refund will be processed</li>\n    <li>Refunds are issued to the original payment method</li>\n    <li>You\'ll receive your refund within 5-10 business days</li>\n</ul>\n\n<h3>Exchanges</h3>\n<p>We currently don\'t offer direct exchanges. To exchange an item:</p>\n<ol>\n    <li>Return the original item following the return process</li>\n    <li>Place a new order for the item you want</li>\n</ol>\n\n<h3>Damaged or Defective Items</h3>\n<p>If you receive a damaged or defective item, please contact us immediately. We\'ll arrange for a replacement or full refund, including return shipping costs.</p>\n\n<h3>Questions?</h3>\n<p>If you have questions about returns or need assistance, please <a href=\"/page/contact-us\">contact us</a>. Our customer service team is happy to help!</p>', 'Returns & Refunds Policy - Easy Returns', 'Learn about our return policy, how to return items, refund process, and return shipping information.', 'returns, refunds, return policy, exchange, return shipping', 1, 3, '2025-11-07 13:50:50', '2025-11-07 13:50:50'),
(4, 'Contact Us', 'contact-us', '<h2>Get in Touch</h2>\n<p>We\'d love to hear from you! Whether you have a question, feedback, or need assistance, our team is here to help.</p>\n\n<h3>Contact Information</h3>\n<div class=\"row\">\n    <div class=\"col-md-6\">\n        <h4><i class=\"bi bi-envelope\"></i> Email</h4>\n        <p>For general inquiries: <a href=\"mailto:support@example.com\">support@example.com</a></p>\n        <p>For business inquiries: <a href=\"mailto:business@example.com\">business@example.com</a></p>\n    </div>\n    <div class=\"col-md-6\">\n        <h4><i class=\"bi bi-telephone\"></i> Phone</h4>\n        <p>Customer Service: <strong>1-800-123-4567</strong></p>\n        <p>Hours: Monday - Friday, 9:00 AM - 6:00 PM EST</p>\n    </div>\n</div>\n\n<h3>Office Address</h3>\n<p>\n    <strong>eCommerce Store</strong><br>\n    123 Commerce Street<br>\n    Business City, BC 12345<br>\n    United States\n</p>\n\n<h3>Response Time</h3>\n<p>We aim to respond to all inquiries within 24-48 hours during business days. For urgent matters, please call our customer service line.</p>\n\n<h3>Social Media</h3>\n<p>Follow us on social media for updates, promotions, and more:</p>\n<ul>\n    <li><strong>Facebook:</strong> <a href=\"#\" target=\"_blank\">@ecommercestore</a></li>\n    <li><strong>Twitter:</strong> <a href=\"#\" target=\"_blank\">@ecommercestore</a></li>\n    <li><strong>Instagram:</strong> <a href=\"#\" target=\"_blank\">@ecommercestore</a></li>\n    <li><strong>LinkedIn:</strong> <a href=\"#\" target=\"_blank\">eCommerce Store</a></li>\n</ul>\n\n<h3>Frequently Asked Questions</h3>\n<p>Before contacting us, you might find the answer in our <a href=\"/page/help-center\">Help Center</a> or <a href=\"/page/shipping-info\">Shipping Info</a> pages.</p>\n\n<h3>Feedback</h3>\n<p>We value your feedback! If you have suggestions on how we can improve our service, please don\'t hesitate to reach out. Your input helps us serve you better.</p>', 'Contact Us - Get in Touch', 'Contact our customer service team via email, phone, or visit our office. We\'re here to help!', 'contact, customer service, support, email, phone, address', 1, 4, '2025-11-07 13:50:50', '2025-11-07 13:50:50');

-- --------------------------------------------------------

--
-- Table structure for table `password_reset_tokens`
--

CREATE TABLE `password_reset_tokens` (
  `email` varchar(255) COLLATE utf8mb4_unicode_ci NOT NULL,
  `token` varchar(255) COLLATE utf8mb4_unicode_ci NOT NULL,
  `created_at` timestamp NULL DEFAULT NULL
) ENGINE=InnoDB DEFAULT CHARSET=utf8mb4 COLLATE=utf8mb4_unicode_ci;

-- --------------------------------------------------------

--
-- Table structure for table `payment_gateway_settings`
--

CREATE TABLE `payment_gateway_settings` (
  `id` bigint UNSIGNED NOT NULL,
  `gateway` varchar(255) COLLATE utf8mb4_unicode_ci NOT NULL,
  `key` varchar(255) COLLATE utf8mb4_unicode_ci NOT NULL,
  `value` text COLLATE utf8mb4_unicode_ci,
  `description` text COLLATE utf8mb4_unicode_ci,
  `is_encrypted` tinyint(1) NOT NULL DEFAULT '0',
  `created_at` timestamp NULL DEFAULT NULL,
  `updated_at` timestamp NULL DEFAULT NULL
) ENGINE=InnoDB DEFAULT CHARSET=utf8mb4 COLLATE=utf8mb4_unicode_ci;

--
-- Dumping data for table `payment_gateway_settings`
--

INSERT INTO `payment_gateway_settings` (`id`, `gateway`, `key`, `value`, `description`, `is_encrypted`, `created_at`, `updated_at`) VALUES
(1, 'stripe', 'enabled', '0', 'Enable or disable Stripe payment gateway', 0, '2025-11-07 13:50:50', '2025-11-29 16:30:50'),
(2, 'stripe', 'publishable_key', 'pk_test_51Q4QjQRPJ7xXyZxZ1234567890abcdefghijklmnopqrstuvwxyz', 'Stripe publishable key (starts with pk_)', 0, '2025-11-07 13:50:50', '2025-11-29 16:13:08'),
(3, 'stripe', 'secret_key', 'eyJpdiI6IjNiQVdvMWUyZkZMK2JJRGFNQVVDQ1E9PSIsInZhbHVlIjoicFJGVzIwR24wV0JCTVlyeENhNGhtNVZWNHp4YndNR2RQdUpmWUpxUEtBL0VVc0tkVUUyTjZ4TUpzRGorOTlEWXJ2YUdaR2FiRjNmU3RmcEU3SjlHNzZoS3hrWjJocFRWRFJla2E4L2pTSzg9IiwibWFjIjoiZTNhOTZmNGFjYzE2NDk3YzViZjExMTM1ZDAzNDFjYTNiYzE3ZWJiNzVjYTdjOWIxMDA5MzgxNDBkNzdjOTdlMyIsInRhZyI6IiJ9', 'Stripe secret key (starts with sk_)', 1, '2025-11-07 13:50:50', '2025-11-29 16:30:50'),
(4, 'stripe', 'webhook_secret', 'eyJpdiI6ImNrWnVrR3B5bHk0MCtLbjdOczlHS1E9PSIsInZhbHVlIjoiUGRZK2V3Q0oyVjdQbGpnNnhMOTlJWGJNVGJ1MTIydEtOY1U3c21Ld3VVcHU2dFgzVDZVZWZqdmtvM1J1bnRYdGdrMDVXcTdibWxBUjBxVGU1WkZuaXc9PSIsIm1hYyI6IjVlN2I4OTNkYWQxZTk0MzJhODQ5ZWU1MzkyYWMwODE3OTE2ZThhZGE0MzgyZGU4ZDU4YTVhOTU5ODNjZWJkMzEiLCJ0YWciOiIifQ==', 'Stripe webhook endpoint secret', 1, '2025-11-07 13:50:50', '2025-11-29 16:30:50'),
(5, 'paypal', 'enabled', '0', 'Enable or disable PayPal payment gateway', 0, '2025-11-07 13:50:50', '2025-11-29 16:30:50'),
(6, 'paypal', 'client_id', 'sb-client_id_1234567890', 'PayPal application client ID', 0, '2025-11-07 13:50:50', '2025-11-29 16:13:08'),
(7, 'paypal', 'client_secret', 'eyJpdiI6IkhiNVJBWXQ1aSt6d2h3UkYwSEJ5ZHc9PSIsInZhbHVlIjoielhRME9KZlI4OW5xamNCcW5aN2pyc2p5ZmY1VmxyREdrdC9SelFsMnZsTzVobGNNV1VTek5GdVN1emoybkQ5aSIsIm1hYyI6Ijc2NjgyNmZiZjhmOWJkNmMwOWQ2MzMxOTJlNWM0ZmZjMjcyYzE0OGRjMzRlMmUyMDZiOGJjMDQwYmRiNzA2MDciLCJ0YWciOiIifQ==', 'PayPal application client secret', 1, '2025-11-07 13:50:50', '2025-11-29 16:30:50'),
(8, 'paypal', 'sandbox_mode', '1', 'Use PayPal sandbox for testing', 0, '2025-11-07 13:50:50', '2025-11-29 16:30:50'),
(9, 'bkash', 'enabled', '1', 'Enable or disable bKash payment gateway', 0, '2025-11-29 14:27:05', '2025-11-29 16:48:27'),
(10, 'ssl_commerce', 'enabled', '1', 'Enable or disable this payment gateway', 0, '2025-11-29 14:27:45', '2025-11-29 16:34:28'),
(11, 'stripe', 'sandbox_mode', '1', 'Use Stripe test mode for testing', 0, '2025-11-29 16:13:08', '2025-11-29 16:30:50'),
(12, 'bkash', 'merchant_number', '01878578504', 'Merchant number', 0, '2025-11-29 16:13:08', '2025-11-29 16:45:57'),
(13, 'bkash', 'api_key', 'bkash_test_api_key_1234567890', 'bKash App Key (from bKash merchant panel)', 0, '2025-11-29 16:13:08', '2025-11-29 16:45:29'),
(14, 'bkash', 'api_secret', 'eyJpdiI6InRjRUdaczA0RGVuL05Nc0ZMTk95L2c9PSIsInZhbHVlIjoiUjErVnIzY3dQZWNMdEZWOVlPTTBiT2xkbW1qK21oekM2aFNraE5mYnVGNGd1ZEIxSTFzZFJqRG1HY0lzRzg4UCIsIm1hYyI6ImVlNTY0MDc2ZTcwMGE2YmNlODZhNWIwNzU5YzhiNTkyNDIwNDJhMmZiNjhhYTQ3YjRjYWQ4ZWJiY2IyNjFlOTQiLCJ0YWciOiIifQ==', 'bKash App Secret (from bKash merchant panel)', 1, '2025-11-29 16:13:08', '2025-11-29 16:48:27'),
(15, 'bkash', 'sandbox_mode', '0', 'Use bKash sandbox for testing', 0, '2025-11-29 16:13:08', '2025-11-29 16:48:27'),
(16, 'nagad', 'enabled', '0', 'Enable or disable Nagad payment gateway', 0, '2025-11-29 16:13:08', '2025-11-29 16:30:50'),
(17, 'nagad', 'merchant_number', '017XXXXXXXX', 'Nagad merchant account number', 0, '2025-11-29 16:13:08', '2025-11-29 16:13:08'),
(18, 'nagad', 'api_key', 'nagad_test_api_key_1234567890', 'Nagad API key', 0, '2025-11-29 16:13:08', '2025-11-29 16:13:08'),
(19, 'nagad', 'api_secret', 'eyJpdiI6IlduN2dyYllPbEczVHI4bmlIN0RxSUE9PSIsInZhbHVlIjoiTlZ6NWtydzJ6M2FHL01mSHhYb1FQVUZWeVJhM3M2TmEvTFBqMHI1c09na0lPdlRKclBlMmRyZCtEMmVlYTBobyIsIm1hYyI6ImEwODUwMjAzZjQ4NzFlNWY2YzZiZWM5YjJhNzNlMzdkZDFmMzNhODU1NjA3MmM5ZGUyMTBiZDlhMjJiNmNiN2UiLCJ0YWciOiIifQ==', 'Nagad API secret', 1, '2025-11-29 16:13:08', '2025-11-29 16:30:50'),
(20, 'nagad', 'sandbox_mode', '1', 'Use Nagad sandbox for testing', 0, '2025-11-29 16:13:08', '2025-11-29 16:30:50'),
(21, 'rocket', 'enabled', '0', 'Enable or disable Rocket payment gateway', 0, '2025-11-29 16:13:08', '2025-11-29 16:30:50'),
(22, 'rocket', 'merchant_number', '017XXXXXXXX', 'Rocket merchant account number', 0, '2025-11-29 16:13:08', '2025-11-29 16:13:08'),
(23, 'rocket', 'api_key', 'rocket_test_api_key_1234567890', 'Rocket API key', 0, '2025-11-29 16:13:08', '2025-11-29 16:13:08'),
(24, 'rocket', 'api_secret', 'eyJpdiI6IkQ1dG04Z2tnM21mbE83a2hyb2ROMUE9PSIsInZhbHVlIjoiRW9YSUhGSjFSN09oSmg2OTMxdjFuNVVoTk5FaHZaQ0dkVkdKekloODFPUjhZYUtHNTlxanhhbVBGcFJmMDJhcCIsIm1hYyI6ImQ2MGEwNGQ1YTA3NDNjYmFmMGYyN2MxMGYyMjcwMmJhYjQ1YmJiOWVhY2M1ZjczMTViMzBiNWM4NTc3ZmQwYzAiLCJ0YWciOiIifQ==', 'Rocket API secret', 1, '2025-11-29 16:13:08', '2025-11-29 16:30:50'),
(25, 'rocket', 'sandbox_mode', '1', 'Use Rocket sandbox for testing', 0, '2025-11-29 16:13:08', '2025-11-29 16:30:50'),
(26, 'ssl_commerce', 'store_id', 'testbox', 'SSL Commerce store ID', 0, '2025-11-29 16:13:08', '2025-11-29 16:21:49'),
(27, 'ssl_commerce', 'store_password', 'eyJpdiI6IjRnOWNNUmxRd1R2R1J2cWtmeDd0dnc9PSIsInZhbHVlIjoiSmo2b1RPT0cyTDZFWW5LTmF4ZHZqZz09IiwibWFjIjoiOGE2OTM4MDg0M2UzY2RlOThlYzk5YTA3OWZkY2IwMjQ4MGY0MGM0MDI0OWViZTNmOGY0Nzc1OWRhNjYyODRlYyIsInRhZyI6IiJ9', 'SSL Commerce store password', 1, '2025-11-29 16:13:08', '2025-11-29 16:30:50'),
(28, 'ssl_commerce', 'api_url', 'https://sandbox.sslcommerz.com', 'SSL Commerce API URL', 0, '2025-11-29 16:13:08', '2025-11-29 16:13:08'),
(29, 'ssl_commerce', 'success_url', 'http://localhost/payment/ssl-commerce/success', 'URL to redirect after successful payment', 0, '2025-11-29 16:13:08', '2025-11-29 16:21:49'),
(30, 'ssl_commerce', 'fail_url', 'http://localhost/payment/ssl-commerce/fail', 'URL to redirect after failed payment', 0, '2025-11-29 16:13:08', '2025-11-29 16:21:49'),
(31, 'ssl_commerce', 'cancel_url', 'http://localhost/payment/ssl-commerce/cancel', 'URL to redirect after cancelled payment', 0, '2025-11-29 16:13:08', '2025-11-29 16:21:49'),
(32, 'ssl_commerce', 'sandbox_mode', '1', 'Use SSL Commerce sandbox for testing', 0, '2025-11-29 16:13:08', '2025-11-29 16:30:50');

-- --------------------------------------------------------

--
-- Table structure for table `payment_logs`
--

CREATE TABLE `payment_logs` (
  `id` bigint UNSIGNED NOT NULL,
  `gateway` varchar(255) COLLATE utf8mb4_unicode_ci NOT NULL,
  `action` varchar(255) COLLATE utf8mb4_unicode_ci NOT NULL,
  `data` text COLLATE utf8mb4_unicode_ci,
  `ip_address` varchar(255) COLLATE utf8mb4_unicode_ci DEFAULT NULL,
  `user_agent` text COLLATE utf8mb4_unicode_ci,
  `created_at` timestamp NULL DEFAULT NULL,
  `updated_at` timestamp NULL DEFAULT NULL
) ENGINE=InnoDB DEFAULT CHARSET=utf8mb4 COLLATE=utf8mb4_unicode_ci;

--
-- Dumping data for table `payment_logs`
--

INSERT INTO `payment_logs` (`id`, `gateway`, `action`, `data`, `ip_address`, `user_agent`, `created_at`, `updated_at`) VALUES
(1, 'bkash', 'payment_created', '\"{\\\"transaction_id\\\":\\\"BKASH_692B571AB8AA0\\\",\\\"order_id\\\":\\\"test_1764448026\\\",\\\"amount\\\":1,\\\"phone\\\":null}\"', '127.0.0.1', 'Mozilla/5.0 (Windows NT 10.0; Win64; x64; rv:145.0) Gecko/20100101 Firefox/145.0', '2025-11-29 14:27:06', '2025-11-29 14:27:06'),
(2, 'ssl_commerce', 'payment_error', '\"{\\\"error\\\":\\\"SSL Commerce credentials not configured\\\",\\\"order_id\\\":\\\"test_1764448066\\\"}\"', '127.0.0.1', 'Mozilla/5.0 (Windows NT 10.0; Win64; x64; rv:145.0) Gecko/20100101 Firefox/145.0', '2025-11-29 14:27:46', '2025-11-29 14:27:46'),
(3, 'ssl_commerce', 'payment_error', '\"{\\\"error\\\":\\\"SSL Commerce credentials not configured\\\",\\\"order_id\\\":\\\"test_1764448070\\\"}\"', '127.0.0.1', 'Mozilla/5.0 (Windows NT 10.0; Win64; x64; rv:145.0) Gecko/20100101 Firefox/145.0', '2025-11-29 14:27:50', '2025-11-29 14:27:50'),
(4, 'ssl_commerce', 'payment_error', '\"{\\\"error\\\":\\\"SSL Commerce credentials not configured\\\",\\\"order_id\\\":3}\"', '127.0.0.1', 'Mozilla/5.0 (Windows NT 10.0; Win64; x64; rv:145.0) Gecko/20100101 Firefox/145.0', '2025-11-29 14:41:06', '2025-11-29 14:41:06'),
(5, 'bkash', 'payment_created', '\"{\\\"transaction_id\\\":\\\"BKASH_692B6E3EB25DF\\\",\\\"order_id\\\":\\\"test_1764453950\\\",\\\"amount\\\":1,\\\"phone\\\":null}\"', '127.0.0.1', 'Mozilla/5.0 (Windows NT 10.0; Win64; x64; rv:145.0) Gecko/20100101 Firefox/145.0', '2025-11-29 16:05:50', '2025-11-29 16:05:50'),
(6, 'ssl_commerce', 'payment_error', '\"{\\\"error\\\":\\\"SSL Commerce credentials not configured\\\",\\\"order_id\\\":\\\"test_1764453959\\\"}\"', '127.0.0.1', 'Mozilla/5.0 (Windows NT 10.0; Win64; x64; rv:145.0) Gecko/20100101 Firefox/145.0', '2025-11-29 16:05:59', '2025-11-29 16:05:59'),
(7, 'paypal', 'payment_error', '\"{\\\"error\\\":\\\"PayPal API error: HTTP 401\\\",\\\"order_id\\\":\\\"test_1764453978\\\"}\"', '127.0.0.1', 'Mozilla/5.0 (Windows NT 10.0; Win64; x64; rv:145.0) Gecko/20100101 Firefox/145.0', '2025-11-29 16:06:19', '2025-11-29 16:06:19'),
(8, 'stripe', 'payment_error', '\"{\\\"error\\\":\\\"No API key provided.  (HINT: set your API key using \\\\\\\"Stripe::setApiKey(<API-KEY>)\\\\\\\".  You can generate API keys from the Stripe web interface.  See https:\\\\\\/\\\\\\/stripe.com\\\\\\/api for details, or email support@stripe.com if you have any questions.\\\",\\\"order_id\\\":\\\"test_1764453984\\\"}\"', '127.0.0.1', 'Mozilla/5.0 (Windows NT 10.0; Win64; x64; rv:145.0) Gecko/20100101 Firefox/145.0', '2025-11-29 16:06:25', '2025-11-29 16:06:25'),
(9, 'nagad', 'payment_created', '\"{\\\"transaction_id\\\":\\\"NAGAD_692B70127A1B2\\\",\\\"order_id\\\":\\\"test_1764454418\\\",\\\"amount\\\":1,\\\"phone\\\":null}\"', '127.0.0.1', 'Mozilla/5.0 (Windows NT 10.0; Win64; x64; rv:145.0) Gecko/20100101 Firefox/145.0', '2025-11-29 16:13:38', '2025-11-29 16:13:38'),
(10, 'ssl_commerce', 'payment_created', '\"{\\\"transaction_id\\\":\\\"SSL_692B70188F189\\\",\\\"order_id\\\":\\\"test_1764454424\\\",\\\"amount\\\":1}\"', '127.0.0.1', 'Mozilla/5.0 (Windows NT 10.0; Win64; x64; rv:145.0) Gecko/20100101 Firefox/145.0', '2025-11-29 16:13:44', '2025-11-29 16:13:44'),
(11, 'paypal', 'payment_error', '\"{\\\"error\\\":\\\"PayPal API error: HTTP 401\\\",\\\"order_id\\\":\\\"test_1764454464\\\"}\"', '127.0.0.1', 'Mozilla/5.0 (Windows NT 10.0; Win64; x64; rv:145.0) Gecko/20100101 Firefox/145.0', '2025-11-29 16:14:25', '2025-11-29 16:14:25'),
(12, 'stripe', 'payment_error', '\"{\\\"error\\\":\\\"Invalid API Key provided: sk_test_*************************************************wxyz\\\",\\\"order_id\\\":\\\"test_1764454484\\\"}\"', '127.0.0.1', 'Mozilla/5.0 (Windows NT 10.0; Win64; x64; rv:145.0) Gecko/20100101 Firefox/145.0', '2025-11-29 16:14:48', '2025-11-29 16:14:48'),
(13, 'nagad', 'payment_created', '\"{\\\"transaction_id\\\":\\\"NAGAD_692B70E40D555\\\",\\\"order_id\\\":7,\\\"amount\\\":515.79,\\\"phone\\\":null}\"', '127.0.0.1', 'Mozilla/5.0 (Windows NT 10.0; Win64; x64; rv:145.0) Gecko/20100101 Firefox/145.0', '2025-11-29 16:17:08', '2025-11-29 16:17:08'),
(14, 'ssl_commerce', 'payment_created', '\"{\\\"transaction_id\\\":\\\"SSL_test_1764454990_1764454990\\\",\\\"order_id\\\":\\\"test_1764454990\\\",\\\"amount\\\":1,\\\"sandbox_mode\\\":\\\"1\\\"}\"', '127.0.0.1', 'Mozilla/5.0 (Windows NT 10.0; Win64; x64; rv:145.0) Gecko/20100101 Firefox/145.0', '2025-11-29 16:23:10', '2025-11-29 16:23:10'),
(15, 'ssl_commerce', 'payment_created', '\"{\\\"transaction_id\\\":\\\"SSL_8_1764455001\\\",\\\"order_id\\\":8,\\\"amount\\\":360.72,\\\"sandbox_mode\\\":\\\"1\\\"}\"', '127.0.0.1', 'Mozilla/5.0 (Windows NT 10.0; Win64; x64; rv:145.0) Gecko/20100101 Firefox/145.0', '2025-11-29 16:23:21', '2025-11-29 16:23:21'),
(16, 'bkash', 'payment_created', '\"{\\\"transaction_id\\\":\\\"BKASH_692B7266DF8B8\\\",\\\"order_id\\\":9,\\\"amount\\\":360.72,\\\"phone\\\":null}\"', '127.0.0.1', 'Mozilla/5.0 (Windows NT 10.0; Win64; x64; rv:145.0) Gecko/20100101 Firefox/145.0', '2025-11-29 16:23:34', '2025-11-29 16:23:34'),
(17, 'stripe', 'payment_error', '\"{\\\"error\\\":\\\"Invalid API Key provided: sk_test_*************************************************wxyz\\\",\\\"order_id\\\":\\\"test_1764455058\\\"}\"', '127.0.0.1', 'Mozilla/5.0 (Windows NT 10.0; Win64; x64; rv:145.0) Gecko/20100101 Firefox/145.0', '2025-11-29 16:24:18', '2025-11-29 16:24:18'),
(18, 'paypal', 'payment_error', '\"{\\\"error\\\":\\\"PayPal API error: HTTP 401\\\",\\\"order_id\\\":\\\"test_1764455063\\\"}\"', '127.0.0.1', 'Mozilla/5.0 (Windows NT 10.0; Win64; x64; rv:145.0) Gecko/20100101 Firefox/145.0', '2025-11-29 16:24:24', '2025-11-29 16:24:24'),
(19, 'paypal', 'payment_error', '\"{\\\"error\\\":\\\"PayPal API error: HTTP 401\\\",\\\"order_id\\\":\\\"test_1764455078\\\"}\"', '127.0.0.1', 'Mozilla/5.0 (Windows NT 10.0; Win64; x64; rv:145.0) Gecko/20100101 Firefox/145.0', '2025-11-29 16:24:40', '2025-11-29 16:24:40'),
(20, 'ssl_commerce', 'payment_created', '\"{\\\"transaction_id\\\":\\\"SSL_10_1764455091\\\",\\\"order_id\\\":10,\\\"amount\\\":540.6,\\\"sandbox_mode\\\":\\\"1\\\"}\"', '127.0.0.1', 'Mozilla/5.0 (Windows NT 10.0; Win64; x64; rv:145.0) Gecko/20100101 Firefox/145.0', '2025-11-29 16:24:51', '2025-11-29 16:24:51'),
(21, 'bkash', 'payment_created', '\"{\\\"transaction_id\\\":\\\"BKASH_692B72CE063CB\\\",\\\"order_id\\\":11,\\\"amount\\\":540.6,\\\"phone\\\":null}\"', '127.0.0.1', 'Mozilla/5.0 (Windows NT 10.0; Win64; x64; rv:145.0) Gecko/20100101 Firefox/145.0', '2025-11-29 16:25:18', '2025-11-29 16:25:18'),
(22, 'bkash', 'payment_created', '\"{\\\"transaction_id\\\":\\\"BKASH_12_1764455435\\\",\\\"order_id\\\":12,\\\"amount\\\":509.04,\\\"phone\\\":\\\"01878578504\\\",\\\"sandbox_mode\\\":\\\"1\\\"}\"', '127.0.0.1', 'Mozilla/5.0 (Windows NT 10.0; Win64; x64; rv:145.0) Gecko/20100101 Firefox/145.0', '2025-11-29 16:30:35', '2025-11-29 16:30:35'),
(23, 'bkash', 'payment_created', '\"{\\\"transaction_id\\\":\\\"BKASH_test_1764455474_1764455474\\\",\\\"order_id\\\":\\\"test_1764455474\\\",\\\"amount\\\":1,\\\"phone\\\":\\\"01700000000\\\",\\\"sandbox_mode\\\":\\\"1\\\"}\"', '127.0.0.1', 'Mozilla/5.0 (Windows NT 10.0; Win64; x64; rv:145.0) Gecko/20100101 Firefox/145.0', '2025-11-29 16:31:14', '2025-11-29 16:31:14'),
(24, 'bkash', 'payment_created', '\"{\\\"transaction_id\\\":\\\"BKASH_13_1764455516\\\",\\\"order_id\\\":13,\\\"amount\\\":320.29,\\\"phone\\\":\\\"01878578504\\\",\\\"sandbox_mode\\\":\\\"1\\\"}\"', '127.0.0.1', 'Mozilla/5.0 (Windows NT 10.0; Win64; x64; rv:145.0) Gecko/20100101 Firefox/145.0', '2025-11-29 16:31:56', '2025-11-29 16:31:56'),
(25, 'ssl_commerce', 'payment_created', '\"{\\\"transaction_id\\\":\\\"SSL_14_1764455674\\\",\\\"order_id\\\":14,\\\"amount\\\":320.29,\\\"sandbox_mode\\\":\\\"1\\\"}\"', '127.0.0.1', 'Mozilla/5.0 (Windows NT 10.0; Win64; x64; rv:145.0) Gecko/20100101 Firefox/145.0', '2025-11-29 16:34:34', '2025-11-29 16:34:34'),
(26, 'bkash', 'payment_created', '\"{\\\"transaction_id\\\":\\\"BKASH_15_1764455978\\\",\\\"order_id\\\":15,\\\"amount\\\":320.29,\\\"phone\\\":\\\"01845000000\\\",\\\"sandbox_mode\\\":\\\"1\\\"}\"', '127.0.0.1', 'Mozilla/5.0 (Windows NT 10.0; Win64; x64; rv:145.0) Gecko/20100101 Firefox/145.0', '2025-11-29 16:39:38', '2025-11-29 16:39:38'),
(27, 'bkash', 'payment_created', '\"{\\\"transaction_id\\\":\\\"BKASH_test_1764456011_1764456011\\\",\\\"order_id\\\":\\\"test_1764456011\\\",\\\"amount\\\":1,\\\"phone\\\":\\\"01700000000\\\",\\\"sandbox_mode\\\":\\\"1\\\"}\"', '127.0.0.1', 'Mozilla/5.0 (Windows NT 10.0; Win64; x64; rv:145.0) Gecko/20100101 Firefox/145.0', '2025-11-29 16:40:11', '2025-11-29 16:40:11'),
(28, 'bkash', 'payment_error', '\"{\\\"error\\\":\\\"cURL error 6: Could not resolve host: tokenized.sandbox.bkash.sh (see https:\\\\\\/\\\\\\/curl.haxx.se\\\\\\/libcurl\\\\\\/c\\\\\\/libcurl-errors.html) for https:\\\\\\/\\\\\\/tokenized.sandbox.bkash.sh\\\\\\/tokenized\\\\\\/checkout\\\\\\/token\\\\\\/grant\\\",\\\"order_id\\\":16}\"', '127.0.0.1', 'Mozilla/5.0 (Windows NT 10.0; Win64; x64; rv:145.0) Gecko/20100101 Firefox/145.0', '2025-11-29 16:45:19', '2025-11-29 16:45:19'),
(29, 'bkash', 'payment_error', '\"{\\\"error\\\":\\\"cURL error 6: Could not resolve host: tokenized.sandbox.bkash.sh (see https:\\\\\\/\\\\\\/curl.haxx.se\\\\\\/libcurl\\\\\\/c\\\\\\/libcurl-errors.html) for https:\\\\\\/\\\\\\/tokenized.sandbox.bkash.sh\\\\\\/tokenized\\\\\\/checkout\\\\\\/token\\\\\\/grant\\\",\\\"order_id\\\":17}\"', '127.0.0.1', 'Mozilla/5.0 (Windows NT 10.0; Win64; x64; rv:145.0) Gecko/20100101 Firefox/145.0', '2025-11-29 16:45:46', '2025-11-29 16:45:46'),
(30, 'bkash', 'payment_error', '\"{\\\"error\\\":\\\"Failed to get bKash access token\\\",\\\"order_id\\\":18}\"', '127.0.0.1', 'Mozilla/5.0 (Windows NT 10.0; Win64; x64; rv:145.0) Gecko/20100101 Firefox/145.0', '2025-11-29 16:50:54', '2025-11-29 16:50:54'),
(31, 'bkash', 'payment_error', '\"{\\\"error\\\":\\\"Failed to get bKash access token\\\",\\\"order_id\\\":19}\"', '127.0.0.1', 'Mozilla/5.0 (Windows NT 10.0; Win64; x64; rv:145.0) Gecko/20100101 Firefox/145.0', '2025-11-29 17:02:25', '2025-11-29 17:02:25'),
(32, 'bkash', 'payment_error', '\"{\\\"error\\\":\\\"Failed to get bKash access token\\\",\\\"order_id\\\":20}\"', '127.0.0.1', 'Mozilla/5.0 (Windows NT 10.0; Win64; x64; rv:145.0) Gecko/20100101 Firefox/145.0', '2025-11-29 17:03:20', '2025-11-29 17:03:20'),
(33, 'bkash', 'payment_error', '\"{\\\"error\\\":\\\"Failed to get bKash access token\\\",\\\"order_id\\\":21}\"', '127.0.0.1', 'Mozilla/5.0 (Windows NT 10.0; Win64; x64; rv:145.0) Gecko/20100101 Firefox/145.0', '2025-11-29 17:08:05', '2025-11-29 17:08:05'),
(34, 'ssl_commerce', 'payment_created', '\"{\\\"transaction_id\\\":\\\"SSL_22_1764457691\\\",\\\"order_id\\\":22,\\\"amount\\\":96.47,\\\"sandbox_mode\\\":true}\"', '127.0.0.1', 'Mozilla/5.0 (Windows NT 10.0; Win64; x64; rv:145.0) Gecko/20100101 Firefox/145.0', '2025-11-29 17:08:11', '2025-11-29 17:08:11');

-- --------------------------------------------------------

--
-- Table structure for table `permissions`
--

CREATE TABLE `permissions` (
  `id` bigint UNSIGNED NOT NULL,
  `name` varchar(255) COLLATE utf8mb4_unicode_ci NOT NULL,
  `guard_name` varchar(255) COLLATE utf8mb4_unicode_ci NOT NULL,
  `created_at` timestamp NULL DEFAULT NULL,
  `updated_at` timestamp NULL DEFAULT NULL
) ENGINE=InnoDB DEFAULT CHARSET=utf8mb4 COLLATE=utf8mb4_unicode_ci;

--
-- Dumping data for table `permissions`
--

INSERT INTO `permissions` (`id`, `name`, `guard_name`, `created_at`, `updated_at`) VALUES
(1, 'admin.users.lookup', 'admin', '2025-11-07 13:50:48', '2025-11-07 13:50:48'),
(2, 'admin.dashboard', 'admin', '2025-11-07 13:50:48', '2025-11-07 13:50:48'),
(3, 'admin.categories.index', 'admin', '2025-11-07 13:50:48', '2025-11-07 13:50:48'),
(4, 'admin.categories.create', 'admin', '2025-11-07 13:50:48', '2025-11-07 13:50:48'),
(5, 'admin.categories.store', 'admin', '2025-11-07 13:50:48', '2025-11-07 13:50:48'),
(6, 'admin.categories.show', 'admin', '2025-11-07 13:50:48', '2025-11-07 13:50:48'),
(7, 'admin.categories.edit', 'admin', '2025-11-07 13:50:48', '2025-11-07 13:50:48'),
(8, 'admin.categories.update', 'admin', '2025-11-07 13:50:48', '2025-11-07 13:50:48'),
(9, 'admin.categories.destroy', 'admin', '2025-11-07 13:50:48', '2025-11-07 13:50:48'),
(10, 'admin.products.lookup', 'admin', '2025-11-07 13:50:48', '2025-11-07 13:50:48'),
(11, 'admin.products.json', 'admin', '2025-11-07 13:50:48', '2025-11-07 13:50:48'),
(12, 'admin.products.index', 'admin', '2025-11-07 13:50:48', '2025-11-07 13:50:48'),
(13, 'admin.products.create', 'admin', '2025-11-07 13:50:48', '2025-11-07 13:50:48'),
(14, 'admin.products.store', 'admin', '2025-11-07 13:50:48', '2025-11-07 13:50:48'),
(15, 'admin.products.show', 'admin', '2025-11-07 13:50:48', '2025-11-07 13:50:48'),
(16, 'admin.products.edit', 'admin', '2025-11-07 13:50:48', '2025-11-07 13:50:48'),
(17, 'admin.products.update', 'admin', '2025-11-07 13:50:48', '2025-11-07 13:50:48'),
(18, 'admin.products.destroy', 'admin', '2025-11-07 13:50:48', '2025-11-07 13:50:48'),
(19, 'admin.orders.create', 'admin', '2025-11-07 13:50:48', '2025-11-07 13:50:48'),
(20, 'admin.orders.store', 'admin', '2025-11-07 13:50:48', '2025-11-07 13:50:48'),
(21, 'admin.orders.index', 'admin', '2025-11-07 13:50:48', '2025-11-07 13:50:48'),
(22, 'admin.orders.show', 'admin', '2025-11-07 13:50:48', '2025-11-07 13:50:48'),
(23, 'admin.orders.update', 'admin', '2025-11-07 13:50:48', '2025-11-07 13:50:48'),
(24, 'admin.orders.invoice', 'admin', '2025-11-07 13:50:48', '2025-11-07 13:50:48'),
(25, 'admin.users.index', 'admin', '2025-11-07 13:50:48', '2025-11-07 13:50:48'),
(26, 'admin.users.show', 'admin', '2025-11-07 13:50:48', '2025-11-07 13:50:48'),
(27, 'admin.users.edit', 'admin', '2025-11-07 13:50:48', '2025-11-07 13:50:48'),
(28, 'admin.users.update', 'admin', '2025-11-07 13:50:48', '2025-11-07 13:50:48'),
(29, 'admin.users.destroy', 'admin', '2025-11-07 13:50:48', '2025-11-07 13:50:48'),
(30, 'admin.users.reset-password', 'admin', '2025-11-07 13:50:48', '2025-11-07 13:50:48'),
(31, 'admin.users.toggle-status', 'admin', '2025-11-07 13:50:48', '2025-11-07 13:50:48'),
(32, 'admin.users.coins.adjust', 'admin', '2025-11-07 13:50:48', '2025-11-07 13:50:48'),
(33, 'admin.users.coins.reset', 'admin', '2025-11-07 13:50:48', '2025-11-07 13:50:48'),
(34, 'admin.shipping-settings.index', 'admin', '2025-11-07 13:50:48', '2025-11-07 13:50:48'),
(35, 'admin.shipping-settings.update', 'admin', '2025-11-07 13:50:48', '2025-11-07 13:50:48'),
(36, 'admin.email-settings.index', 'admin', '2025-11-07 13:50:48', '2025-11-07 13:50:48'),
(37, 'admin.email-settings.update', 'admin', '2025-11-07 13:50:48', '2025-11-07 13:50:48'),
(38, 'admin.roles.index', 'admin', '2025-11-07 13:50:48', '2025-11-07 13:50:48'),
(39, 'admin.roles.create', 'admin', '2025-11-07 13:50:48', '2025-11-07 13:50:48'),
(40, 'admin.roles.store', 'admin', '2025-11-07 13:50:48', '2025-11-07 13:50:48'),
(41, 'admin.roles.edit', 'admin', '2025-11-07 13:50:48', '2025-11-07 13:50:48'),
(42, 'admin.roles.update', 'admin', '2025-11-07 13:50:48', '2025-11-07 13:50:48'),
(43, 'admin.roles.destroy', 'admin', '2025-11-07 13:50:48', '2025-11-07 13:50:48'),
(44, 'admin.permissions.index', 'admin', '2025-11-07 13:50:48', '2025-11-07 13:50:48'),
(45, 'admin.permissions.create', 'admin', '2025-11-07 13:50:48', '2025-11-07 13:50:48'),
(46, 'admin.permissions.store', 'admin', '2025-11-07 13:50:48', '2025-11-07 13:50:48'),
(47, 'admin.permissions.edit', 'admin', '2025-11-07 13:50:48', '2025-11-07 13:50:48'),
(48, 'admin.permissions.update', 'admin', '2025-11-07 13:50:48', '2025-11-07 13:50:48'),
(49, 'admin.permissions.destroy', 'admin', '2025-11-07 13:50:48', '2025-11-07 13:50:48'),
(50, 'admin.coupons.index', 'admin', '2025-11-07 13:50:48', '2025-11-07 13:50:48'),
(51, 'admin.coupons.create', 'admin', '2025-11-07 13:50:48', '2025-11-07 13:50:48'),
(52, 'admin.coupons.store', 'admin', '2025-11-07 13:50:48', '2025-11-07 13:50:48'),
(53, 'admin.coupons.edit', 'admin', '2025-11-07 13:50:48', '2025-11-07 13:50:48'),
(54, 'admin.coupons.update', 'admin', '2025-11-07 13:50:48', '2025-11-07 13:50:48'),
(55, 'admin.coupons.destroy', 'admin', '2025-11-07 13:50:48', '2025-11-07 13:50:48'),
(56, 'admin.coupons.toggle-status', 'admin', '2025-11-07 13:50:48', '2025-11-07 13:50:48'),
(57, 'admin.newsletter.index', 'admin', '2025-11-07 13:50:48', '2025-11-07 13:50:48'),
(58, 'admin.newsletter.toggle', 'admin', '2025-11-07 13:50:48', '2025-11-07 13:50:48'),
(59, 'admin.newsletter.destroy', 'admin', '2025-11-07 13:50:48', '2025-11-07 13:50:48'),
(60, 'admin.reviews.index', 'admin', '2025-11-07 13:50:48', '2025-11-07 13:50:48'),
(61, 'admin.reviews.approve', 'admin', '2025-11-07 13:50:48', '2025-11-07 13:50:48'),
(62, 'admin.reviews.reject', 'admin', '2025-11-07 13:50:48', '2025-11-07 13:50:48'),
(63, 'admin.reviews.destroy', 'admin', '2025-11-07 13:50:48', '2025-11-07 13:50:48'),
(64, 'admin.payment-gateways.index', 'admin', '2025-11-07 13:50:48', '2025-11-07 13:50:48'),
(65, 'admin.payment-gateways.show', 'admin', '2025-11-07 13:50:48', '2025-11-07 13:50:48'),
(66, 'admin.payment-gateways.update', 'admin', '2025-11-07 13:50:48', '2025-11-07 13:50:48'),
(67, 'admin.payment-gateways.toggle-status', 'admin', '2025-11-07 13:50:48', '2025-11-07 13:50:48'),
(68, 'admin.payment-gateways.test', 'admin', '2025-11-07 13:50:48', '2025-11-07 13:50:48'),
(69, 'admin.otp-settings.index', 'admin', '2025-11-07 13:50:48', '2025-11-07 13:50:48'),
(70, 'admin.otp-settings.update', 'admin', '2025-11-07 13:50:48', '2025-11-07 13:50:48'),
(71, 'admin.activities.carts', 'admin', '2025-11-07 13:50:48', '2025-11-07 13:50:48'),
(72, 'admin.activities.wishlists', 'admin', '2025-11-07 13:50:48', '2025-11-07 13:50:48'),
(73, 'admin.activities.sessions', 'admin', '2025-11-07 13:50:48', '2025-11-07 13:50:48'),
(74, 'admin.activities.sessions.destroy', 'admin', '2025-11-07 13:50:48', '2025-11-07 13:50:48'),
(75, 'admin.activities.sessions.destroy-user', 'admin', '2025-11-07 13:50:48', '2025-11-07 13:50:48'),
(76, 'admin.coupons.preview', 'admin', '2025-11-07 13:50:48', '2025-11-07 13:50:48'),
(77, 'admin.currencies.index', 'admin', '2025-11-07 13:50:48', '2025-11-07 13:50:48'),
(78, 'admin.currencies.create', 'admin', '2025-11-07 13:50:48', '2025-11-07 13:50:48'),
(79, 'admin.currencies.store', 'admin', '2025-11-07 13:50:48', '2025-11-07 13:50:48'),
(80, 'admin.currencies.edit', 'admin', '2025-11-07 13:50:48', '2025-11-07 13:50:48'),
(81, 'admin.currencies.update', 'admin', '2025-11-07 13:50:48', '2025-11-07 13:50:48'),
(82, 'admin.currencies.destroy', 'admin', '2025-11-07 13:50:48', '2025-11-07 13:50:48'),
(83, 'admin.currencies.toggle', 'admin', '2025-11-07 13:50:48', '2025-11-07 13:50:48'),
(84, 'admin.currencies.default', 'admin', '2025-11-07 13:50:48', '2025-11-07 13:50:48'),
(85, 'admin.site-settings.index', 'admin', '2025-11-07 13:50:48', '2025-11-07 13:50:48'),
(86, 'admin.site-settings.update', 'admin', '2025-11-07 13:50:48', '2025-11-07 13:50:48'),
(87, 'admin.admins.index', 'admin', '2025-11-07 13:50:48', '2025-11-07 13:50:48'),
(88, 'admin.admins.create', 'admin', '2025-11-07 13:50:48', '2025-11-07 13:50:48'),
(89, 'admin.admins.store', 'admin', '2025-11-07 13:50:48', '2025-11-07 13:50:48'),
(90, 'admin.admins.edit', 'admin', '2025-11-07 13:50:48', '2025-11-07 13:50:48'),
(91, 'admin.admins.update', 'admin', '2025-11-07 13:50:48', '2025-11-07 13:50:48'),
(92, 'admin.admins.destroy', 'admin', '2025-11-07 13:50:48', '2025-11-07 13:50:48'),
(93, 'admin.coin-settings.index', 'admin', '2025-11-07 13:50:48', '2025-11-07 13:50:48'),
(94, 'admin.coin-settings.update', 'admin', '2025-11-07 13:50:48', '2025-11-07 13:50:48'),
(95, 'admin.pages.index', 'admin', '2025-11-07 13:50:48', '2025-11-07 13:50:48'),
(96, 'admin.pages.create', 'admin', '2025-11-07 13:50:48', '2025-11-07 13:50:48'),
(97, 'admin.pages.store', 'admin', '2025-11-07 13:50:48', '2025-11-07 13:50:48'),
(98, 'admin.pages.show', 'admin', '2025-11-07 13:50:48', '2025-11-07 13:50:48'),
(99, 'admin.pages.edit', 'admin', '2025-11-07 13:50:48', '2025-11-07 13:50:48'),
(100, 'admin.pages.update', 'admin', '2025-11-07 13:50:48', '2025-11-07 13:50:48'),
(101, 'admin.pages.destroy', 'admin', '2025-11-07 13:50:48', '2025-11-07 13:50:48'),
(102, 'admin.datatables', 'admin', '2025-11-07 13:50:48', '2025-11-07 13:50:48'),
(103, 'admin.captcha', 'admin', '2025-11-08 14:29:58', '2025-11-08 14:29:58'),
(104, 'admin.logout', 'admin', '2025-11-08 14:29:58', '2025-11-08 14:29:58'),
(105, 'admin.roles.copy', 'admin', '2025-11-08 14:29:58', '2025-11-08 14:29:58'),
(106, 'admin.roles.copy.store', 'admin', '2025-11-08 14:29:58', '2025-11-08 14:29:58'),
(107, 'admin.categories.check-slug', 'admin', '2025-11-08 15:17:41', '2025-11-08 15:17:41'),
(108, 'admin.products.check-slug', 'admin', '2025-11-08 15:17:41', '2025-11-08 15:17:41'),
(109, 'admin.districts.index', 'admin', '2025-11-29 14:45:50', '2025-11-29 14:45:50'),
(110, 'admin.districts.create', 'admin', '2025-11-29 14:45:50', '2025-11-29 14:45:50'),
(111, 'admin.districts.store', 'admin', '2025-11-29 14:45:50', '2025-11-29 14:45:50'),
(112, 'admin.districts.show', 'admin', '2025-11-29 14:45:50', '2025-11-29 14:45:50'),
(113, 'admin.districts.edit', 'admin', '2025-11-29 14:45:50', '2025-11-29 14:45:50'),
(114, 'admin.districts.update', 'admin', '2025-11-29 14:45:50', '2025-11-29 14:45:50'),
(115, 'admin.districts.destroy', 'admin', '2025-11-29 14:45:50', '2025-11-29 14:45:50'),
(116, 'admin.districts.toggle-status', 'admin', '2025-11-29 14:45:50', '2025-11-29 14:45:50'),
(117, 'admin.upazilas.create', 'admin', '2025-11-29 14:45:50', '2025-11-29 14:45:50'),
(118, 'admin.upazilas.store', 'admin', '2025-11-29 14:45:50', '2025-11-29 14:45:50'),
(119, 'admin.upazilas.edit', 'admin', '2025-11-29 14:45:50', '2025-11-29 14:45:50'),
(120, 'admin.upazilas.update', 'admin', '2025-11-29 14:45:50', '2025-11-29 14:45:50'),
(121, 'admin.upazilas.destroy', 'admin', '2025-11-29 14:45:50', '2025-11-29 14:45:50'),
(122, 'admin.upazilas.toggle-status', 'admin', '2025-11-29 14:45:50', '2025-11-29 14:45:50'),
(123, 'admin.upazilas.get-by-district', 'admin', '2025-11-29 14:45:50', '2025-11-29 14:45:50');

-- --------------------------------------------------------

--
-- Table structure for table `personal_access_tokens`
--

CREATE TABLE `personal_access_tokens` (
  `id` bigint UNSIGNED NOT NULL,
  `tokenable_type` varchar(255) COLLATE utf8mb4_unicode_ci NOT NULL,
  `tokenable_id` bigint UNSIGNED NOT NULL,
  `name` text COLLATE utf8mb4_unicode_ci NOT NULL,
  `token` varchar(64) COLLATE utf8mb4_unicode_ci NOT NULL,
  `abilities` text COLLATE utf8mb4_unicode_ci,
  `last_used_at` timestamp NULL DEFAULT NULL,
  `expires_at` timestamp NULL DEFAULT NULL,
  `created_at` timestamp NULL DEFAULT NULL,
  `updated_at` timestamp NULL DEFAULT NULL
) ENGINE=InnoDB DEFAULT CHARSET=utf8mb4 COLLATE=utf8mb4_unicode_ci;

--
-- Dumping data for table `personal_access_tokens`
--

INSERT INTO `personal_access_tokens` (`id`, `tokenable_type`, `tokenable_id`, `name`, `token`, `abilities`, `last_used_at`, `expires_at`, `created_at`, `updated_at`) VALUES
(1, 'App\\Models\\User', 4, 'mobile', '85cd63fa8b9021470e456314158ff05de643c51fccf23145d0b3cb878dc09962', '[\"*\"]', '2025-11-14 17:07:04', NULL, '2025-11-14 17:07:03', '2025-11-14 17:07:04'),
(2, 'App\\Models\\User', 4, 'mobile', '14cf99696de61d29b374a99980f136d28f218c1473dbae8753250cf39c855657', '[\"*\"]', '2025-11-14 17:13:09', NULL, '2025-11-14 17:07:22', '2025-11-14 17:13:09'),
(3, 'App\\Models\\User', 4, 'mobile', '589e40ace4c983aa8e562adcdbe2420cfb7b8bd367a9af02f1319578a5fa1189', '[\"*\"]', '2025-11-14 17:26:06', NULL, '2025-11-14 17:21:27', '2025-11-14 17:26:06'),
(4, 'App\\Models\\User', 4, 'mobile', 'f20580744bbf7fe00ee088062b836465f95bd4dc5cbd3dc3d3e7e5053cf7bd6b', '[\"*\"]', '2025-11-14 17:26:56', NULL, '2025-11-14 17:26:55', '2025-11-14 17:26:56'),
(5, 'App\\Models\\User', 4, 'mobile', 'c7ecf2f2719a830110d9fc6706881ac8bab9c89bc8e80320918c15a981f95008', '[\"*\"]', '2025-11-14 17:32:51', NULL, '2025-11-14 17:31:16', '2025-11-14 17:32:51'),
(6, 'App\\Models\\User', 4, 'mobile', '72077dde947e79675b714c9ababf3a7541158b421d25fd1ac6a04f31cb352829', '[\"*\"]', '2025-11-14 17:38:24', NULL, '2025-11-14 17:37:06', '2025-11-14 17:38:24'),
(7, 'App\\Models\\User', 4, 'mobile', 'b17171b17e58c26e6f38d1434209e96c727bd80f630db2f5b3d59c7a04cf654e', '[\"*\"]', '2025-11-14 17:46:11', NULL, '2025-11-14 17:45:32', '2025-11-14 17:46:11'),
(8, 'App\\Models\\User', 4, 'mobile', '5c306b5e8fa4de2dad4a4d297d57d377908de8e99f1666cb4b83b087d9a50ae0', '[\"*\"]', '2025-11-14 17:53:54', NULL, '2025-11-14 17:50:38', '2025-11-14 17:53:54'),
(9, 'App\\Models\\User', 4, 'mobile', 'dcebddb4beee57c4f12e4e648cc7d5938f8c7836189523ac1e1108628e06d2bc', '[\"*\"]', '2025-11-14 18:10:16', NULL, '2025-11-14 18:09:49', '2025-11-14 18:10:16'),
(10, 'App\\Models\\User', 4, 'mobile', '49b14acb2e129d734084499b48d61e96ef708415f0e270493904e0e10e851ca7', '[\"*\"]', '2025-11-14 18:31:36', NULL, '2025-11-14 18:31:35', '2025-11-14 18:31:36'),
(11, 'App\\Models\\User', 4, 'mobile', 'a618e221c3c0c070c3575e62ff20e9f2d9707ca4310f6509eb2ede05eefcf3f2', '[\"*\"]', '2025-11-14 19:03:02', NULL, '2025-11-14 18:51:58', '2025-11-14 19:03:02'),
(12, 'App\\Models\\User', 4, 'mobile', '3e1082d1255b119980efd4aa40128b9d18f8a69e824c9acdfb6a3b49a309f92e', '[\"*\"]', '2025-11-14 19:12:24', NULL, '2025-11-14 19:12:23', '2025-11-14 19:12:24'),
(13, 'App\\Models\\User', 4, 'mobile', '9e29796606a0bb14e75dfe55751281e2e030b07f1a84524bf000b5ddf0171ca3', '[\"*\"]', '2025-11-14 19:15:34', NULL, '2025-11-14 19:15:33', '2025-11-14 19:15:34'),
(14, 'App\\Models\\User', 4, 'mobile', '1a3ab6253e5ce9db1052aeb8769699d42b9cc0507d51122cf7c079f6c019ca92', '[\"*\"]', '2025-11-14 19:23:12', NULL, '2025-11-14 19:23:10', '2025-11-14 19:23:12'),
(15, 'App\\Models\\User', 4, 'mobile', 'be082918377765c213cf6428b899af67358091703e4089aab6b0619e62f57f3d', '[\"*\"]', '2025-11-14 19:34:00', NULL, '2025-11-14 19:33:59', '2025-11-14 19:34:00'),
(16, 'App\\Models\\User', 4, 'mobile', '6fafad92ea4588f2c55c8907a80c985b8211096312191e967e78ecac86e5ad95', '[\"*\"]', '2025-11-14 19:39:33', NULL, '2025-11-14 19:37:53', '2025-11-14 19:39:33'),
(17, 'App\\Models\\User', 4, 'mobile', '42ebc984fca009151d8237fb69dbcb8fdca5c22836b25d262ce2080d106a7052', '[\"*\"]', '2025-11-14 19:42:10', NULL, '2025-11-14 19:42:08', '2025-11-14 19:42:10'),
(18, 'App\\Models\\User', 4, 'mobile', '10a86e7b6345ec23322f57d59c807a1570938c1e4491a38d8bb6e50cd5460d09', '[\"*\"]', '2025-11-14 19:46:20', NULL, '2025-11-14 19:46:19', '2025-11-14 19:46:20'),
(19, 'App\\Models\\User', 4, 'mobile', '5b3074d249b6456a994a0eef4e6b358917ba1faa0d6c049e792932c436071f26', '[\"*\"]', '2025-11-14 20:00:50', NULL, '2025-11-14 19:59:09', '2025-11-14 20:00:50'),
(20, 'App\\Models\\User', 4, 'mobile', '4e095ddbaac50ae2ac31f78da118b17bed369f68d2af80853233228142371f37', '[\"*\"]', '2025-11-14 20:01:40', NULL, '2025-11-14 20:01:40', '2025-11-14 20:01:40'),
(21, 'App\\Models\\User', 4, 'mobile', '756de2d0322b0eaefb6c77820d91daa3a4297981993d86e78eae6b3da7b32d86', '[\"*\"]', '2025-11-14 20:03:42', NULL, '2025-11-14 20:03:42', '2025-11-14 20:03:42'),
(22, 'App\\Models\\User', 4, 'mobile', '5b5f6fc05fcef8cd267ce92c0b2f511b8c430a0e65e541b2d05966be07135301', '[\"*\"]', '2025-11-14 20:07:55', NULL, '2025-11-14 20:07:54', '2025-11-14 20:07:55'),
(23, 'App\\Models\\User', 4, 'mobile', '0d09e22bdc8e49872336c29605ebf2d42cc681d10f6e0475e9834f0ba637c406', '[\"*\"]', '2025-11-14 20:12:56', NULL, '2025-11-14 20:12:55', '2025-11-14 20:12:56'),
(24, 'App\\Models\\User', 4, 'mobile', '9710466cf9d3137183adc3a485e4d124e919f2792bfcb287a48c0588d798daba', '[\"*\"]', '2025-11-14 20:30:29', NULL, '2025-11-14 20:30:29', '2025-11-14 20:30:29'),
(25, 'App\\Models\\User', 4, 'mobile', '01e1ffe31740f6f9c1f5ebedb96b5742aacf69a01a8457258e4807977f8415a5', '[\"*\"]', '2025-11-14 20:34:29', NULL, '2025-11-14 20:33:17', '2025-11-14 20:34:29'),
(26, 'App\\Models\\User', 4, 'mobile', 'b72bdc4c6ef4ca2723412a5a559a23f0a5b3e2c4a714bf2c47bd047ba65d1186', '[\"*\"]', '2025-11-14 20:36:29', NULL, '2025-11-14 20:36:28', '2025-11-14 20:36:29'),
(27, 'App\\Models\\User', 4, 'mobile', 'b3c26d7b871ee8ae81ea1a653e786e4b300382549b401c7435354d4fceee19fa', '[\"*\"]', '2025-11-14 20:41:19', NULL, '2025-11-14 20:40:40', '2025-11-14 20:41:19'),
(28, 'App\\Models\\User', 4, 'mobile', '426a68ceaefb69169f59da40fb26d234c799d23e4fbd75a151dd8e5ddaf32017', '[\"*\"]', '2025-11-14 20:44:36', NULL, '2025-11-14 20:44:36', '2025-11-14 20:44:36'),
(29, 'App\\Models\\User', 4, 'mobile', '86b2fd8bf3fa38c1a158422acbd21f13ffd21fbc0583af0a26409332001a8c4b', '[\"*\"]', '2025-11-15 13:53:49', NULL, '2025-11-15 13:52:27', '2025-11-15 13:53:49'),
(30, 'App\\Models\\User', 4, 'mobile', 'f9a6de69ef5ec675156fd2ebfee8cbcc743487d8967aa9d3c5d902d570bd76da', '[\"*\"]', '2025-11-15 13:55:13', NULL, '2025-11-15 13:55:13', '2025-11-15 13:55:13'),
(31, 'App\\Models\\User', 4, 'mobile', '54990f2ff77f6134a8e8da2cf63756a37060f1d85cd38b10d9f32d02c6c79274', '[\"*\"]', '2025-11-15 13:57:05', NULL, '2025-11-15 13:57:05', '2025-11-15 13:57:05'),
(32, 'App\\Models\\User', 4, 'mobile', 'ff81ce4f6bf6c987ea98ba61e45a904c5f5a102bd7f3c91cf1955551c7710af4', '[\"*\"]', '2025-11-15 14:06:25', NULL, '2025-11-15 14:06:23', '2025-11-15 14:06:25'),
(33, 'App\\Models\\User', 4, 'mobile', 'ed2a3fd8bdeeda819a2dd0acab4103c8c30dc06be418e09432ac3bec30860dc8', '[\"*\"]', '2025-11-15 14:12:39', NULL, '2025-11-15 14:12:23', '2025-11-15 14:12:39'),
(34, 'App\\Models\\User', 4, 'mobile', '3ed5c4e072157081f90f16b992bc97baeedb4ee329c0ef0204fe9add9ce064e7', '[\"*\"]', '2025-11-15 14:16:35', NULL, '2025-11-15 14:14:36', '2025-11-15 14:16:35'),
(35, 'App\\Models\\User', 4, 'mobile', 'abfe49789e29f974ad6505ea3eda8f224f5b831dcd53968ce964e7560f3604ca', '[\"*\"]', '2025-11-15 14:16:57', NULL, '2025-11-15 14:16:48', '2025-11-15 14:16:57'),
(36, 'App\\Models\\User', 4, 'mobile', '006aa6eebe1fd824219879a873cca8f88015f1ce3c474c5be88f830fd7cc45c1', '[\"*\"]', '2025-11-15 14:17:09', NULL, '2025-11-15 14:17:07', '2025-11-15 14:17:09'),
(37, 'App\\Models\\User', 4, 'mobile', '9074be183656ec73bb340a2dcb9e1fbf6a2b20017a2ba09fbee4f738df54c49b', '[\"*\"]', '2025-11-15 14:19:02', NULL, '2025-11-15 14:18:19', '2025-11-15 14:19:02'),
(38, 'App\\Models\\User', 4, 'mobile', 'cf34fa42a08f3aac9fb6f3132b2b74cd303a69c4084aa856461f9b929207b366', '[\"*\"]', '2025-11-15 14:22:23', NULL, '2025-11-15 14:22:23', '2025-11-15 14:22:23'),
(39, 'App\\Models\\User', 4, 'mobile', '9730dc47f72d6c5626f95219aa1d3cc0ccfb9d4ec9236f17701dbff15a2586e0', '[\"*\"]', '2025-11-15 14:28:01', NULL, '2025-11-15 14:26:55', '2025-11-15 14:28:01'),
(40, 'App\\Models\\User', 4, 'mobile', '259e3405e2053933597f9bdca98335ef40f1ab465926eae36d9ed4a612ef2511', '[\"*\"]', '2025-11-15 14:31:10', NULL, '2025-11-15 14:31:01', '2025-11-15 14:31:10'),
(41, 'App\\Models\\User', 4, 'mobile', 'f181f1c8e57b930766e684411a816eae1d897d0de256a90c12b5adb6ca5a6e37', '[\"*\"]', '2025-11-15 14:34:46', NULL, '2025-11-15 14:34:22', '2025-11-15 14:34:46'),
(42, 'App\\Models\\User', 4, 'mobile', 'acc4d39ea7c673d951823739cdfb8096f3afeb29b9c2aeb48858b5d306a27d9e', '[\"*\"]', '2025-11-15 14:40:57', NULL, '2025-11-15 14:39:56', '2025-11-15 14:40:57'),
(43, 'App\\Models\\User', 4, 'mobile', 'd73197435b56c1cc9408666a05d949c567da83e5e7aae087fd3b1e3611d45920', '[\"*\"]', '2025-11-15 14:44:47', NULL, '2025-11-15 14:44:35', '2025-11-15 14:44:47');

-- --------------------------------------------------------

--
-- Table structure for table `products`
--

CREATE TABLE `products` (
  `id` bigint UNSIGNED NOT NULL,
  `category_id` bigint UNSIGNED DEFAULT NULL,
  `name` varchar(255) COLLATE utf8mb4_unicode_ci NOT NULL,
  `slug` varchar(255) COLLATE utf8mb4_unicode_ci NOT NULL,
  `sku` varchar(255) COLLATE utf8mb4_unicode_ci DEFAULT NULL,
  `short_description` text COLLATE utf8mb4_unicode_ci,
  `description` longtext COLLATE utf8mb4_unicode_ci,
  `price` decimal(10,2) NOT NULL,
  `compare_at_price` decimal(10,2) DEFAULT NULL,
  `stock` int UNSIGNED NOT NULL DEFAULT '0',
  `is_active` tinyint(1) NOT NULL DEFAULT '1',
  `is_featured` tinyint(1) NOT NULL DEFAULT '0',
  `meta_title` varchar(255) COLLATE utf8mb4_unicode_ci DEFAULT NULL,
  `meta_description` text COLLATE utf8mb4_unicode_ci,
  `created_at` timestamp NULL DEFAULT NULL,
  `updated_at` timestamp NULL DEFAULT NULL
) ENGINE=InnoDB DEFAULT CHARSET=utf8mb4 COLLATE=utf8mb4_unicode_ci;

--
-- Dumping data for table `products`
--

INSERT INTO `products` (`id`, `category_id`, `name`, `slug`, `sku`, `short_description`, `description`, `price`, `compare_at_price`, `stock`, `is_active`, `is_featured`, `meta_title`, `meta_description`, `created_at`, `updated_at`) VALUES
(1, 1, 'Ex placeat sit', 'ex-placeat-sit-nRMmF', 'FNWYTUEW', 'Veritatis molestiae repellendus nihil consequatur veniam non quis qui aut ipsam minima et consequatur aut maxime adipisci.', 'Minima iusto ratione eos. Ea mollitia numquam nihil repellat. Repellendus temporibus tempore perspiciatis assumenda asperiores.', '40.33', '52.41', 0, 0, 0, NULL, NULL, '2025-11-07 13:50:48', '2025-11-07 13:50:48'),
(2, 1, 'Quibusdam ut occaecati', 'quibusdam-ut-occaecati-l2P8z', 'HZZPP51H', 'Mollitia perferendis dolores est doloremque sunt natus corporis.', 'Quo quis nihil veniam odio. Quas et nostrum deserunt laboriosam totam quas ullam. Animi dicta totam aut ab temporibus vitae. Exercitationem et ut sapiente rerum adipisci neque nobis. Illum dolores qui nulla aut dolor voluptate et.', '17.25', NULL, 144, 1, 0, NULL, NULL, '2025-11-07 13:50:48', '2025-11-07 13:50:48'),
(3, 1, 'Et consectetur cumque', 'et-consectetur-cumque-mKv4K', 'BW4FG0N0', 'Ipsum atque nihil nobis accusamus sint laboriosam et doloribus sint dolor qui libero officia.', 'Consequatur iste numquam voluptatum et expedita sed. Assumenda ut praesentium temporibus iure officia. Qui et officia voluptatibus corporis. Dolores iste libero nam molestias ad rerum. Vel aut sunt in molestiae est occaecati minima. Quia sit hic in sit cumque.', '43.63', NULL, 31, 1, 0, NULL, NULL, '2025-11-07 13:50:48', '2025-11-07 13:50:48'),
(4, 1, 'Minima eum similique', 'minima-eum-similique-SA67Z', 'XGDQAWHE', 'Consectetur qui alias error adipisci id optio necessitatibus possimus distinctio ea nisi quidem ipsam non.', 'Et ducimus ut ipsum excepturi at illo tempora. Corporis eum ab iusto asperiores. Aut dolorem ut excepturi maxime qui eveniet earum qui. Sint sunt voluptatibus quasi vitae minus magni culpa. Suscipit dicta vel distinctio iusto minima qui aut voluptatem. Provident qui laborum deleniti iusto et accusantium.', '293.94', NULL, 9, 1, 1, NULL, NULL, '2025-11-07 13:50:48', '2025-11-07 13:50:48'),
(5, 1, 'Eius voluptate minima', 'eius-voluptate-minima-82G18', 'CYXGDHBS', 'Rem molestias ex nulla deleniti ratione nobis sed vero consectetur fugit non autem unde est unde.', 'Nemo sit libero atque numquam alias omnis. Molestiae rem non totam similique eos quia. Possimus possimus autem quod sit et asperiores. Nihil provident suscipit consequuntur ducimus aliquam. Possimus aut reprehenderit debitis quos ducimus. Autem sint cum quas ut rem aliquam quam.', '176.24', NULL, 4, 1, 1, NULL, NULL, '2025-11-07 13:50:48', '2025-11-07 13:50:48'),
(6, 1, 'Distinctio aspernatur architecto', 'distinctio-aspernatur-architecto-PmHLd', 'TSUSNH5Y', 'Voluptatem eaque soluta mollitia alias aut perspiciatis aut repellendus nulla qui aliquid eos.', 'Recusandae eum facilis qui sunt. Eos voluptatem illo blanditiis cum repellendus maiores cupiditate expedita. Ea accusantium vel officia sit asperiores iure. Eos nemo explicabo ratione temporibus labore eligendi earum ut. Necessitatibus adipisci reiciendis ducimus rem nulla et. Libero qui magni deleniti saepe molestias.', '233.75', '280.24', 36, 1, 0, NULL, NULL, '2025-11-07 13:50:48', '2025-11-07 13:50:48'),
(7, 1, 'Nihil ut reprehenderit', 'nihil-ut-reprehenderit-lPg3G', '6XLYR1DU', 'Vitae odit veritatis suscipit sunt praesentium eum neque blanditiis dolorum cum aut cum velit exercitationem.', 'Dolores omnis omnis quod tempora ipsa eveniet. Enim eius et necessitatibus et. Eos inventore qui ex quod placeat ad delectus laboriosam. Incidunt et aut animi ut dicta labore nihil. Dicta sit et quaerat doloribus similique nam in sit.', '258.78', '268.58', 81, 1, 1, NULL, NULL, '2025-11-07 13:50:48', '2025-11-07 13:50:48'),
(8, 1, 'Consectetur doloribus aut', 'consectetur-doloribus-aut-0hP5r', 'KQXG6JCZ', 'Iusto fugiat magnam iusto dolor sed laudantium in iusto fugiat aperiam.', 'Repellendus sunt id ea dolores porro debitis sit. Non facilis omnis eum harum. Facere explicabo id vel deserunt ab necessitatibus sint. Sapiente earum vero aut ut. Voluptatem magni et aut et expedita et.', '134.54', NULL, 23, 1, 1, NULL, NULL, '2025-11-07 13:50:48', '2025-11-07 13:50:48'),
(9, 1, 'Omnis voluptates quia', 'omnis-voluptates-quia-JgXvk', 'MEVBC41V', 'Quia voluptatum similique corporis excepturi quae id eius.', 'Est error labore esse eveniet provident natus reprehenderit. Velit nisi vitae similique rem aut recusandae quo. In quam aut fuga saepe. Rerum voluptate fugiat eum animi ipsam possimus dolorum quaerat. Quas quis iusto non rerum.', '247.31', NULL, 1, 1, 0, NULL, NULL, '2025-11-07 13:50:48', '2025-11-07 13:50:48'),
(10, 1, 'Et ut commodi', 'et-ut-commodi-ABGwW', 'IUHEQ7W3', 'Expedita modi et occaecati ratione laborum deserunt dolores eos consequuntur accusantium ad.', 'Voluptatem et quae quasi quis suscipit sunt itaque. Quas exercitationem sit quis magni. Vel maxime et qui esse qui perferendis voluptate quo. Quia laborum quae esse assumenda. Numquam quisquam cupiditate qui nobis.', '212.37', NULL, 45, 1, 1, NULL, NULL, '2025-11-07 13:50:48', '2025-11-07 13:50:48'),
(11, 1, 'Molestias aut aut', 'molestias-aut-aut-ILYEl', 'URZHOA04', 'Cumque omnis accusamus incidunt laborum sequi sint sit sint non rerum.', 'Voluptas dicta dolores sed. Pariatur nam autem sint dolore inventore possimus dignissimos. Culpa possimus rerum error qui. Eligendi quis dolores magnam. Earum ut corporis deleniti non quasi. Explicabo deleniti atque possimus rem.', '79.55', NULL, 191, 1, 1, NULL, NULL, '2025-11-07 13:50:48', '2025-11-07 13:50:48'),
(12, 1, 'Non provident provident', 'non-provident-provident-QsqJr', 'J1NREX94', 'Ut quisquam voluptatum iste deleniti non ut dolor facere ut modi qui impedit dignissimos fugiat.', 'Non fugiat et earum est porro sunt. Odio molestiae iure est consequatur. Qui omnis odit sint voluptas laborum et. Vero occaecati dolor omnis et officia. Sit ducimus ex dolor perferendis neque asperiores autem.', '40.43', NULL, 36, 1, 0, NULL, NULL, '2025-11-07 13:50:48', '2025-11-07 13:50:48'),
(13, 2, 'Aperiam fuga earum', 'aperiam-fuga-earum-oeJKX', 'S5FQJ8IG', 'Aut commodi sapiente reiciendis eos illum quo eum quasi laboriosam omnis et nostrum.', 'Architecto enim eum quisquam itaque sit dolorem. Dolor excepturi et voluptatem rerum debitis. Dicta rerum eveniet vero rem minus.', '163.25', NULL, 0, 1, 0, NULL, NULL, '2025-11-07 13:50:49', '2025-11-07 13:50:49'),
(14, 2, 'Qui dolorem excepturi', 'qui-dolorem-excepturi-2uGo1', 'ZYX1FESF', 'Harum qui et provident perspiciatis quia praesentium doloremque maiores voluptatibus ad officiis.', 'Est quas repudiandae in mollitia laboriosam. Beatae autem aspernatur quam fugit ut possimus earum. Quae non omnis eos consequatur architecto enim occaecati.', '153.49', '198.22', 96, 1, 0, NULL, NULL, '2025-11-07 13:50:49', '2025-11-07 13:50:49'),
(15, 2, 'Ipsum voluptas quis', 'ipsum-voluptas-quis-bD2iN', 'YNPGBW4N', 'Esse quaerat aut voluptas totam quae consectetur magni corporis quisquam.', 'Aperiam ea ut sunt libero dolor dolorem et. Et consectetur blanditiis explicabo sed et sapiente. Et pariatur recusandae similique qui. Pariatur quis nam ab fuga. Itaque excepturi similique pariatur et reprehenderit repudiandae.', '213.16', NULL, 125, 1, 1, NULL, NULL, '2025-11-07 13:50:49', '2025-11-07 13:50:49'),
(16, 2, 'Quis est consectetur', 'quis-est-consectetur-qoppL', '16RGQICU', 'Voluptatem reiciendis ratione ullam qui alias deleniti quisquam et officia illo distinctio voluptatem nobis deleniti.', 'Quisquam itaque nemo ut aut praesentium facere. Est sed exercitationem facilis laboriosam quam eveniet. Et praesentium ut voluptatem saepe accusantium et non. Aut voluptas nihil et. Ut quidem nostrum quasi et qui eum assumenda.', '47.92', '56.52', 42, 1, 0, NULL, NULL, '2025-11-07 13:50:49', '2025-11-07 13:50:49'),
(17, 2, 'Quaerat sed et', 'quaerat-sed-et-cI28j', 'PRQ45LCF', 'Explicabo voluptatem ipsum est velit enim consequuntur est temporibus aperiam distinctio odit et eligendi harum.', 'Omnis et odio ut ut consequatur. Sint nam distinctio quos ducimus. Esse omnis quia qui. Sit nulla quasi omnis sint. Voluptas quia iure ea facilis quos maiores. Tenetur consequuntur eos et officia quidem numquam et et.', '217.34', '250.62', 30, 1, 0, NULL, NULL, '2025-11-07 13:50:49', '2025-11-07 13:50:49'),
(18, 2, 'Omnis perferendis tempore', 'omnis-perferendis-tempore-5i3fY', 'VEHTCFSU', 'Totam voluptatum est rem dolorem et est dignissimos repellat voluptatem consequatur saepe architecto id rerum.', 'Exercitationem vero nihil adipisci quo laudantium suscipit ut. Doloribus rerum temporibus voluptatem excepturi reiciendis distinctio. Necessitatibus reiciendis veritatis voluptas officiis. Eos placeat deserunt perspiciatis omnis modi eius ut. Optio nesciunt harum et eos debitis dolorum est. Maiores velit quia asperiores consequatur tenetur laboriosam.', '220.89', NULL, 135, 1, 0, NULL, NULL, '2025-11-07 13:50:49', '2025-11-07 13:50:49'),
(19, 2, 'Eum ea quam', 'eum-ea-quam-OyIiw', 'L1MCHNI2', 'Velit repudiandae ipsum soluta molestias ea quae consequatur distinctio consequuntur repudiandae fuga quis et assumenda fuga.', 'Nihil laudantium est ipsam architecto laborum aut. Sit magnam accusamus accusamus dolor reiciendis. Ea consequatur aliquam et rerum. Culpa qui et ipsa praesentium eaque assumenda molestiae.', '187.23', '206.48', 26, 1, 0, NULL, NULL, '2025-11-07 13:50:49', '2025-11-07 13:50:49'),
(20, 2, 'Omnis minima voluptas', 'omnis-minima-voluptas-eYbGq', 'FIE0LAEU', 'Id voluptatem quae eos earum in corporis laboriosam inventore sequi ex ab explicabo maxime.', 'Vero quaerat fuga expedita corrupti. Velit amet vitae natus sequi nostrum quo. Reiciendis laboriosam vel illum illum aut dolorem. Corporis animi ad autem mollitia quidem et perspiciatis. Sapiente nostrum quis veritatis placeat et expedita. Rem qui sunt molestias minima expedita.', '102.71', '111.77', 67, 1, 0, NULL, NULL, '2025-11-07 13:50:49', '2025-11-07 13:50:49'),
(21, 2, 'Quasi et in', 'quasi-et-in-QhOBQ', 'QZFRIWVK', 'Perferendis aliquid dolorem vel voluptas excepturi sapiente ratione aperiam expedita qui ex id eum.', 'Est veniam aut ea sequi harum voluptates consectetur. Cumque quod autem doloremque repellat adipisci quae. Quo non nesciunt illum veritatis tempore unde. Deserunt dolorem et soluta eos. Ea reprehenderit et provident temporibus illo. Exercitationem ut cumque qui nemo earum tempore itaque.', '112.72', '128.55', 46, 1, 0, NULL, NULL, '2025-11-07 13:50:49', '2025-11-07 13:50:49'),
(22, 2, 'Voluptatem similique sed', 'voluptatem-similique-sed-GVCbx', 'TNG2OTWV', 'Est ut ut qui consequatur sunt a et et expedita labore dolor molestias unde corporis.', 'Error aut quibusdam quos ipsam doloribus qui. Omnis praesentium dolorem quo necessitatibus recusandae quia. Natus rerum quis aspernatur aut. Aut corrupti iure illum. Voluptatem voluptas et modi hic blanditiis dignissimos.', '212.94', NULL, 73, 1, 0, NULL, NULL, '2025-11-07 13:50:49', '2025-11-07 13:50:49'),
(23, 2, 'Adipisci nihil enim', 'adipisci-nihil-enim-XXPws', 'G5ABG8MJ', 'Doloremque vel pariatur inventore vero ut nisi eos sed.', '<p>Aut culpa aut ducimus quia minus. Ut sequi sed odit et doloremque quaerat. Non aspernatur aut consequatur voluptas fugiat quaerat tempora. Sed aut debitis ex numquam et nobis asperiores in. Sed blanditiis molestias molestiae sit vel similique asperiores.</p>', '82.80', '118.16', 85, 1, 0, NULL, NULL, '2025-11-07 13:50:49', '2025-11-08 15:14:52'),
(24, 2, 'Mollitia ut sit', 'mollitia-ut-sit-mtmOj', 'PJQIS541', 'Assumenda reprehenderit alias qui dignissimos facilis dolores consectetur rerum ut.', 'Eligendi et atque aut aliquid et quaerat. Delectus voluptatem corporis libero adipisci aliquam. Veritatis exercitationem reprehenderit id iste. Libero modi expedita minima illo quia cupiditate.', '123.51', NULL, 100, 1, 1, NULL, NULL, '2025-11-07 13:50:49', '2025-11-07 13:50:49'),
(25, 3, 'Sint nam eius', 'sint-nam-eius-tOSiY', '8KXTTXME', 'Et maxime esse nostrum atque quas pariatur culpa eos corrupti nulla ut accusamus sed ad.', 'Possimus ea dolorem reiciendis et. Quos est autem officia necessitatibus exercitationem quis saepe. Porro assumenda earum est nobis. Numquam possimus voluptatem ea quod assumenda maiores.', '261.70', NULL, 119, 1, 1, NULL, NULL, '2025-11-07 13:50:49', '2025-11-07 13:50:49'),
(26, 3, 'Aut sint in', 'aut-sint-in-dMNrv', 'VEBVXFSI', 'Minus amet qui omnis et amet laudantium nihil voluptate eos sed distinctio aperiam perspiciatis quo praesentium ad.', 'Officiis quis eveniet dolores consequatur accusamus. Numquam officia tempore rem magnam. Provident et beatae possimus ipsam ab praesentium dignissimos. Voluptatem hic magni sint aperiam quibusdam. Veritatis placeat quam rerum id. Quasi consequatur perspiciatis voluptas totam laudantium tenetur earum.', '104.94', NULL, 155, 1, 1, NULL, NULL, '2025-11-07 13:50:49', '2025-11-07 13:50:49'),
(27, 3, 'Soluta distinctio ratione', 'soluta-distinctio-ratione-qWt8o', 'MJ9O6SKD', 'Blanditiis ipsa quia et velit voluptatem in sit sunt libero cupiditate voluptatem dolore.', 'Voluptatem aspernatur mollitia consequuntur architecto exercitationem est. Dolores soluta et vel. Voluptate ab quisquam quod itaque. Veniam rem quisquam magni ducimus voluptas consequatur ea quasi. Odio ratione dolores suscipit ad neque.', '286.85', '318.20', 77, 1, 1, NULL, NULL, '2025-11-07 13:50:49', '2025-11-07 13:50:49'),
(28, 3, 'Sed ducimus quibusdam', 'sed-ducimus-quibusdam-KFEpq', '0JBIDRY2', 'Voluptates veniam et dolore provident illum voluptatum qui nesciunt et fugiat.', 'Ut repellat illo eos quisquam architecto. Molestiae nulla nobis occaecati natus facilis voluptas. Exercitationem a ea velit quibusdam laudantium accusamus ad.', '196.31', '232.73', 21, 1, 0, NULL, NULL, '2025-11-07 13:50:49', '2025-11-07 13:50:49'),
(29, 3, 'Necessitatibus ducimus molestiae', 'necessitatibus-ducimus-molestiae-ZSENO', 'RBOHYK8E', 'Quibusdam ut autem fugit distinctio dolorum impedit occaecati aspernatur quam similique.', 'Est non architecto perferendis nesciunt. Nihil ut non consequatur nemo aliquam dolorem. Corrupti et quas sit id quae.', '52.29', '64.78', 135, 1, 0, NULL, NULL, '2025-11-07 13:50:49', '2025-11-07 13:50:49'),
(30, 3, 'Provident magnam veritatis', 'provident-magnam-veritatis-u3Aux', 'W5TNL2TP', 'Libero aut a facere repellendus impedit maxime reiciendis quis temporibus porro dolores eligendi magnam et qui ut.', 'Et sapiente unde consequatur sint provident. Ut nulla velit expedita architecto. Dolorem dicta laudantium aut quis quod quia. Velit et exercitationem vel a excepturi quidem. Reprehenderit error quasi illum culpa et eius.', '294.19', '331.16', 6, 1, 0, NULL, NULL, '2025-11-07 13:50:49', '2025-11-07 13:50:49'),
(31, 3, 'Quos sint et', 'quos-sint-et-5HURQ', 'DWR5NQKD', 'Illum vero perferendis quos similique repellendus rem et accusantium aspernatur est ut sint.', 'Beatae quibusdam culpa dolorem atque. Ratione nihil ut eveniet accusantium dolor dolor. Et omnis cumque dolores et molestias perferendis. Voluptate assumenda eligendi ut esse minima eius quasi. Excepturi repellat eos id pariatur.', '95.51', NULL, 103, 1, 1, NULL, NULL, '2025-11-07 13:50:49', '2025-11-07 13:50:49'),
(32, 3, 'Assumenda enim delectus', 'assumenda-enim-delectus-nFJtI', '7IORT8KB', 'Nam et nihil quaerat neque sunt aut at odio omnis quasi culpa quo commodi omnis quisquam.', 'Itaque asperiores voluptas nisi tempora repudiandae ex omnis. Occaecati beatae et ducimus quia. Sed sapiente velit aliquam ducimus illum unde autem. Amet eveniet accusamus qui incidunt laudantium quia odit.', '62.48', NULL, 17, 1, 0, NULL, NULL, '2025-11-07 13:50:49', '2025-11-07 13:50:49'),
(33, 3, 'Consectetur est consequuntur', 'consectetur-est-consequuntur-xUNC7', 'FENF6J3S', 'Aut sint et ab omnis repudiandae cum aliquam.', 'Rem commodi iste velit numquam. Assumenda molestiae dolores hic necessitatibus voluptates ut minima. Corporis tempore ipsum nesciunt consequuntur dolorem. Odio blanditiis rerum qui.', '194.00', NULL, 87, 1, 0, NULL, NULL, '2025-11-07 13:50:49', '2025-11-07 13:50:49'),
(34, 3, 'Dolores vero aut', 'dolores-vero-aut-egjUB', 'GJ6RCSBK', 'Voluptates ipsa qui nobis eligendi excepturi temporibus quam corporis est corporis non.', 'Vitae quos blanditiis est dicta architecto ut laudantium. Neque dignissimos ducimus nisi placeat quo nesciunt esse et. Laboriosam esse sit minus maiores. Harum a voluptatem aliquam suscipit inventore tempore porro. In minus libero autem omnis iste repellendus et. Corporis reiciendis numquam ipsa dignissimos.', '261.69', NULL, 108, 1, 0, NULL, NULL, '2025-11-07 13:50:49', '2025-11-07 13:50:49'),
(35, 3, 'Earum qui ad', 'earum-qui-ad-PWRue', 'CLB30CGU', 'Aut reprehenderit autem dolores odit ullam quisquam nemo repellendus saepe cumque.', 'Corporis cupiditate odio quia non itaque. Quasi ipsum omnis natus aut. Enim nobis ut laborum et aut eaque repellat. Aut dolorem dolore ut nihil a deserunt itaque.', '165.58', NULL, 102, 1, 0, NULL, NULL, '2025-11-07 13:50:49', '2025-11-07 13:50:49'),
(36, 3, 'Iusto illo dolore', 'iusto-illo-dolore-4GgSN', 'RF0D6KA5', 'Dolorem omnis deserunt veniam eaque quia provident enim deserunt odit.', 'Quibusdam ipsam et ex doloremque consequuntur quae fugiat. Qui omnis error et et. Eius eos distinctio hic vero. Ea optio culpa aut sed eum. Ratione voluptatibus deserunt maiores ipsam eos praesentium dolore doloremque.', '276.50', NULL, 24, 1, 1, NULL, NULL, '2025-11-07 13:50:49', '2025-11-07 13:50:49'),
(37, 4, 'Tenetur dignissimos officiis', 'tenetur-dignissimos-officiis-hohLH', 'UTSEUIOO', 'Consequatur et consequatur qui delectus libero officiis odit ut distinctio molestiae ea autem eum voluptas neque.', 'Occaecati laborum et molestias. Officiis incidunt tenetur id error. Cupiditate est quam vero sapiente eligendi.', '143.06', '176.27', 75, 1, 0, NULL, NULL, '2025-11-07 13:50:49', '2025-11-07 13:50:49'),
(38, 4, 'Rerum neque ut', 'rerum-neque-ut-w7ohD', 'HO16QPUP', 'Nemo voluptatum aut repellat voluptatem quibusdam consequatur eaque consequuntur ipsa voluptatem ut debitis et earum placeat.', 'Dolor dignissimos nemo id nobis eaque. Et architecto sunt facere et. Et autem esse asperiores nihil omnis id. Quae sunt et dolor quasi ex quae amet. Ut quos natus soluta animi.', '77.98', NULL, 162, 1, 0, NULL, NULL, '2025-11-07 13:50:49', '2025-11-07 13:50:49'),
(39, 4, 'Qui et sit', 'qui-et-sit-2yxpw', 'GUFW1V6M', 'Itaque vero aut et enim fugit alias vero.', 'Id fugiat provident unde dolores possimus eaque. Consequatur error laboriosam minima. Fugit omnis molestiae et quas sequi. Excepturi est et magnam occaecati dolor ullam et. Debitis deleniti exercitationem et minima.', '269.48', '301.01', 155, 1, 0, NULL, NULL, '2025-11-07 13:50:49', '2025-11-07 13:50:49'),
(40, 4, 'Rerum labore id', 'rerum-labore-id-mqRbY', '9MCJDHCP', 'Impedit architecto laudantium laudantium quam unde facere commodi ratione magni distinctio voluptates quasi numquam et.', 'Rem qui cum ut iusto. Quas ut nihil optio libero velit. Ea ut aliquid unde vel natus quidem provident. Perferendis cum aut totam aut doloribus eum vero. Natus quae nam consequatur dolorum velit veritatis qui. Commodi excepturi natus enim iusto quam ut maiores consequatur.', '177.20', NULL, 37, 1, 0, NULL, NULL, '2025-11-07 13:50:49', '2025-11-07 13:50:49'),
(41, 4, 'Sint molestiae voluptatem', 'sint-molestiae-voluptatem-XoNXw', 'RLTISTPX', 'Veritatis ullam modi perspiciatis reiciendis veniam vero laboriosam et et voluptatem quos qui eos.', 'Consectetur et velit provident ipsa. Sed necessitatibus reprehenderit omnis non enim quasi omnis ut. Expedita laudantium rerum commodi qui ut. Aut omnis porro non nostrum a.', '297.44', NULL, 120, 1, 0, NULL, NULL, '2025-11-07 13:50:49', '2025-11-07 13:50:49'),
(42, 4, 'Quam repellat illum', 'quam-repellat-illum-3ApxU', 'WGI5VHHL', 'Est id quaerat qui ducimus non rerum sed sint veritatis rerum quia non iure est quasi.', 'Rerum officia aut maiores harum et deserunt est voluptate. Eligendi nisi esse laborum voluptas. Quidem non vel error labore voluptatem exercitationem. Molestiae ipsum minus commodi similique. Veritatis at aut optio voluptas aperiam enim.', '115.16', NULL, 193, 1, 0, NULL, NULL, '2025-11-07 13:50:49', '2025-11-07 13:50:49'),
(43, 4, 'Sapiente delectus quia', 'sapiente-delectus-quia-3rpZY', 'PQYAJ1OT', 'Praesentium eum eos tempora officia et modi fugit repellat quaerat consequatur.', 'Ut accusamus veniam numquam sit quasi alias. Doloremque numquam sed et est sit. Nobis dolorum soluta repellat et. Earum debitis sit aut libero labore. Itaque sint rerum est amet consequatur. Sed molestias impedit odio.', '246.47', NULL, 176, 0, 0, NULL, NULL, '2025-11-07 13:50:49', '2025-11-07 13:50:49'),
(44, 4, 'Occaecati impedit corrupti', 'occaecati-impedit-corrupti-QcNGA', '4QUJVJQB', 'Ut exercitationem accusantium exercitationem nostrum quasi aperiam qui voluptate est officia quia maiores quo laboriosam sapiente.', 'Ab assumenda aut et rerum harum incidunt. Et voluptate amet quisquam ipsa. Enim doloremque est fugiat aut assumenda eligendi. Veritatis voluptatem quo quasi consequatur.', '144.17', '156.03', 37, 0, 0, NULL, NULL, '2025-11-07 13:50:49', '2025-11-07 13:50:49'),
(45, 4, 'Nam sint ut', 'nam-sint-ut-mx8ui', 'APERXEBK', 'Quia vel iste modi quis reprehenderit deserunt et quam rerum numquam sapiente laborum laborum commodi quisquam.', 'Ut nesciunt asperiores debitis et consequatur. Corrupti similique dolorem placeat illo. Voluptatem vel sit placeat fugit id quisquam fugiat tenetur.', '168.54', NULL, 36, 1, 0, NULL, NULL, '2025-11-07 13:50:49', '2025-11-07 13:50:49'),
(46, 4, 'Non laborum et', 'non-laborum-et-c0K6o', 'UNWKTU4I', 'Sequi dolores reiciendis aliquid adipisci reprehenderit quis soluta et illum voluptatem hic necessitatibus.', 'Occaecati et qui molestiae ea. Aut repudiandae aspernatur vel fugiat tempore esse. Cupiditate quisquam qui animi rem deserunt amet nihil. Consequuntur fugit voluptatem rerum suscipit aut ipsam. Praesentium voluptatem qui sit vitae.', '130.55', NULL, 144, 1, 0, NULL, NULL, '2025-11-07 13:50:49', '2025-11-07 13:50:49'),
(47, 4, 'Quidem ut cupiditate', 'quidem-ut-cupiditate-zDwwN', '5SJJUBHF', 'Occaecati ipsa numquam aliquid aliquam ut excepturi consequatur voluptate qui soluta et iure voluptas eligendi dolorum.', 'Harum aut tenetur quo delectus quis. Ut voluptatum illum omnis. Sed voluptatibus magni quia et doloribus rerum dolorum. Laudantium est occaecati quibusdam ex dolores vitae. Voluptate natus animi similique sed.', '196.85', '245.32', 150, 1, 1, NULL, NULL, '2025-11-07 13:50:49', '2025-11-07 13:50:49'),
(48, 4, 'Et enim et', 'et-enim-et-ORhrh', 'KVD5Z5WO', 'Quidem suscipit iure ut magni aut consequuntur non qui laudantium nihil pariatur repellat.', 'Ipsum maiores quia cupiditate adipisci unde. Repellendus tempore dolor aliquam non minus sit dignissimos voluptatem. Est quo voluptatibus dignissimos perferendis qui. Quia sunt perferendis rem dolores. Et qui eos animi.', '203.58', NULL, 72, 1, 1, NULL, NULL, '2025-11-07 13:50:49', '2025-11-07 13:50:49'),
(49, 5, 'At necessitatibus similique', 'at-necessitatibus-similique-ZRFJE', 'LQH7HOII', 'Et sit ab voluptas fugit consectetur ad quo atque nihil esse.', 'Omnis et totam dolores autem repellendus unde sint similique. Sed eos quia maxime expedita. Sint quaerat non facilis. Et eveniet ullam animi voluptatem architecto qui sint. Quae quam aut qui rerum explicabo eligendi odio consequatur. Non vel maiores accusantium sit et sapiente est.', '129.95', NULL, 24, 0, 1, NULL, NULL, '2025-11-07 13:50:49', '2025-11-07 13:50:49'),
(50, 5, 'Velit hic modi', 'velit-hic-modi-kOQgr', 'KURUNRSR', 'Quos cumque saepe est nesciunt mollitia nulla in itaque et illum aut velit.', 'Expedita quam est repellat iste vero non magni. Error hic architecto quia sit. Quo molestias atque voluptate provident est voluptatem. Ut molestiae amet est.', '202.54', NULL, 46, 1, 0, NULL, NULL, '2025-11-07 13:50:49', '2025-11-07 13:50:49'),
(51, 5, 'Numquam beatae maxime', 'numquam-beatae-maxime-xMg0I', 'DYYJ36UA', 'Consequatur minus natus molestiae dignissimos rem laborum ut officia sed.', 'Voluptatem dolor facilis possimus praesentium magni alias natus architecto. Et ipsum sit voluptates est sint vel delectus impedit. Cum aliquam incidunt atque iste quisquam earum. Officia fugit saepe voluptatem vel error occaecati.', '255.63', NULL, 31, 1, 0, NULL, NULL, '2025-11-07 13:50:49', '2025-11-07 13:50:49'),
(52, 5, 'Repellat enim alias', 'repellat-enim-alias-YrUhC', 'ETQOYO5K', 'Officia qui tenetur quasi consectetur non sapiente aut dolor.', 'Delectus molestiae velit vero consectetur ipsum consequuntur eos. Maiores alias rerum iste magnam. Et quia officiis molestiae quas. Autem mollitia ut vel perspiciatis ex incidunt placeat voluptatem.', '217.41', NULL, 3, 1, 0, NULL, NULL, '2025-11-07 13:50:49', '2025-11-07 13:50:49'),
(53, 5, 'Nihil et explicabo', 'nihil-et-explicabo-L04OZ', 'FOXJROCG', 'Qui aut ut excepturi reiciendis et dignissimos nihil voluptatem iusto atque sint possimus earum.', 'Iusto voluptatem tempore repellat qui et mollitia neque. Ea doloremque beatae dolor vero. Quia veritatis nihil quia qui est nesciunt. Voluptatem consequatur vel ducimus voluptatem eos optio esse. Soluta dicta similique veniam dolor velit est.', '84.40', NULL, 40, 1, 0, NULL, NULL, '2025-11-07 13:50:49', '2025-11-07 13:50:49'),
(54, 5, 'Aut itaque aut', 'aut-itaque-aut-vNb1J', '4GJR1WDY', 'Velit nam cum dolorem iure et ut nisi quia.', 'Consequatur modi non qui magni. Praesentium totam quis dolorem rerum dolores et. Dignissimos ut voluptate excepturi necessitatibus eaque ut hic laborum. Voluptatum ullam magni tempora sunt rerum amet. Adipisci error in sequi est incidunt.', '185.04', '193.95', 176, 1, 1, NULL, NULL, '2025-11-07 13:50:49', '2025-11-07 13:50:49'),
(55, 5, 'Dolorem qui id', 'dolorem-qui-id-M23eX', 'FHP37G9L', 'Fugiat architecto totam minus laborum debitis ut provident rerum quia sit sint sed.', 'Officia omnis eveniet laudantium rem quam. Voluptas aspernatur quia repudiandae animi delectus consequatur. Eligendi dolores inventore accusantium harum. Esse error impedit consequatur dolorem et et.', '190.42', NULL, 54, 1, 1, NULL, NULL, '2025-11-07 13:50:50', '2025-11-07 13:50:50'),
(56, 5, 'Iste vel dolor', 'iste-vel-dolor-2bSet', 'HISY3IN6', 'Reiciendis nam ut nemo dolore dolor vero numquam ut consectetur est sed aut adipisci est perferendis animi.', 'Dicta sint hic ut distinctio eveniet dolor. Quam in illum quibusdam ut. Assumenda tempore illo commodi et. Soluta aliquid maiores aut modi id sit maxime.', '54.95', NULL, 123, 1, 0, NULL, NULL, '2025-11-07 13:50:50', '2025-11-07 13:50:50'),
(57, 5, 'Magni tempora ad', 'magni-tempora-ad-yx7Lx', 'PZOCEV8Z', 'Rem et est illo molestiae dolores quis est.', 'Saepe vero eos nostrum dolores et eum ut. Asperiores et qui esse ipsum tempora omnis. Accusantium voluptas ad voluptatum voluptate. Est repudiandae eum omnis repellat deleniti similique molestiae. Minima eum aut fuga quas harum corrupti amet. Non cum vitae debitis culpa ut.', '15.96', NULL, 55, 1, 0, NULL, NULL, '2025-11-07 13:50:50', '2025-11-07 13:50:50'),
(58, 5, 'Nisi commodi ab', 'nisi-commodi-ab-vb5a9', 'DJ9COCC4', 'Dolores numquam consequatur et aperiam illo minima et officia ut quas facilis.', 'Perspiciatis aut illum et enim ex veritatis. Assumenda error adipisci iste. Officia quos eveniet sed provident ab sed optio.', '181.12', NULL, 175, 1, 0, NULL, NULL, '2025-11-07 13:50:50', '2025-11-07 13:50:50'),
(59, 5, 'Et eaque itaque', 'et-eaque-itaque-DyNqY', 'JX9VSQVU', 'Iure ipsum id sed ex perspiciatis ut omnis cupiditate.', 'Quisquam aut dolores vel qui. Beatae quod quod mollitia repellat qui consequatur dolorem. Molestiae vel est totam et eum ad voluptatum. Repellat molestias nobis minima et.', '266.79', NULL, 91, 0, 0, NULL, NULL, '2025-11-07 13:50:50', '2025-11-07 13:50:50'),
(60, 5, 'Veniam voluptatem dolores', 'veniam-voluptatem-dolores-NiUKG', '13KNNPGD', 'Iste saepe aut consequatur commodi incidunt quas voluptatum praesentium sequi vel rerum velit hic ut eligendi.', 'Sed odio ad inventore adipisci quibusdam quidem. Est omnis quibusdam corporis optio. Temporibus et illo a aliquid praesentium optio. Maiores quibusdam ut consequatur quae eius impedit.', '282.59', '287.80', 6, 0, 1, NULL, NULL, '2025-11-07 13:50:50', '2025-11-07 13:50:50'),
(61, 6, 'Omnis dolores laboriosam', 'omnis-dolores-laboriosam-DG31G', 'GHQBN1PH', 'Itaque quidem numquam nulla dolores similique occaecati vitae molestiae fugit et deleniti ea.', 'Eius laudantium iure eum perspiciatis eveniet labore. Consequatur hic incidunt eos quo aliquid rerum voluptas. Quos ut sit inventore delectus quae pariatur voluptatem. Adipisci autem suscipit omnis rerum perspiciatis magni. Perspiciatis neque impedit aut officiis excepturi quisquam. Sunt fugit pariatur sunt est aut sint nulla.', '22.77', NULL, 165, 1, 0, NULL, NULL, '2025-11-07 13:50:50', '2025-11-07 13:50:50'),
(62, 6, 'Nobis id enim', 'nobis-id-enim-65Hte', 'WHS0OX3V', 'Natus commodi error laboriosam aut in veniam earum alias nobis aperiam ratione praesentium placeat nihil.', 'Pariatur at tempore doloribus architecto. Consectetur sint id harum sed quibusdam accusantium. Voluptatem ut facilis unde. Et voluptatem quia fugiat et incidunt. Vel sed explicabo et praesentium et in nihil.', '33.10', '40.98', 78, 1, 0, NULL, NULL, '2025-11-07 13:50:50', '2025-11-07 13:50:50'),
(63, 6, 'Illum placeat iste', 'illum-placeat-iste-m9J4x', 'JFHW5QRP', 'Minima sunt nam placeat est quis nisi consequatur dolor id aut.', 'Harum itaque vero qui. Qui omnis sint nulla voluptatem placeat aut voluptas. Qui eos dolores et natus. Cum sapiente voluptatem necessitatibus inventore molestias asperiores. Nobis ipsum aut dolorum illo est aliquam recusandae.', '13.34', NULL, 200, 1, 1, NULL, NULL, '2025-11-07 13:50:50', '2025-11-07 13:50:50'),
(64, 6, 'Blanditiis eum labore', 'blanditiis-eum-labore-nH2Gc', 'BE61QCAG', 'Laboriosam consequatur error maxime nihil hic dolorem corrupti delectus praesentium sint qui id.', 'Quia blanditiis quibusdam in temporibus omnis officiis. Et expedita provident ab eum deleniti mollitia. Vero quo dolor voluptates esse dolor odio eos. Voluptatum illum doloribus ut et et.', '112.07', '126.41', 106, 1, 1, NULL, NULL, '2025-11-07 13:50:50', '2025-11-07 13:50:50'),
(65, 6, 'Nostrum vel consectetur', 'nostrum-vel-consectetur-0nBRy', '1A1UHP8J', 'Impedit rerum nostrum sint et voluptatem ad quos quia.', 'Voluptatem et voluptatem sint. Cum omnis tempore omnis corporis inventore qui. Iste ea esse qui veritatis explicabo tempora quaerat. Beatae quo voluptas commodi beatae. Rem consectetur temporibus laudantium quam tenetur. Aut nesciunt aut incidunt.', '233.35', NULL, 115, 0, 0, NULL, NULL, '2025-11-07 13:50:50', '2025-11-07 13:50:50'),
(66, 6, 'Totam quis esse', 'totam-quis-esse-L7ikv', 'K9NTYNHL', 'Dolorum sed ipsam maxime fugiat exercitationem distinctio facere dicta corporis.', 'Est qui illo deserunt nisi non quibusdam similique. Temporibus totam perferendis cupiditate et sapiente optio. Fugiat officia esse iure voluptate autem assumenda quos. Vel alias accusamus et voluptatum excepturi voluptas neque. Aliquam id voluptate ipsam consectetur autem. Harum doloremque consequuntur distinctio.', '161.94', '163.00', 140, 1, 1, NULL, NULL, '2025-11-07 13:50:50', '2025-11-07 13:50:50'),
(67, 6, 'Eaque et ut', 'eaque-et-ut-5pVfA', 'RLGR1L9B', 'Magni et amet harum consequatur omnis dignissimos laboriosam fugit nostrum necessitatibus.', 'Voluptatem velit nam voluptatibus ullam doloribus. Explicabo et dolores at sed totam non sed. In quos aspernatur dicta. Temporibus praesentium sequi quo ipsum dolore. Quisquam quae ab vero excepturi. Sint fugiat nihil id similique.', '297.93', NULL, 112, 1, 0, NULL, NULL, '2025-11-07 13:50:50', '2025-11-07 13:50:50'),
(68, 6, 'Molestias tempora officia', 'molestias-tempora-officia-cbtji', 'XJUW8QVB', 'Et id aliquid ut dicta consectetur perferendis quos reiciendis.', 'Temporibus aut consequatur veritatis sit. Odio quia tenetur exercitationem ea eligendi maiores nobis. Quaerat quam esse nam. Qui non veritatis sint minima incidunt. Amet consequuntur hic et laborum dolorum. Non non possimus cupiditate cum quidem laboriosam et excepturi.', '200.68', NULL, 181, 1, 0, NULL, NULL, '2025-11-07 13:50:50', '2025-11-07 13:50:50'),
(69, 6, 'Quaerat odit laudantium', 'quaerat-odit-laudantium-PMRRa', 'RIQNKLVD', 'Blanditiis natus id temporibus nemo exercitationem sapiente impedit molestiae quidem.', 'Sequi hic voluptates consequatur sed. Odio voluptas officiis perferendis qui ab vel. Fuga commodi in inventore fugit. Deleniti aliquam facere sunt cum. Dolorem provident doloremque repellat libero. Velit aperiam sequi amet consequuntur qui.', '197.00', '221.45', 82, 1, 0, NULL, NULL, '2025-11-07 13:50:50', '2025-11-07 13:50:50'),
(70, 6, 'Aut officia vel', 'aut-officia-vel-l7yYg', 'KQ47RDNS', 'Dicta sunt rerum laboriosam vel reprehenderit vitae omnis et nihil et qui.', 'Enim beatae sit dolor et id similique ut assumenda. Odit ipsa ullam nisi ut. Earum accusamus corrupti sequi sint et consequatur.', '64.97', NULL, 76, 1, 1, NULL, NULL, '2025-11-07 13:50:50', '2025-11-07 13:50:50'),
(71, 6, 'Et ea aliquid', 'et-ea-aliquid-QTVAA', 'ZCNRL44N', 'Quibusdam consequatur voluptate molestiae est ratione nisi enim officiis enim.', 'Aut odit natus et tenetur culpa aut facilis. Aut ducimus officia autem quae quod. Eius unde praesentium reiciendis et ipsa ad. Numquam iste dolore fugiat blanditiis. Quibusdam quibusdam ullam facere eaque.', '99.01', NULL, 151, 1, 0, NULL, NULL, '2025-11-07 13:50:50', '2025-11-07 13:50:50'),
(72, 6, 'Voluptates sapiente et', 'voluptates-sapiente-et-S5Ish', 'VMAEEBVJ', 'Nemo magnam omnis in rem voluptatem itaque omnis rerum atque deleniti ratione culpa dolor est sed quidem.', 'Ipsam ut aut non quo rem. Sequi saepe nihil repudiandae aut ut. Maiores quidem aut aspernatur aut est incidunt sequi. Accusamus est blanditiis fuga rerum voluptatum. Voluptatibus facilis veritatis aut non omnis adipisci. Officiis excepturi et beatae ullam.', '161.47', '179.45', 33, 0, 1, NULL, NULL, '2025-11-07 13:50:50', '2025-11-07 13:50:50'),
(73, 7, 'Ut voluptatem mollitia', 'ut-voluptatem-mollitia-5FNRI', 'JKDFQTN2', 'Magni voluptatem sapiente debitis ut ea aut et et quos officia nisi rerum nostrum beatae non accusamus.', 'Fuga laboriosam dignissimos dolore dolore cum autem. Fuga ad veritatis consequatur repellat fuga. Nesciunt delectus a error vitae. Aut voluptatum corporis fuga eum quis. Iste nisi veritatis nihil nihil occaecati sit.', '243.19', NULL, 118, 1, 0, NULL, NULL, '2025-11-29 16:13:06', '2025-11-29 16:13:06'),
(74, 7, 'Dignissimos quo quos', 'dignissimos-quo-quos-THUWu', 'UEAXV504', 'Sed nesciunt maiores deserunt reiciendis nostrum non deserunt.', 'Autem eum vel eaque non et. Sit vero sunt ut illo voluptas et corporis. Quos minus cum fugiat incidunt facilis.', '124.59', NULL, 184, 1, 1, NULL, NULL, '2025-11-29 16:13:06', '2025-11-29 16:13:06'),
(75, 7, 'Quisquam perspiciatis tempora', 'quisquam-perspiciatis-tempora-IAGDb', 'GUZOACJF', 'Quo rerum quod et aspernatur unde necessitatibus deserunt praesentium fuga.', 'Dolorem aut impedit sint qui dolores quia velit. Corporis cupiditate consequatur vel delectus libero enim. Blanditiis ut quia sit.', '27.14', NULL, 118, 1, 0, NULL, NULL, '2025-11-29 16:13:06', '2025-11-29 16:13:06'),
(76, 7, 'Itaque perferendis autem', 'itaque-perferendis-autem-rtx0R', 'SGYPFTEO', 'Et rem iusto voluptates pariatur ea omnis dicta quis dolores eius voluptatem nisi est quis enim dolore.', 'Sit provident dolorum veritatis assumenda voluptates architecto. Cumque id quisquam quo voluptas nemo quidem. Odit animi iusto accusamus placeat repudiandae. Perferendis aliquid corrupti suscipit eos. Vel sequi nulla sit et voluptatem rerum.', '263.92', '305.60', 91, 1, 1, NULL, NULL, '2025-11-29 16:13:06', '2025-11-29 16:13:06'),
(77, 7, 'Omnis voluptatem tenetur', 'omnis-voluptatem-tenetur-c108y', 'V4CNF56Y', 'Ducimus nemo sequi et ducimus iusto impedit voluptas vitae quasi aperiam.', 'Animi vero nulla dolorum itaque labore odio. Voluptatibus in blanditiis qui doloremque ea sunt. Est eius dolores porro omnis. Corporis ut velit minus vel enim voluptate possimus soluta. Tenetur est ab incidunt dolorem doloremque. Ipsum est eos alias sed architecto autem voluptate in.', '263.46', NULL, 105, 1, 0, NULL, NULL, '2025-11-29 16:13:06', '2025-11-29 16:13:06'),
(78, 7, 'Voluptatem placeat ex', 'voluptatem-placeat-ex-AWw40', 'XSPEJRRS', 'Eveniet deleniti veniam architecto neque velit facere molestiae sint voluptatem ea ipsam sunt tenetur quis esse qui.', 'Est recusandae doloribus dolorem. In laborum praesentium dolores aut enim reiciendis. Similique aliquid reprehenderit repudiandae et mollitia iste. Sequi doloribus quas sint deserunt.', '89.77', NULL, 191, 1, 0, NULL, NULL, '2025-11-29 16:13:06', '2025-11-29 16:13:06'),
(79, 7, 'Eos non omnis', 'eos-non-omnis-uN66v', 'HTSAKI8W', 'Eius dolores possimus voluptas veritatis aut voluptas sint quis ut eligendi aliquid illum et voluptatibus.', 'Veritatis dolore eveniet rerum error omnis. Sunt exercitationem fugit quasi non dolores magni porro. Eum rerum facere et voluptatem et tenetur molestiae. Iste ut aut saepe dolores voluptatem.', '128.64', '130.55', 142, 1, 0, NULL, NULL, '2025-11-29 16:13:06', '2025-11-29 16:13:06'),
(80, 7, 'Ipsam perferendis distinctio', 'ipsam-perferendis-distinctio-lkiXi', 'AA15KFIY', 'Ut inventore doloremque totam corrupti et quis et dolores maxime quis commodi laudantium totam.', 'Et iste non numquam cum veniam tempora consequatur nam. Id omnis quia officia vero ut dolorum sint quia. Quo vitae et nesciunt ab voluptate et nulla quia. Quasi aliquam aliquid id voluptatibus.', '48.18', NULL, 59, 1, 0, NULL, NULL, '2025-11-29 16:13:06', '2025-11-29 16:13:06'),
(81, 7, 'Impedit minima sed', 'impedit-minima-sed-bwaif', 'PXAMZOD1', 'Voluptatum nisi fugiat qui laborum ipsum voluptas vel voluptatem.', 'Molestiae aperiam eos dicta sequi error beatae. Fugit totam culpa hic consequatur exercitationem fuga. Rem quo alias natus. Sunt ut excepturi et amet suscipit et exercitationem. Doloribus qui voluptatem est quo.', '153.42', NULL, 86, 1, 0, NULL, NULL, '2025-11-29 16:13:06', '2025-11-29 16:13:06'),
(82, 7, 'Quod rerum delectus', 'quod-rerum-delectus-D0Zmz', 'KJLBVBZG', 'Possimus nihil reiciendis iste aliquid aut nihil vel debitis nihil totam quia qui velit accusamus.', 'Voluptas ut deserunt facilis repellendus voluptates voluptatum quibusdam dolor. Recusandae aliquam nisi aut maxime quo. Voluptatem commodi tenetur eos laboriosam libero. Aut hic rem expedita.', '26.64', NULL, 15, 1, 1, NULL, NULL, '2025-11-29 16:13:06', '2025-11-29 16:13:06'),
(83, 7, 'Voluptatum sed ipsum', 'voluptatum-sed-ipsum-vLGne', 'Y6OFHQ5L', 'Dicta nisi provident quam dolorem amet repellat quis fugiat eum quis tenetur animi modi est veritatis.', 'Quidem sunt debitis quam quasi. Nisi minima quasi aliquid libero exercitationem quasi. Dolorem quo blanditiis qui eum eum rerum nulla. Quas est rem non id eligendi iure cum. Accusantium sed eligendi eum. Accusamus cupiditate blanditiis aperiam corrupti.', '126.59', '142.81', 10, 1, 0, NULL, NULL, '2025-11-29 16:13:06', '2025-11-29 16:13:06'),
(84, 7, 'Sit amet sed', 'sit-amet-sed-ns9gu', 'BLQBSOWB', 'Rerum consequatur earum commodi qui natus rerum non ea.', 'Voluptatibus et eaque odit voluptatem quasi voluptatem. Eaque repellendus eos est odio aliquid. Dolores provident quo cupiditate. Commodi dolores ea magnam repudiandae.', '288.32', NULL, 38, 1, 0, NULL, NULL, '2025-11-29 16:13:06', '2025-11-29 16:13:06'),
(85, 8, 'Qui eos quia', 'qui-eos-quia-kVCIs', '0QHRBTCP', 'Cumque sunt eaque nemo error error dolor iusto eius voluptate dignissimos quidem quam esse et impedit soluta.', 'Et nobis dignissimos et eum voluptatem. Culpa et est natus illo nobis. Rerum voluptatem est quam. Quia qui incidunt laboriosam sunt mollitia ratione.', '141.36', NULL, 178, 1, 0, NULL, NULL, '2025-11-29 16:13:07', '2025-11-29 16:13:07'),
(86, 8, 'Quia aut sint', 'quia-aut-sint-X1WJq', 'ZJC5EYXZ', 'Nostrum facere adipisci modi eveniet provident consequatur quos quam.', 'Quia impedit in aut ex nam error sed. Consequuntur dolorem itaque id repudiandae alias nisi et. In sed necessitatibus non quae enim. Accusamus velit quis sapiente. Quis iusto ut beatae qui occaecati ipsam necessitatibus accusamus.', '279.99', NULL, 45, 1, 0, NULL, NULL, '2025-11-29 16:13:07', '2025-11-29 16:13:07'),
(87, 8, 'Qui voluptas illum', 'qui-voluptas-illum-XOs3T', 'HT8CQCBR', 'Id nam quidem qui quibusdam et voluptas ut.', 'Aut dignissimos eos voluptatem porro sequi rerum blanditiis alias. Molestias hic dolor dolores ducimus et. Deleniti qui quia consequatur debitis. Laborum recusandae et libero totam delectus molestiae. Excepturi repellat id et ullam et inventore animi voluptatem.', '126.71', '148.61', 137, 1, 0, NULL, NULL, '2025-11-29 16:13:07', '2025-11-29 16:13:07'),
(88, 8, 'Ut modi vel', 'ut-modi-vel-BiL04', 'ZCOEZORG', 'Est magni similique laboriosam quo libero beatae qui at optio ipsum voluptates minus.', 'Accusamus voluptatem fugiat harum rem corrupti qui. Quod consequatur numquam facere qui quo. Minus eligendi ut nihil eos voluptate. Error aut cupiditate totam quis sequi et non. Asperiores quos tempore nulla quibusdam aut repudiandae quis. Et dolor et odit sed ipsum.', '253.95', NULL, 133, 1, 0, NULL, NULL, '2025-11-29 16:13:07', '2025-11-29 16:13:07'),
(89, 8, 'Earum omnis voluptatum', 'earum-omnis-voluptatum-1FKme', '4AHYFUBG', 'Consequatur ipsum similique magni aliquid voluptatem veniam ullam molestiae enim.', 'Ut aperiam optio numquam et. Et laborum natus unde est expedita blanditiis et. Nostrum corporis dolores aut. Ipsam unde repellendus nihil rerum non voluptas. Alias rerum ut eum quaerat nesciunt asperiores. Voluptatem est eius quia eaque et numquam.', '170.24', NULL, 194, 1, 0, NULL, NULL, '2025-11-29 16:13:07', '2025-11-29 16:13:07'),
(90, 8, 'Tempora repellendus fugit', 'tempora-repellendus-fugit-odZTq', 'FW0DBQTT', 'Velit temporibus aspernatur similique et sint aut eius eaque corrupti ut excepturi.', 'Omnis maxime libero doloremque est expedita delectus tenetur. Adipisci amet ipsa commodi ea. Asperiores et maxime distinctio molestiae ex.', '201.42', '231.44', 178, 1, 0, NULL, NULL, '2025-11-29 16:13:07', '2025-11-29 16:13:07'),
(91, 8, 'Aut perspiciatis quas', 'aut-perspiciatis-quas-CQzEB', 'HZXU7MC1', 'Repellendus rerum ut eligendi perspiciatis sit placeat est sed recusandae iste aspernatur laboriosam maxime omnis et.', 'Consectetur quia vero saepe fugiat odit. Sapiente dolores a molestias. Pariatur aut id sed. Delectus voluptas hic ad illo sit aut officia.', '83.52', NULL, 6, 1, 0, NULL, NULL, '2025-11-29 16:13:07', '2025-11-29 16:13:07'),
(92, 8, 'Sed est est', 'sed-est-est-oPCqo', 'JY0NFY5P', 'Et quos laudantium ut adipisci animi ut vel dolorum ut.', 'Molestias et qui totam accusantium vel ab. Voluptatem quia eius quas ut inventore ratione rerum. Itaque a unde cumque porro fugit.', '57.18', '71.92', 88, 1, 0, NULL, NULL, '2025-11-29 16:13:07', '2025-11-29 16:13:07'),
(93, 8, 'Qui possimus qui', 'qui-possimus-qui-z5kQX', 'AIL93NNN', 'Tempora ut qui itaque non molestiae quas in quos doloribus sed quaerat assumenda sed non.', 'Numquam dolorum sint labore suscipit id. Eius quae pariatur dolorem vero ut aut. Et voluptatibus voluptas error tempora. Officiis ut temporibus corrupti voluptatibus. Hic consequuntur quidem porro doloremque ducimus voluptatum.', '206.21', NULL, 106, 1, 0, NULL, NULL, '2025-11-29 16:13:07', '2025-11-29 16:13:07'),
(94, 8, 'Et quas vel', 'et-quas-vel-9pxDP', 'VNXEAM1A', 'Et molestiae consequatur tempora ex quia enim dolorem similique.', 'Porro ut et porro rerum animi perspiciatis voluptatem. Ipsa qui et consequatur dignissimos odio voluptatibus. Quia sint exercitationem quia sit. Id eum voluptas temporibus vel illum. Commodi natus exercitationem numquam laborum et est. Ducimus non ea et.', '104.25', NULL, 191, 1, 0, NULL, NULL, '2025-11-29 16:13:07', '2025-11-29 16:13:07'),
(95, 8, 'Vel consequatur quia', 'vel-consequatur-quia-QqiSM', 'SIFKWTAS', 'Fugit perferendis accusantium reprehenderit quasi ducimus officia voluptatibus et.', 'Iusto et ea quo exercitationem consectetur est. Aperiam delectus nihil provident. Voluptatem tempore veniam eius. Aut et fugiat omnis. Qui quia nemo accusantium sed non animi. Voluptatem enim eos nisi vel.', '170.23', NULL, 171, 1, 0, NULL, NULL, '2025-11-29 16:13:07', '2025-11-29 16:13:07'),
(96, 8, 'Officiis quo molestiae', 'officiis-quo-molestiae-qmkMz', 'BAEYCVZH', 'Dolores ratione dignissimos esse nihil amet vel sit.', 'Exercitationem voluptates unde corrupti non eum soluta. Magnam porro fuga consequatur. Odio odio quia quod maxime. Possimus pariatur quidem consequatur labore qui ut consequuntur.', '140.67', NULL, 1, 1, 0, NULL, NULL, '2025-11-29 16:13:07', '2025-11-29 16:13:07'),
(97, 9, 'Maiores dolore molestiae', 'maiores-dolore-molestiae-gfT19', 'K40HTMEI', 'Ipsum id qui distinctio sit dolorem magnam vel.', 'Qui molestiae dolorum dicta ipsa corporis. Voluptatem autem voluptas ab modi. Eos non soluta accusamus.', '194.73', NULL, 169, 1, 0, NULL, NULL, '2025-11-29 16:13:07', '2025-11-29 16:13:07'),
(98, 9, 'Sit reiciendis vel', 'sit-reiciendis-vel-1OPI5', 'FQIYLHIN', 'Dolorem aut voluptas et qui magni optio voluptatibus id velit delectus sunt et sit maiores et.', 'Et eveniet nesciunt qui commodi aut sint maiores. Et ducimus molestiae nihil laudantium quos voluptatum minima. Amet totam ut qui excepturi cum aut. Accusantium nam non eos cumque saepe.', '192.11', NULL, 0, 1, 0, NULL, NULL, '2025-11-29 16:13:07', '2025-11-29 16:13:07'),
(99, 9, 'Vitae aut magni', 'vitae-aut-magni-PR8J6', 'U15KQWNU', 'Sint repellat ipsa et sequi veritatis quia cupiditate fugiat nemo doloremque dolores magnam.', 'Similique soluta laboriosam minus numquam. Incidunt ipsa et eos delectus velit. A est iusto dolorem earum ut at ea.', '268.50', NULL, 96, 1, 0, NULL, NULL, '2025-11-29 16:13:07', '2025-11-29 16:13:07'),
(100, 9, 'Culpa odit necessitatibus', 'culpa-odit-necessitatibus-v2GEV', 'JZCZY7SU', 'Fuga ad autem qui autem accusantium sunt necessitatibus qui sint et fuga adipisci.', 'Tempora vel laborum officia. Quia ab incidunt explicabo voluptatem dicta. Distinctio nam nihil sit quaerat dolorum. Beatae aut quod velit soluta qui dolor doloremque quis. Ut nostrum consequuntur rerum sint eos unde vitae.', '276.30', NULL, 162, 1, 0, NULL, NULL, '2025-11-29 16:13:07', '2025-11-29 16:13:07'),
(101, 9, 'Ea eaque adipisci', 'ea-eaque-adipisci-ZbCTH', '7RUGWCJQ', 'Atque architecto voluptatibus quae nihil ea recusandae molestiae earum ullam a laboriosam ipsum atque id error nostrum.', 'Molestiae minima expedita perferendis exercitationem voluptas. Delectus ex eveniet possimus aut consectetur quia. Ut et tempora qui sed.', '37.13', NULL, 117, 1, 1, NULL, NULL, '2025-11-29 16:13:07', '2025-11-29 16:13:07'),
(102, 9, 'Est laborum quae', 'est-laborum-quae-wZ2oQ', 'CAVVDIOL', 'Beatae alias omnis sed exercitationem quis et eius iusto soluta saepe eaque sed consectetur.', 'Voluptatum excepturi dolores odio animi quis. Quo amet dolorum iure et possimus debitis quia. Ut fugit qui et vel aut. Ratione cupiditate rerum cumque officia modi consequuntur expedita. Aliquam aut quam ut reiciendis laboriosam quis. Libero praesentium minus dolorum rerum accusantium voluptas quia.', '159.51', '161.26', 160, 1, 0, NULL, NULL, '2025-11-29 16:13:07', '2025-11-29 16:13:07'),
(103, 9, 'Quos vitae commodi', 'quos-vitae-commodi-QffI3', 'B1RQKU9M', 'Sint omnis eligendi animi rerum ullam magnam recusandae id qui et nisi quidem.', 'Expedita fugiat libero non minus asperiores eligendi est. Ea enim consequatur ullam optio. Velit quae voluptatibus fugiat sint cumque. Sint debitis omnis libero quis ipsam debitis sit. Voluptates ducimus animi cupiditate cum ea quia delectus.', '260.59', NULL, 154, 1, 0, NULL, NULL, '2025-11-29 16:13:07', '2025-11-29 16:13:07'),
(104, 9, 'Rerum natus sunt', 'rerum-natus-sunt-39T6s', 'WTCFTWMB', 'Inventore quas et consequatur qui et quis dolores qui et.', 'Explicabo dolorem quod enim et est quis enim. Facere velit nesciunt omnis architecto et modi. Vero omnis aspernatur officia laudantium vel ea qui.', '181.65', NULL, 57, 1, 0, NULL, NULL, '2025-11-29 16:13:07', '2025-11-29 16:13:07'),
(105, 9, 'Qui fugit ad', 'qui-fugit-ad-Iv2dE', 'BJFIJAF2', 'Fugiat sit saepe aut ea illum nihil repudiandae consequuntur ratione perferendis voluptatem ut soluta quis itaque voluptas.', 'Est et et repellat amet quasi adipisci voluptas. Enim amet ea eveniet veniam. Quibusdam in cupiditate similique omnis accusamus nesciunt. Dolor animi quas placeat reiciendis sed.', '211.11', NULL, 77, 1, 0, NULL, NULL, '2025-11-29 16:13:07', '2025-11-29 16:13:07'),
(106, 9, 'Dicta ullam vel', 'dicta-ullam-vel-7LFoa', 'Q6AY4I4T', 'Minus consequuntur consectetur dolorem aspernatur dolor omnis ad.', 'Tempore voluptas et voluptatem officia sunt quisquam. Eum sed possimus dignissimos qui sit perspiciatis minima id. Est quia impedit et tempora id et id.', '292.56', NULL, 104, 1, 0, NULL, NULL, '2025-11-29 16:13:07', '2025-11-29 16:13:07'),
(107, 9, 'Aliquam quidem in', 'aliquam-quidem-in-j7EPT', 'PIPREA4Q', 'Aut maiores possimus inventore aspernatur sit perferendis est non qui.', 'Tempora harum porro qui consectetur. Officiis amet enim qui dolores ipsa voluptas. Ut sit assumenda aliquam ea blanditiis quia eaque.', '19.90', '28.18', 194, 1, 0, NULL, NULL, '2025-11-29 16:13:07', '2025-11-29 16:13:07'),
(108, 9, 'Nobis qui veritatis', 'nobis-qui-veritatis-Eb7Pm', 'PS90DFFP', 'Ut vel sit totam modi iste cumque hic libero dolor asperiores doloribus.', 'Est totam impedit sequi dolor officiis laudantium esse. Praesentium eius atque tempore quis consectetur. Voluptatum nesciunt maxime aspernatur. Molestiae labore error et delectus nisi. Fugiat maiores quo quasi enim libero.', '199.78', '240.81', 122, 1, 1, NULL, NULL, '2025-11-29 16:13:07', '2025-11-29 16:13:07');
INSERT INTO `products` (`id`, `category_id`, `name`, `slug`, `sku`, `short_description`, `description`, `price`, `compare_at_price`, `stock`, `is_active`, `is_featured`, `meta_title`, `meta_description`, `created_at`, `updated_at`) VALUES
(109, 10, 'Accusamus similique voluptatem', 'accusamus-similique-voluptatem-BBIfm', 'ZXU2I2CN', 'Hic aperiam dolores sed cumque nostrum sit asperiores voluptatem.', 'Eius quas qui rem voluptas. Eaque veritatis quia enim at et quaerat. Recusandae vero aspernatur consequatur asperiores. Et omnis delectus consequatur voluptates repudiandae vel voluptatum. Qui voluptatem optio voluptate vel.', '189.78', NULL, 191, 1, 0, NULL, NULL, '2025-11-29 16:13:08', '2025-11-29 16:13:08'),
(110, 10, 'Aliquam laboriosam sed', 'aliquam-laboriosam-sed-iIt0a', 'JFVZ9GGH', 'Sit et quasi ullam sit numquam impedit dolorum expedita itaque quas eos voluptate ea reiciendis.', 'Et voluptatem ea voluptatum iusto est dolore rem nostrum. Vel et sint illum veniam. Illum nam expedita id.', '104.58', '121.52', 17, 1, 0, NULL, NULL, '2025-11-29 16:13:08', '2025-11-29 16:13:08'),
(111, 10, 'Possimus tempore quis', 'possimus-tempore-quis-5Xe3x', '1YQDRNSR', 'Exercitationem ipsum nihil esse aut dignissimos consequuntur doloremque quisquam accusamus et.', 'Tempore in culpa et voluptas quasi deserunt provident ipsum. Aut ipsum quia fuga repudiandae quos aspernatur repudiandae. Quis rem qui ut laudantium rerum. Libero eum tempore quo libero laudantium facilis quaerat veritatis. Distinctio dolorum pariatur eveniet est cum dolore iste.', '97.39', NULL, 25, 1, 1, NULL, NULL, '2025-11-29 16:13:08', '2025-11-29 16:13:08'),
(112, 10, 'Rerum modi deserunt', 'rerum-modi-deserunt-apNPz', 'EPZ2R2NA', 'Architecto quidem deserunt dolorem qui vel nemo recusandae quibusdam maxime saepe commodi consequuntur dicta.', 'Expedita perspiciatis mollitia quia. Sed eos unde officia amet et vel modi. Qui quibusdam consequuntur voluptatem dolores sed. Minima cum et tenetur. Doloribus expedita est dolorem architecto molestias.', '282.42', NULL, 171, 1, 0, NULL, NULL, '2025-11-29 16:13:08', '2025-11-29 16:13:08'),
(113, 10, 'Quidem molestiae voluptatem', 'quidem-molestiae-voluptatem-5q2Xl', 'PC6EY1SC', 'Qui libero optio nobis quam qui accusantium earum molestiae autem est.', 'Ab quod suscipit voluptas dolor similique. Id deleniti alias voluptates quia. Facere earum quod expedita aut magnam praesentium asperiores in. Animi quia fuga labore.', '91.44', NULL, 114, 1, 0, NULL, NULL, '2025-11-29 16:13:08', '2025-11-29 16:13:08'),
(114, 10, 'Ipsa non in', 'ipsa-non-in-uOT0Y', '0XCSNP0Z', 'Ut cupiditate laudantium quisquam laborum soluta incidunt quasi at iste alias nisi dolorem.', 'Debitis dolorum eos reiciendis veritatis eum. Asperiores consequatur a officia iusto est. Dignissimos corrupti inventore voluptatem ut. Nihil error soluta nihil doloremque eaque. Accusantium recusandae occaecati suscipit delectus enim quaerat. Voluptatem dignissimos dolor consequatur at exercitationem.', '224.84', NULL, 53, 1, 0, NULL, NULL, '2025-11-29 16:13:08', '2025-11-29 16:13:08'),
(115, 10, 'Animi ad voluptatum', 'animi-ad-voluptatum-jLXOr', 'QO6JQASZ', 'Repellat quae sed laboriosam dolores at commodi ipsam maxime atque.', 'Autem aut quibusdam quia voluptatum eos. Odio qui possimus omnis provident non. Et cumque eos impedit et corporis.', '23.00', NULL, 131, 1, 0, NULL, NULL, '2025-11-29 16:13:08', '2025-11-29 16:13:08'),
(116, 10, 'Repellendus et sit', 'repellendus-et-sit-tTDOQ', 'S8HHSTTM', 'Sed nostrum et esse ab occaecati dolore dicta libero facilis aperiam ullam ipsum saepe corrupti.', 'Quos veritatis sit corporis ut suscipit. Rerum non ut magni ut voluptatem et. Vero et illum assumenda placeat quod.', '83.82', NULL, 154, 1, 0, NULL, NULL, '2025-11-29 16:13:08', '2025-11-29 16:13:08'),
(117, 10, 'Ut esse et', 'ut-esse-et-IAIhr', 'CCN8GP9W', 'Molestias praesentium quaerat in placeat consequatur earum consequatur ut dolor quod reiciendis odit.', 'Velit in non quia ex. Ut ab aperiam nobis rem. Aspernatur illum cupiditate dolor corrupti sed. Earum magni quis quia laborum possimus.', '78.69', NULL, 186, 1, 0, NULL, NULL, '2025-11-29 16:13:08', '2025-11-29 16:13:08'),
(118, 10, 'Est error vel', 'est-error-vel-nunLF', '3RYSHFMX', 'Recusandae odio ut qui aut sit libero iusto id molestias doloremque error quia et voluptatem rerum debitis.', 'Dolorum est voluptatum maiores perferendis molestiae ut. Nostrum non iusto quis et. Autem dolor adipisci cupiditate blanditiis voluptatem aut qui esse. Culpa consequatur reprehenderit deserunt voluptas vel. Impedit nulla beatae quia rerum atque pariatur voluptatem.', '28.96', NULL, 95, 1, 0, NULL, NULL, '2025-11-29 16:13:08', '2025-11-29 16:13:08'),
(119, 10, 'Sequi quisquam ullam', 'sequi-quisquam-ullam-Hm8Ly', 'WOXASBNM', 'Et error a rem molestiae culpa dicta reiciendis.', 'Distinctio inventore dolore excepturi est soluta architecto. Nobis ab debitis saepe minima commodi. Ipsam voluptas alias velit sit consequatur consectetur eaque. Sapiente ipsam aut exercitationem eveniet. Sequi ut voluptates nihil officia.', '27.74', '67.56', 84, 1, 0, NULL, NULL, '2025-11-29 16:13:08', '2025-11-29 16:13:08'),
(120, 10, 'Fugit quidem saepe', 'fugit-quidem-saepe-9UdiK', 'KIEG7MYN', 'Ipsam labore architecto modi voluptatem ex nemo fugit iusto quod dignissimos corporis sapiente rerum in voluptas.', 'Perspiciatis quisquam deserunt qui iure ex necessitatibus hic ipsam. Vel et mollitia recusandae deserunt voluptatum odit doloremque. Sint hic est dolor.', '146.60', NULL, 84, 1, 1, NULL, NULL, '2025-11-29 16:13:08', '2025-11-29 16:13:08'),
(121, 11, 'Provident inventore et', 'provident-inventore-et-1zlIp', 'XTPIEFEC', 'Occaecati molestiae ut sit ratione ipsa ut qui autem repudiandae dignissimos sint blanditiis praesentium.', 'Et deleniti et asperiores occaecati maiores voluptatibus maiores. Delectus iste id voluptas beatae. Deserunt minima libero qui. Necessitatibus maiores et sapiente tenetur.', '109.26', NULL, 19, 1, 0, NULL, NULL, '2025-11-29 16:13:08', '2025-11-29 16:13:08'),
(122, 11, 'Aut enim voluptas', 'aut-enim-voluptas-NB0Il', '3PX9QVUY', 'Vero quia quod non ad consectetur maiores rerum tempora aut libero dolor qui quasi et earum.', 'Nobis magnam et perferendis ex amet reprehenderit velit. Sint temporibus quasi exercitationem. Illum tempore qui esse ut laudantium. Aspernatur qui maiores nisi voluptas ad dolores nesciunt. Ratione quo impedit aut ut voluptates consequatur unde.', '280.08', NULL, 56, 1, 0, NULL, NULL, '2025-11-29 16:13:08', '2025-11-29 16:13:08'),
(123, 11, 'Quaerat quo rerum', 'quaerat-quo-rerum-AjDFj', 'FETKSWD7', 'Natus et molestiae eveniet laudantium sunt molestiae quod quam facilis voluptatem quae.', 'Adipisci aut id cum velit sed asperiores expedita. Numquam est illo eveniet earum rerum maxime nihil. Iure est libero et voluptatem natus ut quis ipsam. Enim corrupti nesciunt sed dolorum dolores tempora. Tempora et voluptatem consequatur quae consequuntur. Rerum itaque aliquam temporibus est similique voluptates ipsam.', '120.69', NULL, 180, 1, 0, NULL, NULL, '2025-11-29 16:13:08', '2025-11-29 16:13:08'),
(124, 11, 'Laborum molestias eos', 'laborum-molestias-eos-sLL1j', 'QMGDGYLQ', 'Earum quasi ipsum inventore dicta aut necessitatibus numquam vel est.', 'Error veritatis dolore et voluptatum voluptas ea alias. Molestiae magni animi sit odio saepe. Laborum tenetur excepturi libero modi aliquam.', '122.09', '144.23', 99, 0, 0, NULL, NULL, '2025-11-29 16:13:08', '2025-11-29 16:13:08'),
(125, 11, 'Id ut blanditiis', 'id-ut-blanditiis-d5ZPZ', 'YO2E9LQR', 'Necessitatibus numquam dolores repellendus ex ipsam nobis quam illum soluta illo veritatis quia consectetur doloremque.', 'Eligendi quia quia error error sit ut. Itaque corporis ut ut sequi quam sit ut. Dolores nostrum eligendi velit molestiae. Id corporis maxime at labore rem. Alias labore fugit et voluptatem molestiae voluptas sint perferendis.', '56.73', '98.58', 126, 1, 1, NULL, NULL, '2025-11-29 16:13:08', '2025-11-29 16:13:08'),
(126, 11, 'Esse sunt placeat', 'esse-sunt-placeat-H60LF', 'TRWCU7OO', 'Aliquid animi sed nobis commodi non dolorum hic voluptatem.', 'Totam esse itaque temporibus officia eum itaque. Reiciendis beatae perspiciatis impedit corrupti. Non id tempora porro repellendus aut.', '77.28', NULL, 192, 1, 0, NULL, NULL, '2025-11-29 16:13:08', '2025-11-29 16:13:08'),
(127, 11, 'Et eos quam', 'et-eos-quam-m2Pbi', 'XDTNP89N', 'Minus deserunt aut libero eligendi reprehenderit ab cumque.', 'Occaecati est sed sed blanditiis sapiente incidunt ut totam. Voluptas facere natus enim qui aut. Quisquam similique sit voluptatem est ut eum aut dolor.', '287.85', NULL, 62, 1, 1, NULL, NULL, '2025-11-29 16:13:08', '2025-11-29 16:13:08'),
(128, 11, 'Nemo dolorem hic', 'nemo-dolorem-hic-G2Mlm', 'WMS4NKON', 'Expedita neque beatae veritatis nostrum aspernatur nulla voluptate voluptatem.', 'Quam expedita reprehenderit doloremque numquam est. Eligendi maiores rerum iure rerum. Velit ea molestias similique repudiandae repellendus. Iste ab provident quibusdam veniam. Mollitia dolorum fuga fugit ea architecto consectetur. Similique modi ipsa dolorem labore et laudantium.', '155.73', NULL, 130, 1, 0, NULL, NULL, '2025-11-29 16:13:08', '2025-11-29 16:13:08'),
(129, 11, 'Rerum nostrum et', 'rerum-nostrum-et-u7I7G', '37F3VHYX', 'Odio dolorum aut maiores quaerat necessitatibus sunt vel placeat odio possimus fugiat sit.', 'Accusamus doloribus explicabo et neque voluptates quia. Recusandae nostrum provident voluptas illo quasi. Eos omnis blanditiis voluptatem dolorem expedita voluptas est. Placeat dolor vel sint cupiditate.', '259.57', NULL, 102, 1, 0, NULL, NULL, '2025-11-29 16:13:08', '2025-11-29 16:13:08'),
(130, 11, 'Voluptatum qui similique', 'voluptatum-qui-similique-poT3M', 'YLULLSV4', 'Sed molestiae id ea voluptatem quis ex debitis minus.', 'Ut dolor quisquam reprehenderit expedita dolorem fugiat. Et debitis excepturi delectus officia natus molestiae. Ratione quis sit qui quisquam.', '133.33', NULL, 65, 1, 0, NULL, NULL, '2025-11-29 16:13:08', '2025-11-29 16:13:08'),
(131, 11, 'Eos sint placeat', 'eos-sint-placeat-ANcYB', 'AQI90PCP', 'Aliquam qui doloribus doloribus molestias reiciendis nulla quis aut est minus autem praesentium.', 'Numquam non et voluptatem itaque doloribus. Veritatis voluptatum qui dolor eum sunt non. Quaerat et excepturi esse dicta et iure.', '14.72', NULL, 193, 1, 1, NULL, NULL, '2025-11-29 16:13:08', '2025-11-29 16:13:08'),
(132, 11, 'Impedit tempora architecto', 'impedit-tempora-architecto-ICpOu', 'D6YZLJLA', 'Qui dignissimos adipisci et dignissimos numquam quam qui asperiores quidem quibusdam aut.', 'Nulla repudiandae ad iusto iure veniam. Inventore reiciendis ullam expedita ut. Sed nesciunt eos praesentium nisi. Quae explicabo accusamus itaque atque amet architecto provident.', '291.26', NULL, 28, 0, 0, NULL, NULL, '2025-11-29 16:13:08', '2025-11-29 16:13:08'),
(133, 12, 'Reprehenderit aut dolorum', 'reprehenderit-aut-dolorum-9fn92', 'DGFGQ9CA', 'Quos dolor dicta et et reiciendis at enim et deserunt ab dicta vel velit et ratione.', 'Sunt ratione sequi fuga adipisci. Nesciunt provident rerum cum molestias at magni et. In quidem quam id exercitationem soluta blanditiis expedita. Eos est est quisquam quod et magni.', '150.33', '186.02', 84, 1, 0, NULL, NULL, '2025-11-29 16:13:08', '2025-11-29 16:13:08'),
(134, 12, 'Perspiciatis eos et', 'perspiciatis-eos-et-b5Pfo', 'LZK4SJKW', 'Nesciunt quidem iure ut voluptatum aliquid officiis maiores qui fugiat aliquid ratione quisquam incidunt dolorem.', 'Vel incidunt et qui nobis qui. Perferendis nesciunt ut aspernatur qui dolorum. Quos officiis facere culpa officiis sed repudiandae. Dolores hic et beatae hic. Tenetur necessitatibus accusamus quia voluptatibus sunt commodi pariatur.', '187.46', NULL, 11, 1, 0, NULL, NULL, '2025-11-29 16:13:08', '2025-11-29 16:13:08'),
(135, 12, 'Porro perspiciatis iusto', 'porro-perspiciatis-iusto-RFnNm', '6DYCQML4', 'Repellendus porro animi ut sit est fuga est quasi.', 'Possimus excepturi consequatur earum vel quo error reprehenderit. Voluptatem nemo asperiores animi architecto et ut. Nihil aut qui eos amet.', '19.91', NULL, 197, 1, 0, NULL, NULL, '2025-11-29 16:13:08', '2025-11-29 16:13:08'),
(136, 12, 'Et sint at', 'et-sint-at-7tDeY', 'M2WCOFFE', 'Consequatur ea neque qui sit aut ea rem consequuntur nam recusandae minus quibusdam voluptas distinctio earum explicabo.', 'Dolor aut amet autem cum sed eveniet odit. Esse est expedita optio. Sint ut pariatur et rerum eos non. Qui ut voluptatem minima sit sint fugiat qui. In veniam possimus a similique ut.', '101.68', NULL, 34, 1, 0, NULL, NULL, '2025-11-29 16:13:08', '2025-11-29 16:13:08'),
(137, 12, 'Debitis voluptates quibusdam', 'debitis-voluptates-quibusdam-nz0dB', 'FCU28QG8', 'Et omnis enim aut quam voluptate tempore et odit nemo aut accusantium magni delectus.', 'Neque nobis accusamus fuga qui. Excepturi porro commodi consectetur dolor quos voluptatem. Natus placeat in cupiditate ea ut accusamus. Quos ea quaerat consectetur ut ea qui. Quisquam labore mollitia exercitationem non odio dolor.', '255.11', NULL, 59, 1, 0, NULL, NULL, '2025-11-29 16:13:08', '2025-11-29 16:13:08'),
(138, 12, 'Cumque voluptas voluptatem', 'cumque-voluptas-voluptatem-qMJZC', 'KCQTQJFG', 'Unde dolor vitae velit inventore aut quam cum molestiae commodi amet voluptate.', 'Voluptas ea debitis saepe dignissimos eos sit. Iure quia sint eligendi est nostrum et. Expedita enim maiores voluptas distinctio architecto ut modi. Eligendi et qui qui nobis eum iusto ab. Ratione officiis nemo sit sunt rerum ducimus qui. Praesentium saepe et nostrum.', '278.27', NULL, 67, 1, 0, NULL, NULL, '2025-11-29 16:13:08', '2025-11-29 16:13:08'),
(139, 12, 'Veritatis sit velit', 'veritatis-sit-velit-rS9yw', 'X31JINFW', 'Impedit facere autem animi iure omnis et quia officiis nostrum similique totam qui.', 'Aliquid et quia nulla sit beatae in consectetur. Eaque optio porro soluta quasi eius sit minima. Ut in sint est voluptatem assumenda blanditiis dolores. Voluptatibus omnis et nulla sit harum fugiat rerum voluptas. Et ducimus itaque autem ducimus quae quo.', '63.26', NULL, 61, 1, 0, NULL, NULL, '2025-11-29 16:13:08', '2025-11-29 16:13:08'),
(140, 12, 'Temporibus nesciunt eos', 'temporibus-nesciunt-eos-t66YZ', 'GPP9JT5H', 'Repellat et corporis maiores quo doloremque quibusdam minima quia id commodi corrupti et sint minus labore labore.', 'Dolor cumque reiciendis veritatis. Quia tempore nam in minima velit. Quia repudiandae quia nesciunt dolorem provident consequatur. Tempora ratione omnis velit omnis.', '58.34', NULL, 24, 1, 1, NULL, NULL, '2025-11-29 16:13:08', '2025-11-29 16:13:08'),
(141, 12, 'Dolorem omnis sint', 'dolorem-omnis-sint-BSNSX', 'PBEMY2U2', 'Laborum omnis voluptatem voluptatum nemo molestiae sint nobis illum itaque magni.', 'Dolorum eveniet voluptatum rem. Voluptatem necessitatibus tempora exercitationem velit. Sed reprehenderit nostrum possimus assumenda. Accusamus voluptas amet exercitationem aperiam quod.', '67.97', '69.56', 28, 1, 0, NULL, NULL, '2025-11-29 16:13:08', '2025-11-29 16:13:08'),
(142, 12, 'Voluptatibus tenetur sed', 'voluptatibus-tenetur-sed-OvtZM', 'YDBMHTGE', 'Nihil nihil sequi voluptatibus ad natus atque adipisci necessitatibus reiciendis aut est.', 'Laboriosam nulla amet earum qui ea modi. Ut ea et repellat aut earum. Quia aut optio cumque et harum. Tempora enim optio dolor excepturi qui aut.', '94.85', NULL, 18, 1, 1, NULL, NULL, '2025-11-29 16:13:08', '2025-11-29 16:13:08'),
(143, 12, 'Accusamus et et', 'accusamus-et-et-j4tEm', 'GG1IHW9L', 'Et est hic eligendi adipisci quia molestias totam consequuntur ipsum vel quod accusamus non dolor excepturi.', 'Necessitatibus labore tenetur sed voluptas et mollitia sit. Labore cumque doloribus vitae voluptas officia. Dolorem amet quam illum reprehenderit pariatur dolores. Nemo officiis beatae quis at.', '199.52', NULL, 118, 1, 0, NULL, NULL, '2025-11-29 16:13:08', '2025-11-29 16:13:08'),
(144, 12, 'Est nemo laudantium', 'est-nemo-laudantium-372su', '22NKF2ND', 'Est nisi sapiente repudiandae eos quaerat perferendis quaerat eum ratione.', 'Illum qui exercitationem maiores quae sapiente aut quia. Sit a laborum labore at distinctio doloribus odit dolores. Doloremque qui et quo. Quia velit reiciendis eius porro. Hic et error iusto. Delectus dolorum eum molestiae.', '267.01', NULL, 106, 1, 0, NULL, NULL, '2025-11-29 16:13:08', '2025-11-29 16:13:08'),
(145, 13, 'Quo error et', 'quo-error-et-Sy9Y3', 'HBZMN793', 'Veniam fugit ut molestiae dolor explicabo praesentium quis vero aliquam.', 'Id vel beatae exercitationem officiis aut asperiores ut. Dolorem soluta molestias ut. Atque omnis est consequatur ducimus. Iste adipisci qui a consectetur. Est velit quod et voluptate nobis nostrum vel quas.', '107.18', '140.58', 66, 1, 0, NULL, NULL, '2025-11-29 16:21:47', '2025-11-29 16:21:47'),
(146, 13, 'Ut fuga eligendi', 'ut-fuga-eligendi-z9gkk', '0DKTXH8B', 'Magni voluptatem adipisci aut mollitia non aut quam ut est voluptatibus ad optio et reiciendis quo et.', 'Est sit quia nihil est dignissimos facere praesentium. Sed quasi fuga rem nihil. Harum corporis quasi sunt et debitis. Consequatur distinctio iusto ut sunt deserunt. Excepturi porro odit non a dolorum.', '56.83', NULL, 17, 1, 0, NULL, NULL, '2025-11-29 16:21:47', '2025-11-29 16:21:47'),
(147, 13, 'Dolorem provident facilis', 'dolorem-provident-facilis-AtJgP', '8N7GJQJL', 'In architecto iste perferendis ut enim et necessitatibus et nisi tenetur blanditiis est vero nisi ratione eligendi.', 'Sed sed veritatis voluptatum et sed et. Explicabo error cum ea voluptate. Culpa aut non et illum aliquam voluptatem et. Aspernatur et iste aut qui molestias. Eveniet eum laboriosam maiores maiores officia ex. Tempore perspiciatis et harum.', '129.16', NULL, 173, 0, 1, NULL, NULL, '2025-11-29 16:21:47', '2025-11-29 16:21:47'),
(148, 13, 'Praesentium doloremque reiciendis', 'praesentium-doloremque-reiciendis-hXyZc', 'E6I0WR2M', 'Ut doloremque nesciunt doloremque quisquam reprehenderit laudantium sint in aperiam rerum maiores voluptatum dolorem est.', 'Ducimus id quasi aspernatur suscipit est. Non quo ducimus beatae aliquam quia cum sit sunt. Quos dolore quos qui. Eligendi iusto blanditiis itaque omnis dolorem dicta dolor. Natus cupiditate est nemo nulla quod unde.', '205.91', NULL, 27, 1, 1, NULL, NULL, '2025-11-29 16:21:47', '2025-11-29 16:21:47'),
(149, 13, 'Qui labore occaecati', 'qui-labore-occaecati-xIY3J', 'UQRHMLRG', 'Doloribus nisi mollitia aut veniam nostrum non enim cupiditate quia.', 'Veritatis in id exercitationem beatae error omnis alias. Perferendis reiciendis corrupti occaecati. Id rerum suscipit repudiandae voluptatem nihil ullam ut. Eos iste iusto id unde unde et.', '228.34', '229.84', 61, 1, 0, NULL, NULL, '2025-11-29 16:21:47', '2025-11-29 16:21:47'),
(150, 13, 'Non aut dolorum', 'non-aut-dolorum-QXmwG', 'S9ZFWIFW', 'Ab quia rerum soluta ut quo et nihil dolor.', 'Maxime dolores voluptatibus voluptatibus ipsa et quo. Sit et sit impedit non maxime rerum quo. Voluptatem sapiente et itaque. Facilis qui velit esse nobis libero. In dolorum incidunt harum et occaecati sed eaque. Similique enim ut voluptatibus aperiam.', '216.92', '255.59', 129, 1, 0, NULL, NULL, '2025-11-29 16:21:47', '2025-11-29 16:21:47'),
(151, 13, 'Reprehenderit assumenda animi', 'reprehenderit-assumenda-animi-sTwmr', 'CEU9IQ5F', 'Qui aut excepturi provident sit aut facilis consequatur nisi laboriosam omnis molestiae tempore placeat quia natus.', 'Quis sunt in quas provident hic. Ratione officiis vel rem dolorem corrupti. Consequatur in earum fuga id omnis sed eum.', '62.64', NULL, 6, 1, 0, NULL, NULL, '2025-11-29 16:21:47', '2025-11-29 16:21:47'),
(152, 13, 'Nostrum a sapiente', 'nostrum-a-sapiente-UEN2S', 'ABY0WXIU', 'Itaque ipsam ut reiciendis quidem porro ullam eum sit et perferendis iure sit dolore ut quaerat.', 'Et dolore voluptatibus autem minima qui. Harum expedita voluptatem eaque harum rerum cupiditate at. Animi impedit quo ipsam consequuntur exercitationem. Beatae maxime rerum eum ullam maxime.', '212.62', '256.53', 127, 1, 0, NULL, NULL, '2025-11-29 16:21:47', '2025-11-29 16:21:47'),
(153, 13, 'Consequatur veniam qui', 'consequatur-veniam-qui-CVDx2', '45ELO4XM', 'Temporibus provident ipsam aliquid voluptates deserunt soluta aut explicabo itaque ipsa dolor.', 'Sed in tempora ratione ratione quam numquam. Unde aliquam ab aut dolor ab explicabo impedit. Assumenda praesentium necessitatibus impedit in officia magnam.', '293.67', NULL, 111, 1, 0, NULL, NULL, '2025-11-29 16:21:47', '2025-11-29 16:21:47'),
(154, 13, 'Expedita sed at', 'expedita-sed-at-uS0gQ', 'VA7FAJ3G', 'Et sunt voluptatum est consequatur illo autem laudantium provident et.', 'Qui nam unde qui nam cumque. Dolorem delectus quia qui possimus assumenda praesentium. Ea maxime aperiam neque quasi. Magni voluptas distinctio reprehenderit adipisci ab rerum provident.', '173.97', NULL, 129, 1, 0, NULL, NULL, '2025-11-29 16:21:47', '2025-11-29 16:21:47'),
(155, 13, 'Aliquam ut nulla', 'aliquam-ut-nulla-xEX8N', 'PYVXRUGJ', 'Voluptatem est soluta dolorum aliquam aliquam error qui aut vel officiis dignissimos eveniet possimus voluptatibus.', 'Pariatur doloremque a corrupti placeat consequatur voluptatem est. Perferendis ut adipisci architecto est possimus consectetur minus dolores. Quae sit ipsam non molestias assumenda consequatur ducimus. Deserunt quo ducimus dolorem. Hic enim dolorum magnam animi consequatur vel. Occaecati quidem repellat rerum sit beatae temporibus.', '109.69', NULL, 98, 1, 0, NULL, NULL, '2025-11-29 16:21:47', '2025-11-29 16:21:47'),
(156, 13, 'Quaerat minima rerum', 'quaerat-minima-rerum-OJlgp', 'SKH2PIQX', 'Architecto sunt similique repudiandae vel qui non velit.', 'Doloribus voluptas tempora nesciunt id eos inventore. Eum eum maiores debitis natus ullam aliquam. Maxime quod nihil itaque ut quia. Similique fuga et ipsam nisi ipsam placeat eligendi iusto. Fuga voluptatibus ex ipsa.', '58.39', '98.17', 61, 1, 0, NULL, NULL, '2025-11-29 16:21:47', '2025-11-29 16:21:47'),
(157, 14, 'Fugit aut nobis', 'fugit-aut-nobis-xL3AG', 'KOMIL3W6', 'Omnis voluptas ut accusantium ratione nesciunt sunt quis neque.', 'Ut eum nemo asperiores voluptas est impedit. Assumenda qui velit voluptates sunt vel. Magni excepturi iusto impedit. Occaecati ratione aperiam autem et quia tempora ut. Aut alias ea nulla vel quam.', '92.59', NULL, 146, 1, 0, NULL, NULL, '2025-11-29 16:21:48', '2025-11-29 16:21:48'),
(158, 14, 'Repellendus et inventore', 'repellendus-et-inventore-0SetV', 'FKI6TCDR', 'Non error temporibus rerum veniam tenetur ut pariatur.', 'Corporis harum assumenda sapiente. Et eos odit est facere consequatur provident. Libero quia voluptatem consectetur voluptas ea expedita. Et molestiae eum rem ab. Nisi eos doloribus qui inventore rerum. A facilis voluptatem ut aut quia.', '62.13', '76.30', 7, 1, 0, NULL, NULL, '2025-11-29 16:21:48', '2025-11-29 16:21:48'),
(159, 14, 'Beatae at dolore', 'beatae-at-dolore-ZPGe8', 'PWGLEFUP', 'Porro vitae nobis quis nisi doloribus et ea laborum vel.', 'Ut voluptatum delectus ut asperiores repudiandae. In est sed voluptates sapiente ut modi explicabo. Maxime quod quas architecto quo culpa iusto omnis aspernatur. Et magni nisi sunt vitae laudantium tempore omnis.', '10.87', NULL, 71, 1, 1, NULL, NULL, '2025-11-29 16:21:48', '2025-11-29 16:21:48'),
(160, 14, 'Ullam explicabo quos', 'ullam-explicabo-quos-4TEiH', 'Q26G2ZGI', 'Expedita quo eligendi suscipit et quo saepe sint quia non dolor sit dignissimos voluptas tenetur error qui.', 'Reprehenderit dolores labore laboriosam est non id dolor deleniti. Harum qui expedita fugit qui asperiores qui excepturi molestias. Et impedit perspiciatis consequuntur distinctio. Quis sint amet qui est id beatae est.', '134.63', '183.36', 113, 0, 0, NULL, NULL, '2025-11-29 16:21:48', '2025-11-29 16:21:48'),
(161, 14, 'Sed quibusdam perferendis', 'sed-quibusdam-perferendis-eh5xh', 'UMQDWY7E', 'Nemo esse magnam sit ab facilis neque quaerat ipsa sequi accusantium voluptatum.', 'Sapiente aliquid facere sed. Ut minima qui consequatur aut a quibusdam doloribus. Porro numquam adipisci aspernatur hic. Quia eum odio esse pariatur. Et repellat incidunt facere repellat reprehenderit.', '9.23', NULL, 71, 1, 1, NULL, NULL, '2025-11-29 16:21:48', '2025-11-29 16:21:48'),
(162, 14, 'Id ut dolorem', 'id-ut-dolorem-dmeVx', 'JLJHGPIB', 'Hic aliquid voluptas et occaecati maiores et eos consequatur aut ad.', 'Asperiores explicabo est modi illo. Rerum quibusdam consequatur omnis vel quidem voluptas in. Recusandae sunt sint iure cumque ut dolor consectetur. Maxime explicabo eum quo molestiae et tempore. Eos recusandae facilis ab fuga architecto eligendi.', '156.57', '159.91', 155, 1, 0, NULL, NULL, '2025-11-29 16:21:48', '2025-11-29 16:21:48'),
(163, 14, 'Ab rerum nisi', 'ab-rerum-nisi-6nNYK', 'LNNADSFC', 'Mollitia veritatis ratione tempore officiis sapiente illo rerum ratione ea nemo dolorem quidem.', 'Fugiat quia eum mollitia numquam esse quaerat. Voluptas est rerum eligendi commodi et blanditiis expedita. Deleniti vitae occaecati atque maiores et vero.', '192.37', NULL, 142, 1, 0, NULL, NULL, '2025-11-29 16:21:48', '2025-11-29 16:21:48'),
(164, 14, 'Sapiente adipisci tempore', 'sapiente-adipisci-tempore-MKVHh', 'TWBZTDUW', 'Consequatur repellat beatae sint molestiae magni provident fugiat accusantium.', 'Corrupti quidem atque aliquid quaerat qui magni occaecati. Nostrum est sapiente iste provident cum mollitia vitae. Delectus esse ut id incidunt est autem natus. Voluptatem qui expedita nulla quo. Non est consequatur expedita placeat facere nostrum.', '59.08', NULL, 102, 1, 0, NULL, NULL, '2025-11-29 16:21:48', '2025-11-29 16:21:48'),
(165, 14, 'Laborum pariatur aut', 'laborum-pariatur-aut-j9Xdl', 'E9SB29NI', 'Voluptatem assumenda ut perspiciatis et nisi est qui assumenda earum.', 'Dolor molestiae sit culpa ut. Sunt nobis explicabo reiciendis aperiam quibusdam. Excepturi non porro similique. Sunt ut cupiditate eveniet aliquam sunt ut perferendis. A sit corporis recusandae est tempore non.', '123.34', NULL, 62, 1, 0, NULL, NULL, '2025-11-29 16:21:48', '2025-11-29 16:21:48'),
(166, 14, 'Dolores non quos', 'dolores-non-quos-tyy9C', 'HK7JLOPO', 'Rerum recusandae ut adipisci occaecati natus eum aperiam ipsam dolor a velit.', 'Eligendi suscipit aut harum provident quibusdam. Repellendus ut qui ratione non repudiandae. Similique laudantium perspiciatis nam dolorem natus accusantium modi. Non tempore iste fugit cupiditate vero. Ducimus fuga temporibus temporibus dolores optio totam. Molestiae quas id doloremque est laudantium.', '253.19', NULL, 178, 1, 0, NULL, NULL, '2025-11-29 16:21:48', '2025-11-29 16:21:48'),
(167, 14, 'Et numquam facilis', 'et-numquam-facilis-dRB05', '2RNTQ6IW', 'Vitae omnis magnam sed ea reiciendis deserunt vitae dolor.', 'Id voluptates soluta ullam voluptatem. Assumenda ut repellat iusto optio et. Sed non fugiat eaque eius quod in quae. Ad necessitatibus minima aspernatur qui soluta quaerat.', '149.73', '153.45', 126, 1, 1, NULL, NULL, '2025-11-29 16:21:48', '2025-11-29 16:21:48'),
(168, 14, 'Quas aut cumque', 'quas-aut-cumque-9MbIH', 'CGTYXPOA', 'Iure cum omnis in nihil voluptatibus illum provident.', 'Blanditiis debitis ut facilis ea. Praesentium perspiciatis voluptas consequatur. Ipsam qui reiciendis minima dignissimos.', '10.19', NULL, 187, 1, 1, NULL, NULL, '2025-11-29 16:21:48', '2025-11-29 16:21:48'),
(169, 15, 'Voluptatibus ducimus neque', 'voluptatibus-ducimus-neque-lSaPL', 'AZUAJNE3', 'Et voluptatibus ipsa odit sequi cumque incidunt reiciendis rem aut qui ut dolores voluptates magnam est.', 'Ut voluptas quos aut et voluptatem. Non ratione molestiae molestiae itaque possimus dolorem laudantium. Atque est mollitia est qui eum qui repudiandae laborum. Voluptates repellat praesentium itaque voluptate sint.', '5.23', NULL, 80, 1, 0, NULL, NULL, '2025-11-29 16:21:48', '2025-11-29 16:21:48'),
(170, 15, 'Sed eligendi aut', 'sed-eligendi-aut-capPJ', 'Z12I95IU', 'Incidunt sunt sed ab voluptas debitis quo accusantium officia libero voluptatem non ut accusantium quisquam.', 'Ex eaque cumque eaque velit numquam. Sit sint ab ut architecto qui facilis quaerat ut. Autem consequuntur veniam et molestiae numquam aperiam vel. Natus eligendi iure quo voluptatem assumenda distinctio soluta. Veritatis perspiciatis nemo eveniet aut unde nisi.', '159.56', NULL, 162, 1, 0, NULL, NULL, '2025-11-29 16:21:48', '2025-11-29 16:21:48'),
(171, 15, 'Quaerat ex impedit', 'quaerat-ex-impedit-g2uHt', 'WIBFOEQR', 'Non maiores sunt sed aut numquam consequatur amet rerum voluptatem.', 'Reprehenderit repellat consequatur aut. Odit et debitis est atque. Voluptatem saepe nulla quidem quae commodi voluptas qui.', '148.69', '166.05', 131, 1, 0, NULL, NULL, '2025-11-29 16:21:48', '2025-11-29 16:21:48'),
(172, 15, 'Optio est accusantium', 'optio-est-accusantium-ysr9n', 'YWB0WQUA', 'Tenetur quae odit saepe reprehenderit harum veritatis esse ut aliquam rem et qui.', 'Dignissimos quis deleniti id culpa quibusdam. Omnis unde sed facere quia qui quia ut. Consectetur consequatur sed eum accusamus ut. Ducimus quia dicta officia sequi vitae doloremque temporibus dolores.', '249.70', NULL, 91, 1, 0, NULL, NULL, '2025-11-29 16:21:48', '2025-11-29 16:21:48'),
(173, 15, 'Incidunt at excepturi', 'incidunt-at-excepturi-1QiEL', 'MZHQPURX', 'Omnis occaecati voluptatem ullam iste magni culpa occaecati.', 'Similique iusto minus debitis sunt rerum est. Rerum illo voluptatibus similique porro dicta. Deleniti sint et iusto fuga accusamus dolorem. Iusto eaque cum et voluptas laborum voluptate non.', '192.99', NULL, 186, 0, 0, NULL, NULL, '2025-11-29 16:21:48', '2025-11-29 16:21:48'),
(174, 15, 'Reiciendis non provident', 'reiciendis-non-provident-d66TA', 'RWBF8GGR', 'Ipsum dicta quasi expedita non et non rem cum deserunt.', 'Omnis est ea et totam voluptatem. Aperiam numquam occaecati quia cum corporis voluptatem neque. Est perspiciatis earum non unde omnis ut libero enim. Ipsam nostrum incidunt aliquam quidem suscipit id. Non eos vero earum consequuntur.', '122.68', NULL, 44, 1, 0, NULL, NULL, '2025-11-29 16:21:48', '2025-11-29 16:21:48'),
(175, 15, 'Voluptatibus eligendi aut', 'voluptatibus-eligendi-aut-2Yw1a', 'Z85WKQ7C', 'Quia laborum occaecati ipsa mollitia ea quibusdam fugit ut est.', 'Natus est assumenda voluptatem quidem qui. Et animi corporis eaque aut. Excepturi quis vel debitis nostrum laborum fugit veniam.', '241.07', NULL, 126, 1, 0, NULL, NULL, '2025-11-29 16:21:48', '2025-11-29 16:21:48'),
(176, 15, 'Earum iure rerum', 'earum-iure-rerum-3O4Lz', 'FKCOST1P', 'Iste voluptas velit sunt sapiente magnam dolor magnam unde.', 'Veniam qui natus ab sed et sit non et. Esse animi quos illo culpa aut. Qui qui rem harum quo facilis. Dolorem deleniti est aliquid nihil commodi quas. Fugiat rerum sapiente reiciendis quidem quos.', '27.50', NULL, 140, 0, 0, NULL, NULL, '2025-11-29 16:21:48', '2025-11-29 16:21:48'),
(177, 15, 'Harum cumque odit', 'harum-cumque-odit-P1Zba', 'VT6VCQ4A', 'Et expedita id quibusdam fuga est qui dolores eligendi.', 'Omnis labore eveniet temporibus ea. Eligendi quam nisi ipsum enim beatae molestiae recusandae quisquam. Nihil ducimus magnam voluptatem. Ut ut porro modi. Autem quisquam qui illo vel quia optio esse.', '245.36', NULL, 133, 0, 0, NULL, NULL, '2025-11-29 16:21:48', '2025-11-29 16:21:48'),
(178, 15, 'Qui commodi nihil', 'qui-commodi-nihil-ozPHy', 'N31KG6ID', 'Delectus architecto illo vero molestiae distinctio provident consequatur numquam quod non.', 'Ut excepturi et eligendi et necessitatibus consequuntur libero sit. Vel eum praesentium numquam rerum alias pariatur ea ex. Sequi ipsam suscipit qui et porro id. Accusantium iusto blanditiis omnis nam.', '257.51', '289.74', 102, 1, 0, NULL, NULL, '2025-11-29 16:21:48', '2025-11-29 16:21:48'),
(179, 15, 'Enim nulla doloremque', 'enim-nulla-doloremque-FhpNC', 'OBJZYMZA', 'Nisi molestiae dolores ut rerum exercitationem iure aut ut rerum vel repellendus.', 'Voluptas saepe nobis quidem deleniti. Sint nobis asperiores quis suscipit laudantium autem. Tenetur velit qui id impedit in. Iure quae tempora consequatur id itaque voluptas id distinctio. Eaque dolor ea voluptatem ut.', '41.93', NULL, 30, 1, 1, NULL, NULL, '2025-11-29 16:21:48', '2025-11-29 16:21:48'),
(180, 15, 'Voluptatem ea atque', 'voluptatem-ea-atque-X70yt', '04VMM3E7', 'Sit atque voluptas qui vel recusandae possimus qui nesciunt consequuntur non commodi iure non.', 'Dolore temporibus debitis doloribus accusamus. Dolore omnis et rem nesciunt soluta. Suscipit earum iste voluptatem quo nobis sed. Et voluptatibus ut ducimus in consequuntur doloribus veritatis. Facilis ea veritatis ab rerum exercitationem vel vitae.', '253.58', '297.35', 32, 0, 0, NULL, NULL, '2025-11-29 16:21:48', '2025-11-29 16:21:48'),
(181, 16, 'Optio harum excepturi', 'optio-harum-excepturi-obpca', 'K4W8HYNA', 'Sapiente consequatur voluptatibus molestiae ratione corporis omnis eos nesciunt ipsam sit eius omnis aut est perspiciatis.', 'Sed beatae eos at quae est. Velit consequuntur est quis natus aliquid. Asperiores quia quia est in doloribus odit. Sunt expedita harum omnis.', '62.36', NULL, 191, 1, 1, NULL, NULL, '2025-11-29 16:21:48', '2025-11-29 16:21:48'),
(182, 16, 'Ut sapiente fuga', 'ut-sapiente-fuga-7rvaE', 'S0ELUNDF', 'Sed et a repudiandae illo hic enim qui ea ad commodi distinctio laudantium et quo rerum id.', 'Architecto voluptatem consequuntur fuga quo. Accusantium nihil eius nostrum laborum soluta. Voluptas delectus omnis ullam vel molestiae. Temporibus consequuntur voluptate exercitationem quis.', '40.89', NULL, 126, 1, 0, NULL, NULL, '2025-11-29 16:21:48', '2025-11-29 16:21:48'),
(183, 16, 'Ut doloribus et', 'ut-doloribus-et-3Biix', 'KOUTL1WW', 'Voluptatem qui veritatis ad corporis sequi delectus tempora.', 'Sapiente consectetur debitis odio et magnam quidem provident. Quis illo et aliquam dicta aliquid consequuntur molestiae. Quia non corrupti ea voluptate consectetur. Incidunt in est quaerat itaque vel totam rerum reiciendis. Et ut delectus aperiam praesentium fugit beatae.', '122.89', '152.11', 0, 1, 0, NULL, NULL, '2025-11-29 16:21:48', '2025-11-29 16:21:48'),
(184, 16, 'Tempora ut ex', 'tempora-ut-ex-uHyUo', 'QQEO0FHV', 'Aut hic suscipit dignissimos accusamus nihil molestiae quae pariatur explicabo quisquam saepe et harum.', 'Aut doloribus nihil voluptas qui. A et id eos qui ea porro est. Earum consequuntur repudiandae error aut id. Nostrum qui vel quod numquam. Sit non quae dolor eaque est rerum est.', '56.23', NULL, 194, 1, 0, NULL, NULL, '2025-11-29 16:21:48', '2025-11-29 16:21:48'),
(185, 16, 'Explicabo nostrum ut', 'explicabo-nostrum-ut-hgGgE', 'QJ6ETZPE', 'Laboriosam a dolor eveniet voluptatem placeat culpa alias possimus.', 'Ipsum odio et dolor repellat minima. Aliquam nesciunt dolorum eos dolor. Doloremque suscipit explicabo totam et. Non voluptatem ut molestiae occaecati aut. Laboriosam quia qui tempora possimus. Soluta neque quod earum placeat quibusdam omnis.', '208.47', NULL, 83, 1, 0, NULL, NULL, '2025-11-29 16:21:48', '2025-11-29 16:21:48'),
(186, 16, 'Ratione consequatur cumque', 'ratione-consequatur-cumque-nHp2d', 'X3IREWSO', 'Quia hic dolore pariatur sint voluptatem illum ut cupiditate numquam.', 'Recusandae necessitatibus iste dicta voluptatem ipsam quae sint. Hic magnam modi et sunt omnis qui voluptatem. Laboriosam ipsum et sapiente occaecati totam et et. Eaque tenetur quod non quam ducimus. Excepturi veniam et et quibusdam a.', '231.77', '254.70', 142, 1, 0, NULL, NULL, '2025-11-29 16:21:48', '2025-11-29 16:21:48'),
(187, 16, 'Consequatur architecto laboriosam', 'consequatur-architecto-laboriosam-q1K0V', 'LHFRO8VJ', 'Et iure praesentium dolores vitae exercitationem nam ut dolorum provident nesciunt consequatur blanditiis corrupti cum.', 'Voluptatem pariatur expedita occaecati cumque id. Necessitatibus in voluptates non aut error atque. Officia consequatur sed est quia consequatur impedit velit. Aliquid repellendus nam voluptatibus ut quasi quo quasi. Assumenda sit eum culpa dignissimos.', '231.51', NULL, 55, 0, 0, NULL, NULL, '2025-11-29 16:21:48', '2025-11-29 16:21:48'),
(188, 16, 'Molestias nulla voluptatem', 'molestias-nulla-voluptatem-thjAy', 'FXM12QMC', 'Magni enim inventore est perspiciatis ullam modi molestias labore velit exercitationem.', 'Amet quia neque cum quia dolor ipsum exercitationem et. Vitae iusto odit voluptas quos veritatis. Velit minus dolores dolor vel et rem. Est est maxime praesentium facilis consequatur enim eius.', '226.13', NULL, 74, 1, 0, NULL, NULL, '2025-11-29 16:21:48', '2025-11-29 16:21:48'),
(189, 16, 'Voluptatem delectus accusamus', 'voluptatem-delectus-accusamus-V6fI6', 'TXKFUBVE', 'Dolorum beatae doloremque est earum aut distinctio nemo ipsum cumque.', 'Aut minima voluptatibus facilis sit saepe laboriosam. Velit est ab doloremque quia reprehenderit est aut. Ducimus consectetur quam impedit sunt. Incidunt provident doloribus porro consequatur aut architecto.', '129.71', '152.84', 198, 1, 0, NULL, NULL, '2025-11-29 16:21:48', '2025-11-29 16:21:48'),
(190, 16, 'Dolorem corrupti ut', 'dolorem-corrupti-ut-ZQHxi', '5RTFACDP', 'Adipisci et corporis ea at id sed error perspiciatis quas aut.', 'Natus quod necessitatibus iure et earum officia autem. Voluptatem dicta eaque accusantium et porro sed. Eos alias dolor eos hic facere et. Quas impedit cum ut et neque corrupti distinctio. Recusandae dolores maiores cum alias quidem ut non incidunt.', '54.57', NULL, 146, 1, 0, NULL, NULL, '2025-11-29 16:21:48', '2025-11-29 16:21:48'),
(191, 16, 'Placeat et in', 'placeat-et-in-xGZMk', 'HZ7IBXVK', 'Et quae ex cupiditate adipisci omnis et nihil rerum ratione est repellat sint.', 'Ut nemo natus omnis et necessitatibus voluptas. Blanditiis autem cum corporis laborum. Iure blanditiis voluptatibus est. Suscipit omnis dolorem tempora tenetur.', '141.65', '170.52', 93, 1, 0, NULL, NULL, '2025-11-29 16:21:48', '2025-11-29 16:21:48'),
(192, 16, 'Esse est facere', 'esse-est-facere-URPqY', 'DR5TGQVE', 'Cum id unde molestias ipsum qui in id aut velit quae maiores accusamus voluptatem qui et.', 'Laborum magni distinctio ab sed blanditiis aut quo modi. Illo eveniet voluptatibus autem id porro. Tenetur magnam eum temporibus ipsa sed. Tenetur atque aut aperiam sed eveniet qui rem. Repudiandae ut libero repellat dolor accusamus ut dolores voluptas.', '21.75', NULL, 54, 0, 0, NULL, NULL, '2025-11-29 16:21:48', '2025-11-29 16:21:48'),
(193, 17, 'Quo qui quia', 'quo-qui-quia-7MUAj', 'XUXZNFK6', 'Quae at ratione sint totam ratione nisi possimus at laborum a.', 'Rem fugiat hic accusamus eos temporibus amet. Vel necessitatibus nobis est eaque voluptates vel soluta. Error ut nulla assumenda nulla est. Et pariatur sit quis esse minus. Sed eveniet ut neque. Quasi et qui mollitia et nam est aperiam.', '293.29', '317.22', 80, 1, 0, NULL, NULL, '2025-11-29 16:21:48', '2025-11-29 16:21:48'),
(194, 17, 'Dolores tempora autem', 'dolores-tempora-autem-UoUHy', 'L2JLZ2HP', 'Deleniti aspernatur rem odio deserunt optio et fugit.', 'Magni tenetur eos quia aliquid. Vel nihil esse repudiandae sit est esse et. Magnam ratione error aliquid facilis. Harum nihil et molestiae amet excepturi enim ipsa. Dolorum tempore exercitationem dignissimos cupiditate quia omnis rerum. Quasi quia assumenda id aut sed.', '264.29', NULL, 48, 1, 0, NULL, NULL, '2025-11-29 16:21:48', '2025-11-29 16:21:48'),
(195, 17, 'Reprehenderit dolorum quia', 'reprehenderit-dolorum-quia-DxINF', 'S8NEIKVZ', 'Sint sequi rerum distinctio sunt similique tenetur id.', 'Iste voluptates neque est repudiandae labore sint. Delectus nemo pariatur et incidunt quia atque ut repellat. Iste beatae sapiente modi dicta voluptatem dolore. Id occaecati est itaque et. Ut voluptatibus omnis quos tempore ipsam voluptatibus.', '252.93', NULL, 88, 1, 0, NULL, NULL, '2025-11-29 16:21:48', '2025-11-29 16:21:48'),
(196, 17, 'Repellendus quo repellendus', 'repellendus-quo-repellendus-nwoBa', 'MCHJF1NM', 'Nostrum voluptas delectus voluptatem placeat quasi quam quisquam id optio culpa.', 'Aut quia delectus incidunt incidunt. Aut molestiae culpa dicta in ea. Velit corrupti molestias omnis corporis rerum voluptatibus. Necessitatibus esse est rerum distinctio dolores rerum.', '167.92', NULL, 42, 1, 0, NULL, NULL, '2025-11-29 16:21:48', '2025-11-29 16:21:48'),
(197, 17, 'Molestiae quia a', 'molestiae-quia-a-yzIvH', 'UZEZCCKX', 'Cum porro beatae ut accusantium aut est dignissimos omnis dolores occaecati praesentium placeat.', 'Quo et et autem. Ut et dolorum odit eaque. Molestiae voluptatem tempora cum nesciunt.', '92.65', NULL, 71, 1, 1, NULL, NULL, '2025-11-29 16:21:48', '2025-11-29 16:21:48'),
(198, 17, 'Aut ut enim', 'aut-ut-enim-paCYg', 'FKJS5MGK', 'Perspiciatis facilis laboriosam et fugiat ipsam laborum totam.', 'Exercitationem earum id qui fugiat. Qui qui et dicta minus mollitia a numquam. Occaecati rem dolore omnis fuga.', '154.45', NULL, 99, 1, 1, NULL, NULL, '2025-11-29 16:21:48', '2025-11-29 16:21:48'),
(199, 17, 'Asperiores cumque ex', 'asperiores-cumque-ex-z1ELm', 'WP8GMEN4', 'Id similique cumque consectetur alias iste officia veniam sapiente fugiat.', 'Perferendis dolor laboriosam sit qui odio recusandae. Et amet eum corrupti et asperiores quas. Suscipit quasi tenetur doloremque voluptatem quam. Excepturi et dolore sed illo qui sunt. Ex aut quisquam sit aspernatur reiciendis non. Voluptatem perferendis itaque error necessitatibus sit autem facilis beatae.', '87.39', '96.84', 79, 1, 0, NULL, NULL, '2025-11-29 16:21:48', '2025-11-29 16:21:48'),
(200, 17, 'Impedit suscipit esse', 'impedit-suscipit-esse-KKZCv', '74YSJFHO', 'Voluptatibus ut debitis error doloremque et omnis sit.', 'Consequatur voluptate sed provident voluptas soluta repudiandae. Beatae in nulla iusto ad ut. Voluptatem optio enim voluptatem nisi laborum. Facere aut recusandae odio eius est nobis laudantium. Error quo quos quaerat autem culpa.', '201.43', NULL, 27, 1, 0, NULL, NULL, '2025-11-29 16:21:48', '2025-11-29 16:21:48'),
(201, 17, 'Rerum laboriosam minus', 'rerum-laboriosam-minus-YwUni', 'Y45IQIST', 'Eos maxime nihil et et aut et omnis rerum expedita ea quibusdam suscipit ducimus nesciunt ducimus omnis.', 'Cumque esse id alias quia reiciendis quo fugiat. Eius sed ab dolorem. Id qui rerum ad.', '107.25', NULL, 122, 1, 0, NULL, NULL, '2025-11-29 16:21:48', '2025-11-29 16:21:48'),
(202, 17, 'Velit veritatis et', 'velit-veritatis-et-YQGJt', 'PZTQOWAD', 'Nemo consectetur suscipit modi exercitationem asperiores facilis corrupti voluptas omnis eum adipisci praesentium ut tempore.', 'Inventore dolore id dolore. Aperiam necessitatibus asperiores deserunt. Voluptatem et quos enim est aperiam. Ut fugiat odio ut eligendi ducimus ducimus veritatis.', '68.31', NULL, 61, 1, 1, NULL, NULL, '2025-11-29 16:21:48', '2025-11-29 16:21:48'),
(203, 17, 'Iusto voluptates ratione', 'iusto-voluptates-ratione-UdhAS', 'U9NK21AT', 'Quos sit dignissimos amet dolorem itaque aperiam quia sit.', 'Ut iusto placeat rerum placeat quisquam tenetur. Ullam animi nisi labore sit. Voluptatem quia et aut assumenda. Ipsum maxime sequi fuga voluptas repudiandae quidem.', '63.77', NULL, 195, 1, 0, NULL, NULL, '2025-11-29 16:21:48', '2025-11-29 16:21:48'),
(204, 17, 'Impedit illo modi', 'impedit-illo-modi-vC0de', 'QBQYXQCT', 'Quaerat eaque odio non ut beatae error laudantium hic.', 'Non consequuntur aut et. Eveniet et rem dolorum ad. Dolores dolor aliquam velit saepe aut mollitia. Omnis maiores doloremque est non et a.', '196.87', NULL, 167, 1, 0, NULL, NULL, '2025-11-29 16:21:48', '2025-11-29 16:21:48'),
(205, 18, 'Sint suscipit assumenda', 'sint-suscipit-assumenda-6yPuB', 'Q3WWXEWW', 'Autem aut consequatur asperiores pariatur culpa qui at a qui praesentium praesentium consectetur et.', 'Nihil quas iste sed perspiciatis necessitatibus officiis. Aut sint nihil nemo possimus voluptas voluptas aliquid. Odit minus quasi consequuntur facilis ab. Rem doloremque expedita esse qui earum est. Esse maiores quia eius et. Aut et aut ullam explicabo molestiae.', '144.83', NULL, 167, 1, 1, NULL, NULL, '2025-11-29 16:21:49', '2025-11-29 16:21:49'),
(206, 18, 'Rerum repudiandae aliquid', 'rerum-repudiandae-aliquid-jDlOF', 'TYTJUX1D', 'Odit animi nihil eum est expedita harum et.', 'Corporis cumque quas quos provident odio. Ut culpa quo enim ipsam optio aut. Rerum non et sed accusamus. Eveniet molestiae aut esse iure est sit optio. Et ab deserunt ut ex quam possimus.', '288.38', '337.27', 3, 1, 0, NULL, NULL, '2025-11-29 16:21:49', '2025-11-29 16:21:49'),
(207, 18, 'Consequatur numquam et', 'consequatur-numquam-et-zNAcg', 'KGCWSVGM', 'Voluptatem voluptas sint voluptate ducimus itaque libero autem tempora.', 'Sint ex et perspiciatis maiores. Sit neque sed minima atque. Omnis harum totam laudantium quas atque asperiores sed. Inventore ab et et consequatur. Laboriosam et molestiae animi ipsum voluptas corporis neque. In in sed vel vero.', '154.93', NULL, 194, 1, 0, NULL, NULL, '2025-11-29 16:21:49', '2025-11-29 16:21:49'),
(208, 18, 'Sunt omnis sed', 'sunt-omnis-sed-cPHbz', 'VEN5OBZU', 'Delectus ea quia ut deleniti ipsa et reprehenderit dolorem repellendus maxime cumque quaerat.', 'Qui veniam aut aut fuga. Harum ut odio officia dolores quo. Maiores quod magnam enim ea. Eveniet non ipsa omnis aut qui eum porro saepe.', '197.85', NULL, 90, 1, 0, NULL, NULL, '2025-11-29 16:21:49', '2025-11-29 16:21:49'),
(209, 18, 'Voluptatem maxime dolorum', 'voluptatem-maxime-dolorum-Eraka', 'LPZX39FZ', 'Sit in et iure maxime suscipit mollitia neque.', 'Autem et quae voluptas molestiae qui. Consequatur nemo animi expedita nesciunt. Repudiandae vitae autem impedit possimus modi qui omnis. Ut dolores culpa expedita cumque incidunt.', '88.03', '131.86', 15, 1, 0, NULL, NULL, '2025-11-29 16:21:49', '2025-11-29 16:21:49'),
(210, 18, 'Aliquam ut aperiam', 'aliquam-ut-aperiam-OnFLS', '14IYOJFT', 'At beatae fugiat ratione fugiat commodi possimus qui et repellat.', 'Unde alias ipsam soluta aut cum ea et voluptatem. Perspiciatis id voluptate voluptatem soluta aperiam sint. Rerum accusantium quis incidunt soluta eaque eos accusantium. Sit ut non incidunt voluptas in nihil eius. Maiores sit dolor odio atque.', '163.68', NULL, 119, 1, 1, NULL, NULL, '2025-11-29 16:21:49', '2025-11-29 16:21:49'),
(211, 18, 'Ut est doloremque', 'ut-est-doloremque-brOOu', 'WMLY16ZZ', 'Vitae velit aut facere ut in velit sit illo vel dolores unde dolorum.', 'Magni sed inventore exercitationem rerum ea praesentium laboriosam. Rerum sapiente ratione reprehenderit voluptate eveniet. Nihil dolore nihil et tenetur dolor quis quis. Labore sed illum qui.', '285.36', NULL, 177, 1, 1, NULL, NULL, '2025-11-29 16:21:49', '2025-11-29 16:21:49'),
(212, 18, 'Quia quaerat rerum', 'quia-quaerat-rerum-sIYhG', 'OGT7LZW5', 'Pariatur et saepe accusantium labore soluta ipsa ipsa voluptatibus quisquam quibusdam quo ex.', 'Cumque cum nemo dolorum alias. Soluta veritatis laudantium quo iste autem quidem. Libero rerum iusto dolore eos aperiam. Doloribus neque sed et consequatur accusamus fugiat. Id repellendus nulla fuga quo eaque.', '195.24', NULL, 178, 1, 1, NULL, NULL, '2025-11-29 16:21:49', '2025-11-29 16:21:49'),
(213, 18, 'Excepturi doloremque neque', 'excepturi-doloremque-neque-wmEAG', 'LXAJTAYI', 'Laudantium cum error quod blanditiis voluptates assumenda maiores exercitationem soluta veniam dolorum assumenda voluptatibus eaque dolorem.', 'Nihil nemo deserunt porro quae dignissimos. Aut molestiae perferendis provident animi non. Dolor dolores minima architecto odio est voluptatem velit. Quae a officia placeat quidem cum sequi. Maxime adipisci quia quis laboriosam quis explicabo. Provident incidunt ad culpa dolorem.', '274.84', NULL, 193, 1, 0, NULL, NULL, '2025-11-29 16:21:49', '2025-11-29 16:21:49'),
(214, 18, 'Dicta distinctio laudantium', 'dicta-distinctio-laudantium-SAY75', 'MYFUBY9K', 'Totam officiis magnam ipsa labore dolores reprehenderit non et at dolores rerum.', 'Accusantium consequatur et hic eum explicabo quasi. Dolor et dignissimos nesciunt eligendi. Aut at perferendis nisi cumque consectetur. Voluptatem molestiae non consequatur rerum ea modi odio. Excepturi qui exercitationem sit et. Id qui et aut doloribus dolorem eum commodi.', '189.28', '230.18', 27, 1, 0, NULL, NULL, '2025-11-29 16:21:49', '2025-11-29 16:21:49'),
(215, 18, 'Beatae temporibus rerum', 'beatae-temporibus-rerum-pVZAF', 'BHUAMVYJ', 'Perspiciatis enim incidunt quia a cum ratione quidem est et quis tempore esse consequatur sint.', 'Rerum consequatur nam ratione recusandae ut nam qui. Vero quos aut porro fugit. Culpa quia adipisci corrupti architecto minus veniam. Perferendis ut asperiores voluptas sit.', '223.35', '237.77', 191, 1, 0, NULL, NULL, '2025-11-29 16:21:49', '2025-11-29 16:21:49'),
(216, 18, 'Et perferendis et', 'et-perferendis-et-gnUxY', 'LOIS1MZF', 'Voluptatem eos impedit temporibus assumenda labore qui modi harum.', 'Omnis neque voluptatem tempora sit. Magni corporis possimus expedita vero est sit et voluptates. Laboriosam repellat autem deserunt cumque nulla aut molestias. Maxime iure fugiat deserunt ipsam nostrum vero ipsam. Voluptatem voluptas necessitatibus quae delectus tenetur. Tempore magni nobis ullam et animi explicabo quia.', '91.00', NULL, 127, 1, 0, NULL, NULL, '2025-11-29 16:21:49', '2025-11-29 16:21:49'),
(217, 19, 'Corrupti corrupti provident', 'corrupti-corrupti-provident-mj2X7', 'IRWQQQC9', 'Ullam ea eius ducimus neque distinctio aut dolor laboriosam dolores id.', 'Quia dolor voluptatibus dolorem. Nam vel ut autem aspernatur excepturi. Cum sed ea dolorem qui reprehenderit praesentium reiciendis. Et illo officiis nesciunt distinctio veniam aperiam velit. Quidem sint ea in est consectetur harum corporis.', '281.07', '327.16', 70, 0, 0, NULL, NULL, '2025-11-29 16:30:48', '2025-11-29 16:30:48');
INSERT INTO `products` (`id`, `category_id`, `name`, `slug`, `sku`, `short_description`, `description`, `price`, `compare_at_price`, `stock`, `is_active`, `is_featured`, `meta_title`, `meta_description`, `created_at`, `updated_at`) VALUES
(218, 19, 'Deserunt nam maxime', 'deserunt-nam-maxime-drqR2', 'LE2L5MLM', 'Voluptatibus ad architecto nihil totam eum dolore aut nesciunt qui.', 'Aut vel enim commodi quas quisquam vero delectus. Velit vero hic sunt praesentium excepturi quod dolorem. Aut dolore cum voluptate eligendi minus et voluptatem. Laborum voluptatibus aliquam nobis harum porro consequatur nisi. Nihil consectetur et labore architecto facere voluptas.', '55.15', NULL, 25, 0, 0, NULL, NULL, '2025-11-29 16:30:48', '2025-11-29 16:30:48'),
(219, 19, 'Laudantium placeat ab', 'laudantium-placeat-ab-avJGr', 'PYVTAOJU', 'Dicta maiores reprehenderit odio nam dignissimos commodi veniam nobis officiis voluptates.', 'Est et eos et suscipit molestias molestiae praesentium. Iure natus omnis omnis adipisci voluptas. Et delectus sint quis temporibus quae ipsa quisquam dolorem. Consequatur incidunt ut tenetur ipsa. Repellendus vitae sed fugiat omnis ullam.', '208.06', NULL, 122, 0, 0, NULL, NULL, '2025-11-29 16:30:48', '2025-11-29 16:30:48'),
(220, 19, 'Accusamus est fuga', 'accusamus-est-fuga-2iLb2', '9CCOFOOW', 'Ea sed voluptas eum non nihil laudantium placeat.', 'Adipisci qui sed ab reiciendis pariatur laboriosam suscipit. Magnam explicabo et qui ipsum eaque officiis enim. Saepe nihil autem beatae quam officia officiis eveniet. Repellendus ut perferendis perferendis assumenda. Est dolores ut sed sint nam. Itaque possimus qui nesciunt nam est eligendi illum.', '86.45', NULL, 52, 0, 0, NULL, NULL, '2025-11-29 16:30:48', '2025-11-29 16:30:48'),
(221, 19, 'Aliquid possimus blanditiis', 'aliquid-possimus-blanditiis-7xkT8', 'UWIBU6KR', 'Exercitationem numquam et ipsum voluptatem occaecati odio ut et molestiae enim sit sit necessitatibus ut molestias.', 'Non dolores possimus quia ea eum adipisci. Tenetur id aspernatur similique tenetur delectus neque. Iusto dolor quasi provident nisi dolores. Aut non nihil voluptatum commodi. Aut in nemo in odio sed expedita illo.', '50.76', NULL, 183, 1, 1, NULL, NULL, '2025-11-29 16:30:48', '2025-11-29 16:30:48'),
(222, 19, 'Ducimus maxime velit', 'ducimus-maxime-velit-E6ZP9', 'JK7MZM9K', 'Ratione voluptas ipsum qui velit quo laborum quis corrupti nesciunt velit voluptas.', 'Corrupti nihil et veritatis eius. Qui non ipsum aut nihil nemo dolores. Quisquam corrupti ut maiores sint ipsum at corporis non. Illum fugit iste temporibus eum omnis officiis labore. Quis distinctio est dolorem ad autem.', '168.69', NULL, 114, 1, 1, NULL, NULL, '2025-11-29 16:30:48', '2025-11-29 16:30:48'),
(223, 19, 'Nobis dignissimos molestiae', 'nobis-dignissimos-molestiae-m2K9O', 'P7GME1SX', 'Ut amet explicabo distinctio eius nihil earum modi et amet id impedit.', 'Expedita dolorem aspernatur enim aperiam ut error et. Dolorum ea dolores tenetur asperiores dolorum est. Inventore non est expedita beatae deleniti in. Vel delectus pariatur nobis velit excepturi et reiciendis. Dolores distinctio quisquam neque magnam.', '158.88', NULL, 176, 1, 0, NULL, NULL, '2025-11-29 16:30:48', '2025-11-29 16:30:48'),
(224, 19, 'Vel deserunt ducimus', 'vel-deserunt-ducimus-sxQGO', '4MG6YNAO', 'Earum incidunt asperiores qui laudantium architecto libero quis amet eligendi ullam porro.', 'Et similique sequi ipsum laborum ratione odio quia. Unde hic corrupti tempore vero. Et ut excepturi alias voluptatem laboriosam. Nihil voluptatem rem numquam debitis rem voluptatem. Vero impedit laborum velit magnam non aspernatur.', '19.22', '31.76', 6, 1, 0, NULL, NULL, '2025-11-29 16:30:48', '2025-11-29 16:30:48'),
(225, 19, 'Fugit animi dolor', 'fugit-animi-dolor-gQ1pg', 'AVOLQCQX', 'Fugit deleniti laboriosam commodi debitis quam rerum praesentium et animi laborum necessitatibus tempore.', 'Voluptatum quod at aut molestias modi velit. Et officia amet vitae animi. Nihil in a possimus omnis distinctio omnis quia quaerat. Expedita est aut placeat veritatis velit. Maxime tenetur repellendus nihil.', '175.70', '194.53', 86, 1, 0, NULL, NULL, '2025-11-29 16:30:48', '2025-11-29 16:30:48'),
(226, 19, 'Repellat dolore quis', 'repellat-dolore-quis-q80SY', 'MT7FMMGG', 'Minima accusamus placeat aspernatur culpa vero similique quia minus ut qui et.', 'Dolore sunt ab eum ut dicta doloremque adipisci nesciunt. Sequi commodi similique recusandae. Est aperiam natus est debitis illum voluptas aliquid excepturi. Fugiat commodi accusantium fuga qui harum perferendis neque. Unde magnam fugiat aut rerum quae. Repellat iure non consequuntur aut dolores autem placeat.', '195.39', '233.77', 107, 1, 1, NULL, NULL, '2025-11-29 16:30:48', '2025-11-29 16:30:48'),
(227, 19, 'Sapiente rerum ducimus', 'sapiente-rerum-ducimus-8XhXC', 'LEHLMK0G', 'Consectetur dolor voluptatem eveniet voluptatem sequi a autem dicta quam.', 'Officia dolores ducimus repellat ducimus nesciunt. Aut officia perferendis et ipsum. Nihil illum quas qui aut nihil et.', '50.36', NULL, 69, 0, 0, NULL, NULL, '2025-11-29 16:30:48', '2025-11-29 16:30:48'),
(228, 19, 'Fuga odit in', 'fuga-odit-in-0EBez', 'ROBM9DUN', 'Voluptas nihil illum vel sed molestiae voluptatem qui corrupti consequatur est perferendis magnam sed commodi eligendi eveniet.', 'Assumenda est et minima dolores dolores quis culpa saepe. Iure natus ut officia. Dignissimos et unde numquam et. Est voluptas occaecati dolorum reprehenderit.', '214.75', NULL, 78, 1, 1, NULL, NULL, '2025-11-29 16:30:48', '2025-11-29 16:30:48'),
(229, 20, 'Voluptas sed sequi', 'voluptas-sed-sequi-za2ZI', 'B5NAMSOW', 'Vel repellendus impedit maiores aut pariatur expedita esse et laudantium voluptatem quaerat ab nesciunt.', 'Eum dolorem consequatur molestias corporis hic fuga. Ut aut enim officiis et. Non quia incidunt non sint facilis consectetur aperiam. Dignissimos eos qui quisquam blanditiis dolorem sed. Ut nostrum a natus ipsam.', '192.78', '206.29', 53, 1, 0, NULL, NULL, '2025-11-29 16:30:48', '2025-11-29 16:30:48'),
(230, 20, 'Et voluptatum vero', 'et-voluptatum-vero-taIlu', 'AVRQILZK', 'Numquam sed voluptatibus perspiciatis molestias minima voluptatum vero enim nihil.', 'Repellendus saepe fugiat eos earum earum est. Est ullam deserunt ut aut rem voluptatem minus. Rem iure maxime dolorum nihil. Velit velit architecto incidunt pariatur ut inventore. Ut perferendis possimus tempora.', '193.62', '200.96', 34, 1, 0, NULL, NULL, '2025-11-29 16:30:48', '2025-11-29 16:30:48'),
(231, 20, 'Sit voluptatem fugit', 'sit-voluptatem-fugit-2Tr6b', 'TVJ9NH7N', 'Occaecati exercitationem sed sit reprehenderit laboriosam recusandae qui itaque voluptas provident voluptatem nostrum qui ipsa totam consequatur.', 'Nihil quo at dolore culpa magni eaque omnis. Eos vel consequatur officiis. Mollitia velit et beatae repellat quo laborum mollitia. Necessitatibus delectus beatae et omnis. Ullam rerum id autem ut. Recusandae harum velit quos sint ut.', '256.26', '286.99', 170, 1, 0, NULL, NULL, '2025-11-29 16:30:48', '2025-11-29 16:30:48'),
(232, 20, 'At natus in', 'at-natus-in-nCnXg', 'AFP2TYBY', 'Quia sequi excepturi voluptatibus doloribus itaque non perspiciatis rerum.', 'Enim quo reprehenderit minus aut nihil. Ea quasi aperiam ut quod. Ullam autem laudantium molestias ea. Et voluptates eligendi optio accusamus deserunt.', '260.00', '271.33', 12, 1, 0, NULL, NULL, '2025-11-29 16:30:48', '2025-11-29 16:30:48'),
(233, 20, 'Ut quibusdam aut', 'ut-quibusdam-aut-qwQfF', 'OLPMFZFF', 'Voluptates omnis ipsa est et nemo qui iste soluta maxime.', 'Sapiente totam pariatur et laboriosam quo aliquid non sit. Et rerum illo voluptates mollitia est. Iure in maiores ipsam labore autem numquam deserunt debitis. Aliquid necessitatibus ad voluptas molestiae delectus ullam. Deleniti necessitatibus non voluptate reiciendis aliquam asperiores. Ipsa modi ad minima aspernatur.', '183.76', '203.79', 3, 1, 0, NULL, NULL, '2025-11-29 16:30:48', '2025-11-29 16:30:48'),
(234, 20, 'Consequuntur rerum tenetur', 'consequuntur-rerum-tenetur-ECmFm', 'OKZVDAEJ', 'Tempora corrupti quidem accusamus velit enim mollitia architecto ea ea quidem quam aperiam accusantium assumenda.', 'Quas dolor autem ex veniam est rerum sed vero. Non earum velit debitis aut provident. Rerum quaerat optio illum ut dolorem id culpa amet. Excepturi asperiores error ex tempore.', '296.74', NULL, 194, 1, 1, NULL, NULL, '2025-11-29 16:30:48', '2025-11-29 16:30:48'),
(235, 20, 'Voluptatem numquam ea', 'voluptatem-numquam-ea-jVW2l', 'UGMJQBTO', 'Animi vel labore voluptates enim molestias assumenda consequatur pariatur reprehenderit ut dolorem quia quo labore.', 'Porro dolorem vel nam dolor. Eum placeat fuga ullam. Inventore est ab illum doloremque.', '44.46', NULL, 44, 1, 0, NULL, NULL, '2025-11-29 16:30:48', '2025-11-29 16:30:48'),
(236, 20, 'Illo aut veritatis', 'illo-aut-veritatis-bkrSb', 'M95T8IRU', 'Ab quibusdam illo ipsum consequatur eveniet voluptatem non.', 'Consequatur eveniet ut magnam quos delectus deserunt corporis. Et ea corporis aspernatur sed voluptatibus. Ullam delectus voluptas tempore molestiae accusantium ad non. Dolores qui sint id enim rerum quas sequi.', '142.09', NULL, 126, 0, 0, NULL, NULL, '2025-11-29 16:30:49', '2025-11-29 16:30:49'),
(237, 20, 'Culpa quia quae', 'culpa-quia-quae-FLEa2', 'FHQ0NBJL', 'Similique delectus voluptas natus voluptate itaque blanditiis numquam praesentium occaecati temporibus hic.', 'Asperiores quas eligendi unde. Cum iure rerum facere unde et. Sed qui aut accusamus necessitatibus est et. Illum sed dolore explicabo. Iusto fugiat dolores et odit.', '87.21', '130.18', 76, 1, 0, NULL, NULL, '2025-11-29 16:30:49', '2025-11-29 16:30:49'),
(238, 20, 'Est vitae nostrum', 'est-vitae-nostrum-XZGpO', 'C2FKJDMN', 'Et libero voluptate qui assumenda quo sit ea voluptatem molestiae quia aut aliquam aperiam culpa praesentium accusantium.', 'Soluta doloremque eaque asperiores rerum. Nobis cum cumque debitis sunt rerum fugit. Voluptatem aperiam et eum molestiae. Fugiat illum aut quis libero. Labore quo placeat nihil at non a in.', '233.46', '275.27', 123, 1, 0, NULL, NULL, '2025-11-29 16:30:49', '2025-11-29 16:30:49'),
(239, 20, 'Corporis atque qui', 'corporis-atque-qui-ESKGw', 'C5YFTRO3', 'Repellat in consequatur nemo nihil at laudantium nesciunt fuga minus quia omnis modi aliquid.', 'Quia vel facere occaecati quae. Accusamus suscipit sunt nostrum voluptatibus facere. Quis minima aliquam pariatur quo et qui a. Adipisci et ea est maiores veritatis.', '29.43', NULL, 185, 1, 0, NULL, NULL, '2025-11-29 16:30:49', '2025-11-29 16:30:49'),
(240, 20, 'Ea fugit voluptas', 'ea-fugit-voluptas-HUlVB', 'H0VOIQEH', 'Earum quia eveniet nam laborum neque totam animi.', 'Porro et deserunt autem accusantium numquam. Aut nihil quo facilis blanditiis incidunt aliquam iure. Officiis et aut voluptatem cupiditate nihil. Autem eligendi voluptatem aspernatur aliquid. Vel corporis natus nam soluta quod.', '55.28', NULL, 76, 1, 0, NULL, NULL, '2025-11-29 16:30:49', '2025-11-29 16:30:49'),
(241, 21, 'Ut ad et', 'ut-ad-et-isrVF', 'NEXRLGGY', 'Voluptatem sint accusamus et tempora alias eligendi quas corporis alias ducimus pariatur.', 'Excepturi consectetur delectus modi doloribus debitis asperiores aut. Nihil nulla delectus et perspiciatis voluptatum incidunt repellat. Et cum id odit ex.', '142.50', NULL, 140, 1, 0, NULL, NULL, '2025-11-29 16:30:49', '2025-11-29 16:30:49'),
(242, 21, 'Nihil aut quam', 'nihil-aut-quam-LcSLJ', '5N77VTTQ', 'Qui consequatur placeat minima nisi accusantium quia ut nam quis.', 'Ducimus sit optio accusantium omnis unde rerum consectetur. Delectus odit voluptas at animi id maxime nulla. Sit et blanditiis eaque repellat laborum et non qui.', '163.16', NULL, 86, 1, 0, NULL, NULL, '2025-11-29 16:30:49', '2025-11-29 16:30:49'),
(243, 21, 'Vel quaerat quo', 'vel-quaerat-quo-ZUeqg', 'P8LBGRHB', 'Sint tempore quaerat non alias beatae aperiam asperiores velit nemo eveniet explicabo sunt molestiae commodi culpa.', 'Nam et deserunt fuga modi. Tenetur debitis odio esse consequatur sit. Dolorem aut laboriosam iste. Repudiandae eligendi in est rerum aut. Veritatis tempore quod aperiam quas in eligendi est.', '294.88', NULL, 172, 1, 1, NULL, NULL, '2025-11-29 16:30:49', '2025-11-29 16:30:49'),
(244, 21, 'Id aut voluptas', 'id-aut-voluptas-rsyez', '5UWQIISI', 'Similique vero eius omnis optio dolor et eligendi cumque et dolor quia eveniet.', 'Sapiente nihil error est dolor. Vel animi commodi corporis ad voluptatibus nam et. Et sequi quis eius nesciunt maxime assumenda. Deleniti qui praesentium aspernatur sed ut non. Harum velit qui quia id rerum. Magnam voluptas ut qui id est iste veniam.', '246.41', NULL, 49, 1, 1, NULL, NULL, '2025-11-29 16:30:49', '2025-11-29 16:30:49'),
(245, 21, 'Voluptatem ut aut', 'voluptatem-ut-aut-Jtlcf', 'ADZ2WJIU', 'Minima aut nemo vitae suscipit aut hic dolorem earum et saepe quasi qui.', 'Aut ex similique odit ea. Sed nisi quae maiores doloremque dignissimos at. Ut eveniet eaque sint quaerat quo sed. Esse odit libero quis est quisquam ut esse. Quo debitis ut assumenda autem in. Sed molestias officiis aliquid nisi vero fugiat corporis.', '72.38', '105.42', 51, 1, 0, NULL, NULL, '2025-11-29 16:30:49', '2025-11-29 16:30:49'),
(246, 21, 'Temporibus eaque rerum', 'temporibus-eaque-rerum-Jhqmx', 'EU8DRQEI', 'Praesentium dicta officiis asperiores non placeat ipsam commodi.', 'Itaque consequuntur nihil hic iusto unde a aut consequatur. Eligendi sint et temporibus. Possimus omnis ut repellendus impedit quae esse. Animi ab atque quas quasi quidem voluptatem.', '155.69', '169.09', 28, 1, 0, NULL, NULL, '2025-11-29 16:30:49', '2025-11-29 16:30:49'),
(247, 21, 'Vitae dolorem rerum', 'vitae-dolorem-rerum-ZgYt5', 'GC3YRL6Q', 'Vero quo tempora ut sequi voluptatem delectus et quia at culpa nisi voluptates ad saepe sed dolor.', 'Facere et est at dolore iure mollitia. Eaque rem et eius incidunt aspernatur amet. Pariatur rerum et in non ipsa distinctio sit. Aut corporis provident dolor ea reiciendis facilis.', '289.25', NULL, 82, 1, 0, NULL, NULL, '2025-11-29 16:30:49', '2025-11-29 16:30:49'),
(248, 21, 'Totam dolorum eum', 'totam-dolorum-eum-ObhJP', 'CJHNARFZ', 'A unde non consectetur modi vitae quae qui aut porro ut asperiores totam illo molestiae quidem sint.', 'Laborum quas voluptas reiciendis molestiae velit et. Necessitatibus est quibusdam dolorem tempora minima. Minus est a at ut voluptatibus ut architecto.', '299.48', NULL, 107, 1, 0, NULL, NULL, '2025-11-29 16:30:49', '2025-11-29 16:30:49'),
(249, 21, 'Et in doloremque', 'et-in-doloremque-kUCEu', 'M7MELGNS', 'Porro repellendus minus rerum quasi inventore natus esse repellendus eius dolorem qui.', 'Dolorum enim delectus possimus veniam ad mollitia. Quis nisi aperiam iusto vitae. Id corrupti rerum veniam dignissimos consequuntur ea voluptatem.', '211.50', '237.73', 170, 1, 0, NULL, NULL, '2025-11-29 16:30:49', '2025-11-29 16:30:49'),
(250, 21, 'Aut tempore eos', 'aut-tempore-eos-AHyK4', 'ZGEWTW6E', 'Repellat ut sint rerum exercitationem quia ducimus quis nulla ut corporis sed iste ducimus consectetur voluptatum minus.', 'Et fugit et ducimus quis quia et voluptatem. Iure deserunt similique consequuntur quidem est temporibus. Mollitia rerum nostrum corrupti facilis. Deserunt et mollitia aliquid consequatur deleniti quia exercitationem. Quaerat quidem iusto architecto earum voluptatem vel qui.', '216.65', '258.24', 144, 1, 0, NULL, NULL, '2025-11-29 16:30:49', '2025-11-29 16:30:49'),
(251, 21, 'Eligendi asperiores nam', 'eligendi-asperiores-nam-H2WhR', 'K8UNPJAF', 'Nemo aut numquam quis nulla magni corrupti reprehenderit dolorem voluptatum laudantium libero cupiditate.', 'Non perspiciatis earum quia perspiciatis cupiditate qui adipisci deleniti. Occaecati autem in minima aliquid sit cum sit. Iusto maiores nemo sunt ipsam. Officiis exercitationem id velit aut vero unde placeat. In accusantium minima dolorem qui.', '170.79', '215.32', 124, 1, 0, NULL, NULL, '2025-11-29 16:30:49', '2025-11-29 16:30:49'),
(252, 21, 'Dolorum voluptates suscipit', 'dolorum-voluptates-suscipit-kKLzk', 'DUB4IX2C', 'Aut aut nobis excepturi vel consequatur omnis minima corporis nam ex in quis consequatur quia earum.', 'Architecto temporibus inventore in voluptatem. Consequatur sint quis ea molestias. Corrupti ut molestiae qui distinctio deleniti numquam. At eius quas rem. Ratione laborum ab et ad. Id ipsum eius autem omnis porro illum rerum.', '18.95', NULL, 140, 1, 0, NULL, NULL, '2025-11-29 16:30:49', '2025-11-29 16:30:49'),
(253, 22, 'Qui fugit temporibus', 'qui-fugit-temporibus-HUcQy', 'ZEM0PDDZ', 'Non placeat sint iure voluptas nisi iusto asperiores error eum et nulla et laudantium odio temporibus voluptatem.', 'Officiis architecto omnis quisquam magnam vero placeat excepturi. Modi explicabo velit voluptatem quia. Dicta assumenda nulla et voluptatem. Voluptatum quae est molestiae ut. Necessitatibus aut est qui dolorum eaque minima tempore.', '287.85', NULL, 101, 1, 0, NULL, NULL, '2025-11-29 16:30:49', '2025-11-29 16:30:49'),
(254, 22, 'Voluptatum perspiciatis dolorem', 'voluptatum-perspiciatis-dolorem-onEK3', '5YYBSITD', 'Voluptatem quasi quia est officia in officia nostrum molestias est fuga velit vel dolorum.', 'Inventore nesciunt assumenda iure sed ipsa. Recusandae doloremque vitae magnam et quidem vel. Ratione voluptatem soluta sunt. Voluptatibus consequatur quia labore necessitatibus ab dicta. Consequatur qui ad maiores voluptas et id quam. Quis pariatur repellat fugit quia accusamus corrupti alias.', '145.79', '183.96', 82, 1, 0, NULL, NULL, '2025-11-29 16:30:49', '2025-11-29 16:30:49'),
(255, 22, 'Odit numquam sint', 'odit-numquam-sint-G3rX5', 'QT3CRQKV', 'Molestiae vitae laborum ipsam veniam voluptatem repellat nam impedit et quos.', 'Aut odit amet minima praesentium molestias. Exercitationem aliquam omnis molestiae consectetur iusto beatae iste. Magnam ratione esse autem qui quia delectus distinctio. Voluptates impedit qui sunt esse cum nihil quis. In ipsum reiciendis omnis et mollitia doloremque sint. Cumque odio rerum voluptatum ut sapiente laborum.', '229.41', NULL, 190, 1, 1, NULL, NULL, '2025-11-29 16:30:49', '2025-11-29 16:30:49'),
(256, 22, 'Alias corrupti dolor', 'alias-corrupti-dolor-UYfSL', '634XEYE1', 'Quod aut sit natus occaecati ut assumenda facere atque quo nesciunt aut neque.', 'A non aut magni saepe. Aut aut maiores cumque quia dignissimos excepturi ut. Fugit vero commodi quo ut sit temporibus numquam. Modi et debitis sunt est. Et accusamus rerum enim quibusdam dignissimos. Quis placeat dolorem et sunt maiores.', '223.19', '251.22', 144, 1, 0, NULL, NULL, '2025-11-29 16:30:49', '2025-11-29 16:30:49'),
(257, 22, 'Itaque voluptatem et', 'itaque-voluptatem-et-1YU6Z', 'WKPJVYYD', 'Praesentium aut et dolores voluptatem et recusandae vel explicabo qui cum cumque.', 'Aut aut qui ipsam dolorem sapiente dignissimos sit. Iusto sed nam pariatur nihil ea ipsa reprehenderit. Nihil et aut ut dolor ab nulla quo esse. Nam vitae magnam ea nemo soluta vel vel itaque. Est occaecati qui et ut possimus vel sequi. Molestiae hic qui molestiae non sapiente.', '56.73', NULL, 18, 1, 0, NULL, NULL, '2025-11-29 16:30:49', '2025-11-29 16:30:49'),
(258, 22, 'Architecto cum temporibus', 'architecto-cum-temporibus-95I5v', 'GT70GSF8', 'Non aspernatur tempora unde est eos voluptatem non est laborum debitis corrupti sit et voluptates perferendis est.', 'Alias architecto quaerat sapiente maxime amet quidem. Nam ratione autem vel incidunt ab ut sit. A et sunt ipsum dolorem qui nemo eos ducimus. Dolores quia sit aliquam provident porro recusandae.', '289.40', NULL, 179, 1, 0, NULL, NULL, '2025-11-29 16:30:49', '2025-11-29 16:30:49'),
(259, 22, 'Magnam qui molestiae', 'magnam-qui-molestiae-536Om', 'FGEUIAAN', 'Vitae tempore voluptas consequatur quisquam qui omnis tempora reprehenderit distinctio voluptas amet esse illum.', 'Veniam ipsum dolorum voluptatibus esse voluptatem ab. Molestiae molestiae quis autem perspiciatis alias animi. Expedita aut recusandae voluptatem consequuntur vel pariatur. Quis et reprehenderit et ab quam et aut enim. Architecto commodi laudantium vitae in.', '129.85', NULL, 104, 1, 0, NULL, NULL, '2025-11-29 16:30:49', '2025-11-29 16:30:49'),
(260, 22, 'Necessitatibus quisquam et', 'necessitatibus-quisquam-et-7su9o', 'Q1NIESN3', 'Quis odit aliquam distinctio possimus eum nobis consequatur illo ut minima deleniti officiis.', 'Et fuga quod in doloribus et. Veniam dolorum ab delectus molestiae suscipit. Illum ea provident distinctio eligendi facilis. Et ut sit est sunt. Doloribus nihil consequatur voluptatem perspiciatis aut aspernatur adipisci. Sint eveniet rem saepe quaerat reprehenderit ipsam quos.', '50.37', NULL, 168, 1, 0, NULL, NULL, '2025-11-29 16:30:49', '2025-11-29 16:30:49'),
(261, 22, 'Incidunt ipsum sequi', 'incidunt-ipsum-sequi-6vUmy', 'IK9LKAJK', 'Consequatur natus a sed ex omnis itaque est officiis voluptas.', 'Officia et sit minima voluptatibus. Commodi id et velit suscipit qui ea ipsum. Atque sint in expedita fugit. Nisi ducimus aut eveniet reiciendis in placeat. In ducimus dolorem quia ab numquam. Quo possimus voluptas aut eos qui non.', '197.49', NULL, 125, 1, 0, NULL, NULL, '2025-11-29 16:30:49', '2025-11-29 16:30:49'),
(262, 22, 'Aspernatur quidem in', 'aspernatur-quidem-in-3EXvm', 'DHWJ4KR2', 'Dolorem sed sunt consequatur deleniti minus sequi ipsam aut voluptas et.', 'Beatae unde iure assumenda quibusdam aut. Neque sequi aut officia. Qui pariatur sequi necessitatibus quisquam reprehenderit. Minima dolores quae qui modi magni accusamus. Illo dolor rerum dicta qui. Alias sint debitis animi mollitia aperiam et repellendus.', '129.79', '171.32', 122, 1, 0, NULL, NULL, '2025-11-29 16:30:49', '2025-11-29 16:30:49'),
(263, 22, 'Explicabo quos et', 'explicabo-quos-et-UsGU8', '4YCWQMV4', 'Accusamus ut et aperiam possimus corporis reprehenderit id.', 'Quia fugit aliquid repellendus odit consequatur. Est cupiditate corrupti corporis omnis occaecati dolore possimus. Atque ab autem vero eligendi ut id. Et cupiditate et qui occaecati iste.', '180.39', '218.00', 185, 1, 0, NULL, NULL, '2025-11-29 16:30:49', '2025-11-29 16:30:49'),
(264, 22, 'Et eum qui', 'et-eum-qui-n4YIQ', 'PBONIAOE', 'Laudantium qui aut temporibus illo commodi exercitationem aliquid non dolorem sunt.', 'Impedit autem quis quibusdam consequatur et. Earum ipsam quis a quia temporibus ut facere. Quae omnis ducimus et accusamus id. Qui voluptatibus repellendus perferendis libero qui quasi id. Praesentium soluta et quis in modi et. Sunt explicabo temporibus deserunt.', '180.57', NULL, 130, 1, 1, NULL, NULL, '2025-11-29 16:30:49', '2025-11-29 16:30:49'),
(265, 23, 'Sit eum ut', 'sit-eum-ut-vWD7d', 'GBLW6U3J', 'Ut rerum quia est sed commodi voluptas voluptas veniam in odit ab.', 'Expedita ex distinctio provident non. Optio occaecati esse vitae debitis. Non eaque quo nobis ad in ipsam. Quia voluptas nisi ut deleniti temporibus. Est tenetur qui est voluptas maiores.', '265.18', '291.31', 28, 1, 0, NULL, NULL, '2025-11-29 16:30:49', '2025-11-29 16:30:49'),
(266, 23, 'Qui voluptate numquam', 'qui-voluptate-numquam-nyRtt', 'TBFXP8DL', 'Distinctio molestias fuga tenetur similique omnis maiores officiis et rerum culpa sint ut numquam qui eum.', 'Placeat tempora ducimus expedita dolores beatae. Est et necessitatibus error consequuntur qui dolorum. Et fuga facere est et sunt. Qui voluptatem qui omnis in. Libero possimus a sit repudiandae itaque corporis quia. Ipsum adipisci vel a non debitis quis quia similique.', '279.96', '289.04', 94, 1, 0, NULL, NULL, '2025-11-29 16:30:49', '2025-11-29 16:30:49'),
(267, 23, 'Dolore totam doloremque', 'dolore-totam-doloremque-KI67q', 'E3V3FVOR', 'Provident labore similique tenetur itaque perferendis sed illo sint non pariatur ut non accusamus cumque praesentium.', 'Harum corporis harum omnis enim autem recusandae eaque. Laudantium et at nulla natus et. Nobis tempora a esse.', '57.41', '67.74', 59, 0, 1, NULL, NULL, '2025-11-29 16:30:49', '2025-11-29 16:30:49'),
(268, 23, 'Quod amet autem', 'quod-amet-autem-2A3fN', 'JYJWRRPY', 'Occaecati dolore reiciendis sint totam et earum ea est nobis ducimus dolor nesciunt voluptatem numquam.', 'Quo suscipit laborum quas alias voluptatem voluptatem labore. Ducimus ut consequatur qui consequuntur provident illum odio. Quia neque illum et adipisci. Sequi et necessitatibus itaque ut odio.', '137.62', NULL, 15, 1, 0, NULL, NULL, '2025-11-29 16:30:49', '2025-11-29 16:30:49'),
(269, 23, 'Dicta et autem', 'dicta-et-autem-1xwmW', 'W3YYILLK', 'Possimus laborum ipsam labore quis nihil quia aperiam repudiandae culpa illum qui amet vel vitae nihil.', 'Quasi voluptates aut vero pariatur quidem. Libero cupiditate vitae nemo incidunt expedita. Quaerat perspiciatis nemo occaecati et nulla ab dolor consectetur.', '22.36', NULL, 46, 1, 1, NULL, NULL, '2025-11-29 16:30:49', '2025-11-29 16:30:49'),
(270, 23, 'Dolores eos nisi', 'dolores-eos-nisi-YgVH7', '36CV6FOK', 'Aut esse ut natus est voluptas fugiat quo.', 'Sapiente ea quaerat aut ratione. Similique a quia maiores itaque fugiat adipisci ex. Possimus modi dignissimos dolore deserunt eum earum quae eos. Ex odit velit architecto culpa. Soluta illo cum perferendis officiis et delectus.', '14.11', NULL, 88, 1, 1, NULL, NULL, '2025-11-29 16:30:49', '2025-11-29 16:30:49'),
(271, 23, 'Et rerum molestias', 'et-rerum-molestias-IixEI', 'HSVYWMQL', 'Nihil illum occaecati est labore ullam aliquam delectus voluptatem aut.', 'Vero sunt porro amet quia vero est sed. Voluptatem placeat mollitia voluptates ex. Quasi aut fugit fugiat placeat dolorem enim.', '191.97', '238.40', 172, 1, 0, NULL, NULL, '2025-11-29 16:30:49', '2025-11-29 16:30:49'),
(272, 23, 'Reprehenderit minus natus', 'reprehenderit-minus-natus-VjQxQ', 'EFGUVTMN', 'Laborum ut magni voluptatibus quis esse est suscipit autem ratione omnis.', 'Omnis id esse consequuntur fugiat voluptas beatae. Perspiciatis est sed consequatur nihil quibusdam. Corporis sed repellat ut quo. Est distinctio minima assumenda aliquam quia doloremque hic aut. Et ipsa ex quis consequatur et earum ut. Corrupti velit architecto sunt dolor omnis qui est.', '60.92', '92.09', 25, 1, 0, NULL, NULL, '2025-11-29 16:30:49', '2025-11-29 16:30:49'),
(273, 23, 'Est alias ut', 'est-alias-ut-hinpI', 'DYQOPLPA', 'Laborum nihil quaerat suscipit quis id odit ut dolor.', 'Harum doloremque quidem hic odit. Eaque quas animi aliquam accusamus temporibus occaecati omnis eligendi. Ut est voluptates est eos atque eum provident. Voluptate dolorem repellat velit suscipit illum voluptas quos. Quibusdam culpa maxime nostrum illo sit.', '128.73', NULL, 125, 1, 1, NULL, NULL, '2025-11-29 16:30:49', '2025-11-29 16:30:49'),
(274, 23, 'Ea facere porro', 'ea-facere-porro-IEuCy', 'Y9ZDELFM', 'Tempora illum inventore blanditiis animi doloribus sint et accusantium sunt unde quos dolorem velit.', 'Esse natus officia dicta officiis aut similique ut. Quasi nisi aspernatur quia repellat. Dolorem adipisci soluta quia. Inventore commodi laboriosam aperiam ratione maxime est quos. Repudiandae sunt dolores voluptas. Dolores quia asperiores nesciunt et.', '271.66', NULL, 191, 1, 1, NULL, NULL, '2025-11-29 16:30:49', '2025-11-29 16:30:49'),
(275, 23, 'Non similique aut', 'non-similique-aut-Tste1', 'I8IOYFTM', 'Id asperiores officiis est pariatur quidem odit porro blanditiis ex sed aut cumque aut.', 'Provident corporis ut quia provident rerum fuga suscipit. At ad vel aperiam explicabo laudantium. Nemo omnis facilis ipsum recusandae error. Ut repellat non et autem.', '204.25', '235.02', 169, 1, 0, NULL, NULL, '2025-11-29 16:30:49', '2025-11-29 16:30:49'),
(276, 23, 'Voluptate amet placeat', 'voluptate-amet-placeat-kB1LV', '6RATZL4S', 'Dolores qui ut tempore occaecati voluptatem debitis deserunt molestias recusandae id molestiae laborum dolores voluptatem quisquam.', 'Dolores praesentium eum in rerum quo. Recusandae sit fugiat illum error magni sint maxime. Enim consequatur aliquam est optio.', '247.80', NULL, 0, 1, 0, NULL, NULL, '2025-11-29 16:30:49', '2025-11-29 16:30:49'),
(277, 24, 'Inventore neque natus', 'inventore-neque-natus-SF0Xr', 'EXQL7V06', 'Et voluptas consequuntur nostrum quia ea voluptates eius autem non animi cum veniam aperiam accusantium at.', 'In placeat sit pariatur sapiente magnam nisi impedit omnis. Animi ipsam quia fugit enim dolores sint repellendus. Nulla alias alias qui quia temporibus incidunt dolore cupiditate. Non et hic neque. Aut natus ab et.', '30.02', NULL, 179, 1, 0, NULL, NULL, '2025-11-29 16:30:50', '2025-11-29 16:30:50'),
(278, 24, 'Unde enim quae', 'unde-enim-quae-pgs91', '7RE4VX3R', 'Minima nesciunt vel sed incidunt eos quisquam ut aspernatur aut est omnis repellat sint eum quos.', 'Doloribus ut corporis officia. Molestiae a aliquid cupiditate ipsam quae. Perferendis reiciendis voluptatem itaque et.', '63.61', NULL, 116, 0, 0, NULL, NULL, '2025-11-29 16:30:50', '2025-11-29 16:30:50'),
(279, 24, 'Eligendi minus est', 'eligendi-minus-est-jbwEQ', 'SS5VR2GG', 'Quas voluptates fugit voluptas quia architecto et omnis quaerat dolor iure est aliquid expedita beatae ut nobis.', 'Placeat enim esse officia sed incidunt. Et voluptatem aliquam quo enim exercitationem. Aliquid cumque blanditiis voluptatem quisquam. Et inventore ut aut non consequuntur. Assumenda sapiente unde iste maiores dolorem aut.', '209.59', '223.73', 131, 0, 0, NULL, NULL, '2025-11-29 16:30:50', '2025-11-29 16:30:50'),
(280, 24, 'Ut eaque ea', 'ut-eaque-ea-zO4BX', 'JHH1NRUD', 'Ipsa ipsa consequatur assumenda aliquid in asperiores tenetur expedita autem distinctio.', 'Aut nihil id autem in consectetur. Consectetur molestiae aliquid ad placeat necessitatibus dolorem. Autem a omnis quod iste saepe nulla inventore quia. Voluptatem reiciendis nisi quae reprehenderit. Minima hic impedit voluptatem excepturi nostrum.', '61.03', '95.19', 34, 1, 0, NULL, NULL, '2025-11-29 16:30:50', '2025-11-29 16:30:50'),
(281, 24, 'Quam ut odit', 'quam-ut-odit-L0SG8', '4E0LLKFX', 'Exercitationem repellat commodi doloremque dolores eos quaerat est voluptatem soluta eligendi.', 'Enim earum distinctio rem id. Est doloribus molestias rerum iure id quis. Officia tenetur pariatur dicta et molestias ipsum aut. Illum dolores aperiam ut vero iste itaque. Quia unde illum aliquid et consectetur.', '90.59', '122.76', 89, 1, 0, NULL, NULL, '2025-11-29 16:30:50', '2025-11-29 16:30:50'),
(282, 24, 'Quia sed laudantium', 'quia-sed-laudantium-NoVFd', 'CZ0L3RD8', 'Aliquid asperiores quo earum repellat quaerat ut omnis est nulla dolor non dolore nisi voluptatibus.', 'Architecto est odit qui vel praesentium aliquid maiores natus. Voluptatem esse non ut iure aliquid. Non aliquam accusamus et consequatur. Aut aut aperiam alias consequatur magnam et. Voluptate sequi dolor occaecati nulla voluptatem.', '170.50', NULL, 55, 1, 0, NULL, NULL, '2025-11-29 16:30:50', '2025-11-29 16:30:50'),
(283, 24, 'Distinctio ut qui', 'distinctio-ut-qui-yMKaR', 'HQVI1EAM', 'Recusandae temporibus architecto eos doloremque veritatis ut dolores sapiente dolore error cupiditate aliquid nostrum et repellendus.', 'Soluta placeat minima sint quis. A quaerat deleniti ut dolor. Quo velit omnis nesciunt qui quia consequatur ab. Dolores aperiam consequuntur voluptas in qui natus. Eaque voluptatem et sed consequatur.', '131.88', NULL, 195, 1, 1, NULL, NULL, '2025-11-29 16:30:50', '2025-11-29 16:30:50'),
(284, 24, 'Assumenda nihil voluptates', 'assumenda-nihil-voluptates-GqMw9', 'XREG9OIB', 'Rerum dolore consequuntur sunt sequi est enim vel dicta odit ducimus cumque accusantium maxime ad molestiae.', 'Qui quisquam amet cupiditate. Earum nesciunt reiciendis placeat. Quasi et et quod alias esse ab sapiente. Quasi et mollitia ex sed.', '270.23', NULL, 111, 1, 0, NULL, NULL, '2025-11-29 16:30:50', '2025-11-29 16:30:50'),
(285, 24, 'Non quia possimus', 'non-quia-possimus-ugSWv', 'LJHR1H8N', 'Odit debitis eaque accusamus dolores odio eos porro suscipit atque explicabo amet optio ut.', 'Ut ab qui at amet optio dolorem. Assumenda asperiores architecto nisi omnis placeat necessitatibus laborum. Eveniet quaerat repudiandae id sit enim cupiditate tempore. Omnis sed voluptatem porro exercitationem. Sit necessitatibus iusto esse dignissimos. Repellendus magni tempore nemo qui.', '24.16', NULL, 115, 1, 0, NULL, NULL, '2025-11-29 16:30:50', '2025-11-29 16:30:50'),
(286, 24, 'Ad saepe doloremque', 'ad-saepe-doloremque-2BpBl', 'S3JYXMHX', 'Beatae labore eius quia animi maiores aspernatur impedit esse optio nisi ut ut sint.', 'Hic a quia consequatur quis minima. Eos eaque rerum laboriosam ullam id ut dignissimos hic. Velit quia labore assumenda qui dolores qui quidem. Aut quo eaque dolor amet. Nihil quae veritatis et dignissimos et eos.', '173.62', NULL, 89, 1, 0, NULL, NULL, '2025-11-29 16:30:50', '2025-11-29 16:30:50'),
(287, 24, 'Impedit omnis reiciendis', 'impedit-omnis-reiciendis-LbnNw', 'HJYAKFXK', 'Eveniet hic soluta natus veniam est itaque qui quia tempora excepturi amet eum.', 'Nihil voluptatem velit ipsum quia id qui maxime. Et nulla sint sit sint. Aut reprehenderit et debitis consequatur aut.', '260.29', NULL, 148, 1, 1, NULL, NULL, '2025-11-29 16:30:50', '2025-11-29 16:30:50'),
(288, 24, 'Nesciunt voluptate mollitia', 'nesciunt-voluptate-mollitia-rsqrF', 'FF7DRAQJ', 'Explicabo tenetur autem et quam et itaque veniam magni fuga qui sequi.', 'Voluptas illum ipsa consequatur voluptas enim ut. Distinctio voluptas id totam dicta laudantium. Nihil ut fugit nihil ut recusandae accusantium quaerat hic.', '38.00', NULL, 35, 1, 0, NULL, NULL, '2025-11-29 16:30:50', '2025-11-29 16:30:50');

-- --------------------------------------------------------

--
-- Table structure for table `product_images`
--

CREATE TABLE `product_images` (
  `id` bigint UNSIGNED NOT NULL,
  `product_id` bigint UNSIGNED NOT NULL,
  `path` varchar(255) COLLATE utf8mb4_unicode_ci NOT NULL,
  `position` int UNSIGNED NOT NULL DEFAULT '0',
  `is_primary` tinyint(1) NOT NULL DEFAULT '0',
  `created_at` timestamp NULL DEFAULT NULL,
  `updated_at` timestamp NULL DEFAULT NULL
) ENGINE=InnoDB DEFAULT CHARSET=utf8mb4 COLLATE=utf8mb4_unicode_ci;

--
-- Dumping data for table `product_images`
--

INSERT INTO `product_images` (`id`, `product_id`, `path`, `position`, `is_primary`, `created_at`, `updated_at`) VALUES
(1, 1, 'products/dca89ba3-ffa1-49dc-bb93-54963d0065df.jpg', 1, 1, '2025-11-07 13:50:48', '2025-11-07 13:50:48'),
(2, 1, 'products/da265949-9742-4d09-8766-bedf8df2b197.jpg', 1, 0, '2025-11-07 13:50:48', '2025-11-07 13:50:48'),
(3, 1, 'products/f7b0199b-f2ee-4e4c-b613-1026439e24a2.jpg', 2, 0, '2025-11-07 13:50:48', '2025-11-07 13:50:48'),
(4, 2, 'products/ee486d5e-dab3-4ac7-9871-c452736ff7b6.jpg', 1, 1, '2025-11-07 13:50:48', '2025-11-07 13:50:48'),
(5, 2, 'products/a9c1e832-a44b-4c58-961c-f95e6cb75e27.jpg', 1, 0, '2025-11-07 13:50:48', '2025-11-07 13:50:48'),
(6, 2, 'products/fbf4b620-7c01-42f7-8169-f2dae60f10e5.jpg', 2, 0, '2025-11-07 13:50:48', '2025-11-07 13:50:48'),
(7, 3, 'products/3a3c92d6-02c6-4cb8-a138-cebf3b49f3a4.jpg', 1, 1, '2025-11-07 13:50:48', '2025-11-07 13:50:48'),
(8, 3, 'products/d01637a3-1b5b-4d9f-8d85-27bd2742cf6f.jpg', 1, 0, '2025-11-07 13:50:48', '2025-11-07 13:50:48'),
(9, 3, 'products/b3d2412f-23e4-4a57-9ad1-8a925c44c5a9.jpg', 2, 0, '2025-11-07 13:50:48', '2025-11-07 13:50:48'),
(10, 4, 'products/efb873de-313f-41e5-8159-6db59777ca05.jpg', 1, 1, '2025-11-07 13:50:48', '2025-11-07 13:50:48'),
(11, 4, 'products/b2ab17bd-a6f4-4e06-b376-975bf9123628.jpg', 1, 0, '2025-11-07 13:50:48', '2025-11-07 13:50:48'),
(12, 4, 'products/e16da874-daef-46d0-a00b-0e3c9963c81e.jpg', 2, 0, '2025-11-07 13:50:48', '2025-11-07 13:50:48'),
(13, 5, 'products/76d52d58-3288-46fb-8262-13d4bdd0e0d7.jpg', 1, 1, '2025-11-07 13:50:48', '2025-11-07 13:50:49'),
(14, 5, 'products/bdefe285-b9d4-4041-b397-11c79ca85e07.jpg', 1, 0, '2025-11-07 13:50:49', '2025-11-07 13:50:49'),
(15, 5, 'products/fd73dc52-1c39-4237-868b-c7fdd410aba5.jpg', 2, 0, '2025-11-07 13:50:49', '2025-11-07 13:50:49'),
(16, 6, 'products/6675662f-b7c2-47bc-8b1b-756f9ac99835.jpg', 1, 1, '2025-11-07 13:50:49', '2025-11-07 13:50:49'),
(17, 6, 'products/1dbadd36-c4f0-4b4e-b089-22aa290038f1.jpg', 1, 0, '2025-11-07 13:50:49', '2025-11-07 13:50:49'),
(18, 6, 'products/3cf3a7de-ce22-41dd-932c-b4f12f66c0b0.jpg', 2, 0, '2025-11-07 13:50:49', '2025-11-07 13:50:49'),
(19, 7, 'products/1d9fd367-fc28-4357-9cbd-a64fc8ce5dde.jpg', 1, 1, '2025-11-07 13:50:49', '2025-11-07 13:50:49'),
(20, 7, 'products/68193e3e-e476-4269-aae6-1fc5881a1bb0.jpg', 1, 0, '2025-11-07 13:50:49', '2025-11-07 13:50:49'),
(21, 7, 'products/19cc1055-4412-4605-a681-7019d153ca91.jpg', 2, 0, '2025-11-07 13:50:49', '2025-11-07 13:50:49'),
(22, 8, 'products/975c02ca-23cb-4e97-b517-ce73e41901b4.jpg', 1, 1, '2025-11-07 13:50:49', '2025-11-07 13:50:49'),
(23, 8, 'products/e17a3f52-757e-4d7c-ade3-388921cd71bc.jpg', 1, 0, '2025-11-07 13:50:49', '2025-11-07 13:50:49'),
(24, 8, 'products/df403738-0a81-4f47-a8b1-dcf0c8b20528.jpg', 2, 0, '2025-11-07 13:50:49', '2025-11-07 13:50:49'),
(25, 9, 'products/a01419b8-f0f2-40dd-9f0b-d8d2c11da2eb.jpg', 1, 1, '2025-11-07 13:50:49', '2025-11-07 13:50:49'),
(26, 9, 'products/7b9f3b51-9d21-4149-af2c-eb1fc162c24a.jpg', 1, 0, '2025-11-07 13:50:49', '2025-11-07 13:50:49'),
(27, 9, 'products/b74accf4-1ef0-4b59-833d-661169b88a51.jpg', 2, 0, '2025-11-07 13:50:49', '2025-11-07 13:50:49'),
(28, 10, 'products/2f02ccaa-b038-47b1-80e4-1252ab879e9a.jpg', 1, 1, '2025-11-07 13:50:49', '2025-11-07 13:50:49'),
(29, 10, 'products/51c2a5d8-10c9-4326-9deb-22ed4cdf1ede.jpg', 1, 0, '2025-11-07 13:50:49', '2025-11-07 13:50:49'),
(30, 10, 'products/e39686a4-7ec1-4201-a56c-738d948adfae.jpg', 2, 0, '2025-11-07 13:50:49', '2025-11-07 13:50:49'),
(31, 11, 'products/9498fddf-cd9d-48d2-b9ad-710b346393fd.jpg', 1, 1, '2025-11-07 13:50:49', '2025-11-07 13:50:49'),
(32, 11, 'products/9069aedf-246b-4bb9-bf02-57730d8a3a95.jpg', 1, 0, '2025-11-07 13:50:49', '2025-11-07 13:50:49'),
(33, 11, 'products/4f007cd8-ff51-4cab-a2fb-1eb13661055b.jpg', 2, 0, '2025-11-07 13:50:49', '2025-11-07 13:50:49'),
(34, 12, 'products/2109261e-d518-40e9-9b53-82787514aea6.jpg', 1, 1, '2025-11-07 13:50:49', '2025-11-07 13:50:49'),
(35, 12, 'products/b316cb5d-3786-42ae-b23b-d91db48cd327.jpg', 1, 0, '2025-11-07 13:50:49', '2025-11-07 13:50:49'),
(36, 12, 'products/d88e11e8-7e4f-4dd6-bfa0-e7e4ecf9f746.jpg', 2, 0, '2025-11-07 13:50:49', '2025-11-07 13:50:49'),
(37, 13, 'products/59774b20-eefb-4826-8507-742dd1f0b6ee.jpg', 1, 1, '2025-11-07 13:50:49', '2025-11-07 13:50:49'),
(38, 13, 'products/a37173a1-08f7-4942-91a8-8481ec747890.jpg', 1, 0, '2025-11-07 13:50:49', '2025-11-07 13:50:49'),
(39, 13, 'products/ac8817ce-be2d-4552-ac23-1102c8320d0c.jpg', 2, 0, '2025-11-07 13:50:49', '2025-11-07 13:50:49'),
(40, 14, 'products/5a580602-190c-4cbc-aa91-49b728254258.jpg', 1, 1, '2025-11-07 13:50:49', '2025-11-07 13:50:49'),
(41, 14, 'products/1035d714-5f52-4c99-83fe-11f735cea335.jpg', 1, 0, '2025-11-07 13:50:49', '2025-11-07 13:50:49'),
(42, 14, 'products/39a9038e-263a-44e7-9bb1-c0bfcc7902f3.jpg', 2, 0, '2025-11-07 13:50:49', '2025-11-07 13:50:49'),
(43, 15, 'products/6364ae3c-c460-42a8-9d15-d73717a0f49c.jpg', 1, 1, '2025-11-07 13:50:49', '2025-11-07 13:50:49'),
(44, 15, 'products/1c29d1a4-3669-4a7f-a972-da8a5ba17bcc.jpg', 1, 0, '2025-11-07 13:50:49', '2025-11-07 13:50:49'),
(45, 15, 'products/b7592e37-d9ce-4a3b-82af-63be45ae43f4.jpg', 2, 0, '2025-11-07 13:50:49', '2025-11-07 13:50:49'),
(46, 16, 'products/b6563b25-2dae-415c-96b4-3dfefffe2468.jpg', 1, 1, '2025-11-07 13:50:49', '2025-11-07 13:50:49'),
(47, 16, 'products/c6d8906b-9e51-469e-bf4f-e35761dd7457.jpg', 1, 0, '2025-11-07 13:50:49', '2025-11-07 13:50:49'),
(48, 16, 'products/166abd52-e5a6-4ce4-b400-deb3c9007f18.jpg', 2, 0, '2025-11-07 13:50:49', '2025-11-07 13:50:49'),
(49, 17, 'products/761275f7-6ea4-42de-aa8c-39e18bc6edf3.jpg', 1, 1, '2025-11-07 13:50:49', '2025-11-07 13:50:49'),
(50, 17, 'products/629ae35d-c1fd-489e-bd14-8dbfd937e2bb.jpg', 1, 0, '2025-11-07 13:50:49', '2025-11-07 13:50:49'),
(51, 17, 'products/a4129b11-95b2-4c2d-859d-14d8b7d8cbb5.jpg', 2, 0, '2025-11-07 13:50:49', '2025-11-07 13:50:49'),
(52, 18, 'products/faea0180-d63a-413f-babe-3bd803ff43aa.jpg', 1, 1, '2025-11-07 13:50:49', '2025-11-07 13:50:49'),
(53, 18, 'products/fe41f640-a549-4d7c-9622-a8474710fcca.jpg', 1, 0, '2025-11-07 13:50:49', '2025-11-07 13:50:49'),
(54, 18, 'products/e28c8b9d-a887-440d-80ee-ebfdc236d026.jpg', 2, 0, '2025-11-07 13:50:49', '2025-11-07 13:50:49'),
(55, 19, 'products/29373ebc-c108-4f6f-8ced-5d62e824bfc2.jpg', 1, 1, '2025-11-07 13:50:49', '2025-11-07 13:50:49'),
(56, 19, 'products/ff82f18f-95a6-47c5-80ba-15845e2bfcd6.jpg', 1, 0, '2025-11-07 13:50:49', '2025-11-07 13:50:49'),
(57, 19, 'products/cf6edbdb-aba9-4199-a8a9-800a7c27dcd9.jpg', 2, 0, '2025-11-07 13:50:49', '2025-11-07 13:50:49'),
(58, 20, 'products/a2f8d13b-2cd3-4c7d-8876-8e6094f06c32.jpg', 1, 1, '2025-11-07 13:50:49', '2025-11-07 13:50:49'),
(59, 20, 'products/fd6d7b7d-d355-48db-8f12-e5650707e6af.jpg', 1, 0, '2025-11-07 13:50:49', '2025-11-07 13:50:49'),
(60, 20, 'products/1068cd85-c0b1-4ff3-904b-ffda5788cc0c.jpg', 2, 0, '2025-11-07 13:50:49', '2025-11-07 13:50:49'),
(61, 21, 'products/12c3adf6-7162-4dbb-90b0-8d114776f6bf.jpg', 1, 1, '2025-11-07 13:50:49', '2025-11-07 13:50:49'),
(62, 21, 'products/3e7191d4-efa6-4d78-9256-f2afc02f3400.jpg', 1, 0, '2025-11-07 13:50:49', '2025-11-07 13:50:49'),
(63, 21, 'products/fe36a2fd-235d-49ac-9786-3040cb9a9579.jpg', 2, 0, '2025-11-07 13:50:49', '2025-11-07 13:50:49'),
(64, 22, 'products/23e64cff-400a-4818-9d53-adc7424c92ef.jpg', 1, 1, '2025-11-07 13:50:49', '2025-11-07 13:50:49'),
(65, 22, 'products/aa86080b-b8fd-4a7f-bd06-e4588c8621c3.jpg', 1, 0, '2025-11-07 13:50:49', '2025-11-07 13:50:49'),
(66, 22, 'products/ad214df5-83ae-467f-8e11-2880f6c4171b.jpg', 2, 0, '2025-11-07 13:50:49', '2025-11-07 13:50:49'),
(67, 23, 'products/42155b3a-5194-408d-9552-f4a2f0b32dd0.jpg', 1, 1, '2025-11-07 13:50:49', '2025-11-07 13:50:49'),
(68, 23, 'products/b579e801-7ec3-4666-b537-7c2ced507cfa.jpg', 1, 0, '2025-11-07 13:50:49', '2025-11-07 13:50:49'),
(69, 23, 'products/e3357930-b281-4d6d-9b10-0bc773c18b80.jpg', 2, 0, '2025-11-07 13:50:49', '2025-11-07 13:50:49'),
(70, 24, 'products/82b1e72e-c3d3-4531-9ecc-82ae8f6f5c2e.jpg', 1, 1, '2025-11-07 13:50:49', '2025-11-07 13:50:49'),
(71, 24, 'products/060f7735-db5c-4bf8-aa10-3f6f960a4789.jpg', 1, 0, '2025-11-07 13:50:49', '2025-11-07 13:50:49'),
(72, 24, 'products/d21c074b-9fb4-4f8a-98e4-0e754c5f0a42.jpg', 2, 0, '2025-11-07 13:50:49', '2025-11-07 13:50:49'),
(73, 25, 'products/086aace1-28a4-490e-a71b-ec5adf9e2016.jpg', 1, 1, '2025-11-07 13:50:49', '2025-11-07 13:50:49'),
(74, 25, 'products/05c66633-23b1-4539-9bef-abc6ddb815e4.jpg', 1, 0, '2025-11-07 13:50:49', '2025-11-07 13:50:49'),
(75, 25, 'products/0114a641-19f7-4a8f-8b1b-d4802db8e999.jpg', 2, 0, '2025-11-07 13:50:49', '2025-11-07 13:50:49'),
(76, 26, 'products/8f019c42-1b35-401c-84d5-180592b0286a.jpg', 1, 1, '2025-11-07 13:50:49', '2025-11-07 13:50:49'),
(77, 26, 'products/d820e7a1-8c06-4415-a039-286e28a18a83.jpg', 1, 0, '2025-11-07 13:50:49', '2025-11-07 13:50:49'),
(78, 26, 'products/8c809834-6632-4e01-8f8a-62e11d5521be.jpg', 2, 0, '2025-11-07 13:50:49', '2025-11-07 13:50:49'),
(79, 27, 'products/2cce05c9-2eef-4df4-87de-b26395cc3fb0.jpg', 1, 1, '2025-11-07 13:50:49', '2025-11-07 13:50:49'),
(80, 27, 'products/aecdb6a4-676f-43a4-ba98-197b62458146.jpg', 1, 0, '2025-11-07 13:50:49', '2025-11-07 13:50:49'),
(81, 27, 'products/ff4ac6fc-7037-45b2-a244-245ee6354dfd.jpg', 2, 0, '2025-11-07 13:50:49', '2025-11-07 13:50:49'),
(82, 28, 'products/7255dc5b-3748-426f-8a7a-ed43634b3f18.jpg', 1, 1, '2025-11-07 13:50:49', '2025-11-07 13:50:49'),
(83, 28, 'products/35c1c4f6-5be5-4f5e-ba8c-4ec22cf0eeb4.jpg', 1, 0, '2025-11-07 13:50:49', '2025-11-07 13:50:49'),
(84, 28, 'products/1026aa9c-3887-4b42-b630-12bda8fe8665.jpg', 2, 0, '2025-11-07 13:50:49', '2025-11-07 13:50:49'),
(85, 29, 'products/193393e4-218b-4466-b6c9-d690eccbf4ff.jpg', 1, 1, '2025-11-07 13:50:49', '2025-11-07 13:50:49'),
(86, 29, 'products/642f2622-a59f-41d7-97dd-20e515791d60.jpg', 1, 0, '2025-11-07 13:50:49', '2025-11-07 13:50:49'),
(87, 29, 'products/e42a358c-27ca-42b4-8ad3-e8649d9242fe.jpg', 2, 0, '2025-11-07 13:50:49', '2025-11-07 13:50:49'),
(88, 30, 'products/6144f10f-7ffb-4c54-b48a-51cb8e96e35b.jpg', 1, 1, '2025-11-07 13:50:49', '2025-11-07 13:50:49'),
(89, 30, 'products/0bf13187-7b9e-402e-b366-0e27e5e08daf.jpg', 1, 0, '2025-11-07 13:50:49', '2025-11-07 13:50:49'),
(90, 30, 'products/75fb10ac-d4b7-45aa-9b2b-13d7bb96564b.jpg', 2, 0, '2025-11-07 13:50:49', '2025-11-07 13:50:49'),
(91, 31, 'products/2aa8b506-8d56-4887-aed1-fe17ae38c0ac.jpg', 1, 1, '2025-11-07 13:50:49', '2025-11-07 13:50:49'),
(92, 31, 'products/79118240-d3c0-41f4-bbff-6eb586c5fe79.jpg', 1, 0, '2025-11-07 13:50:49', '2025-11-07 13:50:49'),
(93, 31, 'products/bb51f3c6-bf96-48ba-b0f9-3024936e841f.jpg', 2, 0, '2025-11-07 13:50:49', '2025-11-07 13:50:49'),
(94, 32, 'products/c68ecb4e-de72-4000-9ffd-b86c8089ef73.jpg', 1, 1, '2025-11-07 13:50:49', '2025-11-07 13:50:49'),
(95, 32, 'products/c620aa54-4e32-47c1-bac8-8515bb7d8c7c.jpg', 1, 0, '2025-11-07 13:50:49', '2025-11-07 13:50:49'),
(96, 32, 'products/5b4fc2a4-68fe-4cb3-8eab-90bedd88cf9e.jpg', 2, 0, '2025-11-07 13:50:49', '2025-11-07 13:50:49'),
(97, 33, 'products/ddad3a35-d110-44fb-ad48-f66981bb130b.jpg', 1, 1, '2025-11-07 13:50:49', '2025-11-07 13:50:49'),
(98, 33, 'products/8daa1919-1b77-4e34-9c79-6b9c3c9adccc.jpg', 1, 0, '2025-11-07 13:50:49', '2025-11-07 13:50:49'),
(99, 33, 'products/6c719c41-2b58-46d0-8f65-468c4cf8ca95.jpg', 2, 0, '2025-11-07 13:50:49', '2025-11-07 13:50:49'),
(100, 34, 'products/c855fb9f-f93b-4fd5-90f8-38f59b8ea2e5.jpg', 1, 1, '2025-11-07 13:50:49', '2025-11-07 13:50:49'),
(101, 34, 'products/f832f0f4-eba8-44a9-9177-06b3dc84bcde.jpg', 1, 0, '2025-11-07 13:50:49', '2025-11-07 13:50:49'),
(102, 34, 'products/267fde26-f575-4e3e-a901-e09d5deca154.jpg', 2, 0, '2025-11-07 13:50:49', '2025-11-07 13:50:49'),
(103, 35, 'products/1231c94e-8367-4f4e-aae4-41db73e0c210.jpg', 1, 1, '2025-11-07 13:50:49', '2025-11-07 13:50:49'),
(104, 35, 'products/9e4edf2d-125a-4d73-8076-8aaf09cd00d7.jpg', 1, 0, '2025-11-07 13:50:49', '2025-11-07 13:50:49'),
(105, 35, 'products/5325789d-c574-4e3f-aa49-4708a0e781de.jpg', 2, 0, '2025-11-07 13:50:49', '2025-11-07 13:50:49'),
(106, 36, 'products/4e4690de-f984-4169-b6aa-8b7167b39a3e.jpg', 1, 1, '2025-11-07 13:50:49', '2025-11-07 13:50:49'),
(107, 36, 'products/ddf18f87-f717-4e40-9253-f0a2b13e013c.jpg', 1, 0, '2025-11-07 13:50:49', '2025-11-07 13:50:49'),
(108, 36, 'products/009d35e8-6622-4f74-82c5-6380a1e7b12c.jpg', 2, 0, '2025-11-07 13:50:49', '2025-11-07 13:50:49'),
(109, 37, 'products/624abaff-c10e-410d-aed4-5315a4fb5826.jpg', 1, 1, '2025-11-07 13:50:49', '2025-11-07 13:50:49'),
(110, 37, 'products/d0f989b9-89e7-427b-9d4c-ba86eb5897fc.jpg', 1, 0, '2025-11-07 13:50:49', '2025-11-07 13:50:49'),
(111, 37, 'products/4d83bc9e-0ff5-4339-a41b-e212de8f4ac5.jpg', 2, 0, '2025-11-07 13:50:49', '2025-11-07 13:50:49'),
(112, 38, 'products/2916dec9-ce9f-4721-b29e-407879ba17d5.jpg', 1, 1, '2025-11-07 13:50:49', '2025-11-07 13:50:49'),
(113, 38, 'products/aa89407c-bece-4868-b310-606844bb7fd1.jpg', 1, 0, '2025-11-07 13:50:49', '2025-11-07 13:50:49'),
(114, 38, 'products/9a3b888a-e66c-4091-86dc-99ea71a64b13.jpg', 2, 0, '2025-11-07 13:50:49', '2025-11-07 13:50:49'),
(115, 39, 'products/13d544e0-9739-4029-b6b6-4e2ad0cb608e.jpg', 1, 1, '2025-11-07 13:50:49', '2025-11-07 13:50:49'),
(116, 39, 'products/83d68e5d-0a70-47da-804a-2ac3a588c59e.jpg', 1, 0, '2025-11-07 13:50:49', '2025-11-07 13:50:49'),
(117, 39, 'products/93b87a2f-6ce8-42d9-a8a1-a00a498316e2.jpg', 2, 0, '2025-11-07 13:50:49', '2025-11-07 13:50:49'),
(118, 40, 'products/16516d29-e014-4098-8808-15a490aa6819.jpg', 1, 1, '2025-11-07 13:50:49', '2025-11-07 13:50:49'),
(119, 40, 'products/3178901d-d537-4a8c-8126-9b23bd421f19.jpg', 1, 0, '2025-11-07 13:50:49', '2025-11-07 13:50:49'),
(120, 40, 'products/bafea027-3bd8-4387-bc21-ba68f4eac28a.jpg', 2, 0, '2025-11-07 13:50:49', '2025-11-07 13:50:49'),
(121, 41, 'products/b3e864e9-06e2-4dc1-81f8-54ed6a466574.jpg', 1, 1, '2025-11-07 13:50:49', '2025-11-07 13:50:49'),
(122, 41, 'products/e8daf20b-a811-4125-9212-296b9a5cd8c4.jpg', 1, 0, '2025-11-07 13:50:49', '2025-11-07 13:50:49'),
(123, 41, 'products/abcda645-ab13-48b5-8087-9995690e99c7.jpg', 2, 0, '2025-11-07 13:50:49', '2025-11-07 13:50:49'),
(124, 42, 'products/f5b885bc-ed3a-492d-aa20-fa8eeeaf1c60.jpg', 1, 1, '2025-11-07 13:50:49', '2025-11-07 13:50:49'),
(125, 42, 'products/e29d8b82-aa14-4104-8752-bca0720d922e.jpg', 1, 0, '2025-11-07 13:50:49', '2025-11-07 13:50:49'),
(126, 42, 'products/79cb63c6-d618-497c-a153-6d755d80f822.jpg', 2, 0, '2025-11-07 13:50:49', '2025-11-07 13:50:49'),
(127, 43, 'products/150bd005-63c4-400f-95be-64260b27fe19.jpg', 1, 1, '2025-11-07 13:50:49', '2025-11-07 13:50:49'),
(128, 43, 'products/8c2b6ee0-423a-4103-962c-c13608f72509.jpg', 1, 0, '2025-11-07 13:50:49', '2025-11-07 13:50:49'),
(129, 43, 'products/48ac146a-fba0-4f06-95d9-0b4f8b715d03.jpg', 2, 0, '2025-11-07 13:50:49', '2025-11-07 13:50:49'),
(130, 44, 'products/ca03db8d-6192-4574-91f4-571bbf88dcdb.jpg', 1, 1, '2025-11-07 13:50:49', '2025-11-07 13:50:49'),
(131, 44, 'products/92387ea6-5860-4aec-b638-02b7a88b46f2.jpg', 1, 0, '2025-11-07 13:50:49', '2025-11-07 13:50:49'),
(132, 44, 'products/1e4050e3-b750-4b4d-9c04-5192bd6f198f.jpg', 2, 0, '2025-11-07 13:50:49', '2025-11-07 13:50:49'),
(133, 45, 'products/8fa206a8-8602-4f9d-9fbd-02631ddc6534.jpg', 1, 1, '2025-11-07 13:50:49', '2025-11-07 13:50:49'),
(134, 45, 'products/75265c93-cb32-4a51-97ac-66067137d4a4.jpg', 1, 0, '2025-11-07 13:50:49', '2025-11-07 13:50:49'),
(135, 45, 'products/bfe3fe2d-6df0-4309-8fa3-f2ffce80004a.jpg', 2, 0, '2025-11-07 13:50:49', '2025-11-07 13:50:49'),
(136, 46, 'products/e93a117f-a9a5-4f6d-9aac-536f044484d4.jpg', 1, 1, '2025-11-07 13:50:49', '2025-11-07 13:50:49'),
(137, 46, 'products/f8fc0714-3dc3-4d52-b39c-14713cd9f409.jpg', 1, 0, '2025-11-07 13:50:49', '2025-11-07 13:50:49'),
(138, 46, 'products/80d32e44-0967-412b-86bf-2239710f728a.jpg', 2, 0, '2025-11-07 13:50:49', '2025-11-07 13:50:49'),
(139, 47, 'products/bde6d192-48c7-46d3-8a7e-1126359c4116.jpg', 1, 1, '2025-11-07 13:50:49', '2025-11-07 13:50:49'),
(140, 47, 'products/2f535b57-382a-459b-8185-de54afb2488c.jpg', 1, 0, '2025-11-07 13:50:49', '2025-11-07 13:50:49'),
(141, 47, 'products/c1d023e0-2b51-4c46-98dd-e2b0daa9634f.jpg', 2, 0, '2025-11-07 13:50:49', '2025-11-07 13:50:49'),
(142, 48, 'products/5444fe7d-fc2d-478f-abf9-1c9db31741d0.jpg', 1, 1, '2025-11-07 13:50:49', '2025-11-07 13:50:49'),
(143, 48, 'products/44d26cca-27e5-40de-87ad-c6a0000d90a8.jpg', 1, 0, '2025-11-07 13:50:49', '2025-11-07 13:50:49'),
(144, 48, 'products/d8974766-cb23-4f09-9ac3-cfda3e70f0a3.jpg', 2, 0, '2025-11-07 13:50:49', '2025-11-07 13:50:49'),
(145, 49, 'products/76028f97-f8cb-4a23-9310-2748e7829a9e.jpg', 1, 1, '2025-11-07 13:50:50', '2025-11-07 13:50:50'),
(146, 49, 'products/35be1725-9509-4781-97b2-a83f0d100e20.jpg', 1, 0, '2025-11-07 13:50:50', '2025-11-07 13:50:50'),
(147, 49, 'products/b76046a5-745c-4aaf-8d08-ca073777ba3e.jpg', 2, 0, '2025-11-07 13:50:50', '2025-11-07 13:50:50'),
(148, 50, 'products/c715c404-74a1-44f1-bc6c-f114aeef8b1b.jpg', 1, 1, '2025-11-07 13:50:50', '2025-11-07 13:50:50'),
(149, 50, 'products/2d56bc2f-c084-4368-8f8f-5845891ac70b.jpg', 1, 0, '2025-11-07 13:50:50', '2025-11-07 13:50:50'),
(150, 50, 'products/c8381308-9dfe-4136-a899-e2deb6f373e1.jpg', 2, 0, '2025-11-07 13:50:50', '2025-11-07 13:50:50'),
(151, 51, 'products/689fa17e-fa30-442c-9f76-44281634af1b.jpg', 1, 1, '2025-11-07 13:50:50', '2025-11-07 13:50:50'),
(152, 51, 'products/747a4845-2866-421e-b19d-cd40dcf01d01.jpg', 1, 0, '2025-11-07 13:50:50', '2025-11-07 13:50:50'),
(153, 51, 'products/6b26a6bc-925f-4cd9-b273-1d2bc2a7ddcf.jpg', 2, 0, '2025-11-07 13:50:50', '2025-11-07 13:50:50'),
(154, 52, 'products/5d16c063-1108-4e41-91d2-b69cdc66d2cc.jpg', 1, 1, '2025-11-07 13:50:50', '2025-11-07 13:50:50'),
(155, 52, 'products/e175d86c-3c05-4c6e-95e4-5f0a1bfd41bc.jpg', 1, 0, '2025-11-07 13:50:50', '2025-11-07 13:50:50'),
(156, 52, 'products/82e4f6f9-5523-4e4b-a794-0d244408b982.jpg', 2, 0, '2025-11-07 13:50:50', '2025-11-07 13:50:50'),
(157, 53, 'products/311de6a4-f6eb-4606-869a-c626f4d4cd85.jpg', 1, 1, '2025-11-07 13:50:50', '2025-11-07 13:50:50'),
(158, 53, 'products/c5d119ab-5020-40cb-9d90-41f70c3e6972.jpg', 1, 0, '2025-11-07 13:50:50', '2025-11-07 13:50:50'),
(159, 53, 'products/2902a262-5236-423f-88fc-684f69981f36.jpg', 2, 0, '2025-11-07 13:50:50', '2025-11-07 13:50:50'),
(160, 54, 'products/89632f37-fae2-4a8c-9897-0c03331e7244.jpg', 1, 1, '2025-11-07 13:50:50', '2025-11-07 13:50:50'),
(161, 54, 'products/c8cabae9-19ae-48a7-b6c0-b66021ef2364.jpg', 1, 0, '2025-11-07 13:50:50', '2025-11-07 13:50:50'),
(162, 54, 'products/26ad9ac3-1c7a-431f-8031-aa85c934dd1d.jpg', 2, 0, '2025-11-07 13:50:50', '2025-11-07 13:50:50'),
(163, 55, 'products/9ab4aa26-93f4-4301-88fe-b78800811d18.jpg', 1, 1, '2025-11-07 13:50:50', '2025-11-07 13:50:50'),
(164, 55, 'products/eb1c670a-b75a-46f4-ad80-9fcdc16e3357.jpg', 1, 0, '2025-11-07 13:50:50', '2025-11-07 13:50:50'),
(165, 55, 'products/9097b8d3-871e-4eb3-8167-d3fdf0353425.jpg', 2, 0, '2025-11-07 13:50:50', '2025-11-07 13:50:50'),
(166, 56, 'products/af42c5f4-6c09-47d5-8d4b-767e1b608df2.jpg', 1, 1, '2025-11-07 13:50:50', '2025-11-07 13:50:50'),
(167, 56, 'products/45d38639-3c23-4a25-97b6-b4e59817d395.jpg', 1, 0, '2025-11-07 13:50:50', '2025-11-07 13:50:50'),
(168, 56, 'products/8b2f9edd-7b91-4ed3-848b-56c6b9320b82.jpg', 2, 0, '2025-11-07 13:50:50', '2025-11-07 13:50:50'),
(169, 57, 'products/91d1490c-b19f-4c86-871a-d524a91013e2.jpg', 1, 1, '2025-11-07 13:50:50', '2025-11-07 13:50:50'),
(170, 57, 'products/c5a4eeca-bb93-4dce-91e3-f040c01d637d.jpg', 1, 0, '2025-11-07 13:50:50', '2025-11-07 13:50:50'),
(171, 57, 'products/bddff4eb-664b-4ac3-95b7-3613ed9d6420.jpg', 2, 0, '2025-11-07 13:50:50', '2025-11-07 13:50:50'),
(172, 58, 'products/75613bfa-79ed-4040-8434-de36569dad57.jpg', 1, 1, '2025-11-07 13:50:50', '2025-11-07 13:50:50'),
(173, 58, 'products/0f585cb5-dec3-4520-933d-d961b496209d.jpg', 1, 0, '2025-11-07 13:50:50', '2025-11-07 13:50:50'),
(174, 58, 'products/c725f451-1ab7-4851-a460-7bf070a1f4a3.jpg', 2, 0, '2025-11-07 13:50:50', '2025-11-07 13:50:50'),
(175, 59, 'products/f920065f-9c66-46af-8861-f6c8e0a8176e.jpg', 1, 1, '2025-11-07 13:50:50', '2025-11-07 13:50:50'),
(176, 59, 'products/5cc8f1e1-603e-4200-a363-71a7b661978e.jpg', 1, 0, '2025-11-07 13:50:50', '2025-11-07 13:50:50'),
(177, 59, 'products/f31e38e6-f845-4409-8941-f5aa71d28364.jpg', 2, 0, '2025-11-07 13:50:50', '2025-11-07 13:50:50'),
(178, 60, 'products/e861f872-6e09-4c93-bb9e-38fa9d9b8a67.jpg', 1, 1, '2025-11-07 13:50:50', '2025-11-07 13:50:50'),
(179, 60, 'products/9489cd36-ffc9-4283-9a0b-0b2c2e4cbb9d.jpg', 1, 0, '2025-11-07 13:50:50', '2025-11-07 13:50:50'),
(180, 60, 'products/9b9abb81-9ca6-495c-99a5-6153de87129b.jpg', 2, 0, '2025-11-07 13:50:50', '2025-11-07 13:50:50'),
(181, 61, 'products/44b06e83-c42c-43fd-b2c4-75375e0785f6.jpg', 1, 1, '2025-11-07 13:50:50', '2025-11-07 13:50:50'),
(182, 61, 'products/3a2c987f-c0fa-4cb2-8883-fab13023e5bf.jpg', 1, 0, '2025-11-07 13:50:50', '2025-11-07 13:50:50'),
(183, 61, 'products/238bdd8c-56b3-47a3-9393-014f87a119ef.jpg', 2, 0, '2025-11-07 13:50:50', '2025-11-07 13:50:50'),
(184, 62, 'products/0aa57687-357d-44d2-a984-7951d000d650.jpg', 1, 1, '2025-11-07 13:50:50', '2025-11-07 13:50:50'),
(185, 62, 'products/e4ff45bb-dcc2-4693-9d03-483d94e6daa9.jpg', 1, 0, '2025-11-07 13:50:50', '2025-11-07 13:50:50'),
(186, 62, 'products/32c0ad57-6b6f-40d4-8f8f-ee9f6f500093.jpg', 2, 0, '2025-11-07 13:50:50', '2025-11-07 13:50:50'),
(187, 63, 'products/edce0c52-9bdd-443c-95ae-75ec8b6ae0db.jpg', 1, 1, '2025-11-07 13:50:50', '2025-11-07 13:50:50'),
(188, 63, 'products/ca14db4c-3551-4031-b73b-95b1e3d5bbf9.jpg', 1, 0, '2025-11-07 13:50:50', '2025-11-07 13:50:50'),
(189, 63, 'products/223700e0-6428-446c-974e-26f138aa116f.jpg', 2, 0, '2025-11-07 13:50:50', '2025-11-07 13:50:50'),
(190, 64, 'products/acdde78f-8979-49b9-8649-4576eeb4209f.jpg', 1, 1, '2025-11-07 13:50:50', '2025-11-07 13:50:50'),
(191, 64, 'products/76e6a48f-d724-4782-828e-53771ce7ea34.jpg', 1, 0, '2025-11-07 13:50:50', '2025-11-07 13:50:50'),
(192, 64, 'products/529d1091-4b0e-411c-b50e-4d862cd14321.jpg', 2, 0, '2025-11-07 13:50:50', '2025-11-07 13:50:50'),
(193, 65, 'products/4111428a-f8c3-491f-a9f6-3c23959bb978.jpg', 1, 1, '2025-11-07 13:50:50', '2025-11-07 13:50:50'),
(194, 65, 'products/71e56a3a-6645-4e55-b1cf-8ae78bfc22d2.jpg', 1, 0, '2025-11-07 13:50:50', '2025-11-07 13:50:50'),
(195, 65, 'products/c25c13d1-623a-4ff8-962c-76681cc8843f.jpg', 2, 0, '2025-11-07 13:50:50', '2025-11-07 13:50:50'),
(196, 66, 'products/fdfaaf92-b420-45d5-9ced-2084829ae475.jpg', 1, 1, '2025-11-07 13:50:50', '2025-11-07 13:50:50'),
(197, 66, 'products/fd352774-19eb-4513-a97e-0f4a0855e176.jpg', 1, 0, '2025-11-07 13:50:50', '2025-11-07 13:50:50'),
(198, 66, 'products/b0b1ae15-041a-441b-9564-b84ff17d7303.jpg', 2, 0, '2025-11-07 13:50:50', '2025-11-07 13:50:50'),
(199, 67, 'products/ed4acb8c-535a-4979-b694-6e5d94498184.jpg', 1, 1, '2025-11-07 13:50:50', '2025-11-07 13:50:50'),
(200, 67, 'products/b7181067-bc09-4aea-9203-5a13d2022f51.jpg', 1, 0, '2025-11-07 13:50:50', '2025-11-07 13:50:50'),
(201, 67, 'products/3586a67a-23f7-4add-9b0b-430f85e5390b.jpg', 2, 0, '2025-11-07 13:50:50', '2025-11-07 13:50:50'),
(202, 68, 'products/d4b07101-5bfb-4a0a-bac7-831ec47ba281.jpg', 1, 1, '2025-11-07 13:50:50', '2025-11-07 13:50:50'),
(203, 68, 'products/8d695fe7-5477-4337-9865-13a9c5a3c439.jpg', 1, 0, '2025-11-07 13:50:50', '2025-11-07 13:50:50'),
(204, 68, 'products/5d6bb04f-111f-412b-b5e1-c953d2ecd226.jpg', 2, 0, '2025-11-07 13:50:50', '2025-11-07 13:50:50'),
(205, 69, 'products/da8bf0cc-cf4c-4baf-9d39-8990fedab4a1.jpg', 1, 1, '2025-11-07 13:50:50', '2025-11-07 13:50:50'),
(206, 69, 'products/b6a6dc19-7ad6-433b-a25e-670dbf9e884c.jpg', 1, 0, '2025-11-07 13:50:50', '2025-11-07 13:50:50'),
(207, 69, 'products/e7fe509c-b138-4259-addb-4dff27af1720.jpg', 2, 0, '2025-11-07 13:50:50', '2025-11-07 13:50:50'),
(208, 70, 'products/a9a9d5cb-4f77-4bce-ba10-fa46d0e81862.jpg', 1, 1, '2025-11-07 13:50:50', '2025-11-07 13:50:50'),
(209, 70, 'products/a72001d8-10f2-4591-9b1a-d5ec5e8d803b.jpg', 1, 0, '2025-11-07 13:50:50', '2025-11-07 13:50:50'),
(210, 70, 'products/5e61ab33-b238-4bb2-98e3-fc0170116015.jpg', 2, 0, '2025-11-07 13:50:50', '2025-11-07 13:50:50'),
(211, 71, 'products/d6c2ab17-38ac-44c2-912a-2b8d16c7b47d.jpg', 1, 1, '2025-11-07 13:50:50', '2025-11-07 13:50:50'),
(212, 71, 'products/b34e8dbd-d294-416c-9ffa-1a541035e025.jpg', 1, 0, '2025-11-07 13:50:50', '2025-11-07 13:50:50'),
(213, 71, 'products/0072dab0-22bb-4699-ab50-d1d8f052f2ac.jpg', 2, 0, '2025-11-07 13:50:50', '2025-11-07 13:50:50'),
(214, 72, 'products/625978ef-b641-497f-8b53-780623c112a7.jpg', 1, 1, '2025-11-07 13:50:50', '2025-11-07 13:50:50'),
(215, 72, 'products/c1b717de-26c1-480f-ae8d-de478cf5ce16.jpg', 1, 0, '2025-11-07 13:50:50', '2025-11-07 13:50:50'),
(216, 72, 'products/0dd044f5-bec0-42ac-ac11-99906dea2a23.jpg', 2, 0, '2025-11-07 13:50:50', '2025-11-07 13:50:50'),
(217, 73, 'products/50033b07-ed27-44f1-a0cf-7a1021c27e68.jpg', 1, 1, '2025-11-29 16:13:07', '2025-11-29 16:13:07'),
(218, 73, 'products/3b122a5c-2f8a-4f5a-947e-19ba8b19e2df.jpg', 1, 0, '2025-11-29 16:13:07', '2025-11-29 16:13:07'),
(219, 73, 'products/851df871-8305-4476-8c98-bbdbbc04fdea.jpg', 2, 0, '2025-11-29 16:13:07', '2025-11-29 16:13:07'),
(220, 74, 'products/bd2e7a0f-c423-4e7d-ba79-a7134c15bf92.jpg', 1, 1, '2025-11-29 16:13:07', '2025-11-29 16:13:07'),
(221, 74, 'products/fcbfc5b5-d45e-42a0-bdc9-e0f830abd985.jpg', 1, 0, '2025-11-29 16:13:07', '2025-11-29 16:13:07'),
(222, 74, 'products/db7ed330-fa0b-460a-a217-f4a0c0e5a9fc.jpg', 2, 0, '2025-11-29 16:13:07', '2025-11-29 16:13:07'),
(223, 75, 'products/c8534578-565a-4dd7-9ac2-639cede9b775.jpg', 1, 1, '2025-11-29 16:13:07', '2025-11-29 16:13:07'),
(224, 75, 'products/34a401c1-2a1a-4f89-8ebd-291bf04af210.jpg', 1, 0, '2025-11-29 16:13:07', '2025-11-29 16:13:07'),
(225, 75, 'products/99326c84-d188-4ec7-ba85-d581193acb3d.jpg', 2, 0, '2025-11-29 16:13:07', '2025-11-29 16:13:07'),
(226, 76, 'products/d2cb0d10-6720-4525-8a50-dc749e7e4a9a.jpg', 1, 1, '2025-11-29 16:13:07', '2025-11-29 16:13:07'),
(227, 76, 'products/662e3a76-c5b4-4e35-a486-d3c15c1b11f7.jpg', 1, 0, '2025-11-29 16:13:07', '2025-11-29 16:13:07'),
(228, 76, 'products/6256d580-81bb-4e13-ba4d-dfa71ce4c610.jpg', 2, 0, '2025-11-29 16:13:07', '2025-11-29 16:13:07'),
(229, 77, 'products/6211a744-62d1-4191-a3c8-ce2c828527bf.jpg', 1, 1, '2025-11-29 16:13:07', '2025-11-29 16:13:07'),
(230, 77, 'products/e86ddb57-7c09-4632-b861-eaac5b40b21a.jpg', 1, 0, '2025-11-29 16:13:07', '2025-11-29 16:13:07'),
(231, 77, 'products/9973a1ce-c0c4-43a3-9f65-0c658cdce48b.jpg', 2, 0, '2025-11-29 16:13:07', '2025-11-29 16:13:07'),
(232, 78, 'products/92612537-54d1-4db0-bd1f-e292be2d15ac.jpg', 1, 1, '2025-11-29 16:13:07', '2025-11-29 16:13:07'),
(233, 78, 'products/c5d6407f-26bb-494c-a7f4-8f9c2f027a9b.jpg', 1, 0, '2025-11-29 16:13:07', '2025-11-29 16:13:07'),
(234, 78, 'products/7a9c5f45-2701-493c-a5b1-0ead8d06a78a.jpg', 2, 0, '2025-11-29 16:13:07', '2025-11-29 16:13:07'),
(235, 79, 'products/88c44691-db77-4717-b408-93bc6ccc8462.jpg', 1, 1, '2025-11-29 16:13:07', '2025-11-29 16:13:07'),
(236, 79, 'products/474f4100-1a82-4cfc-bdc1-b9ffe2dbf426.jpg', 1, 0, '2025-11-29 16:13:07', '2025-11-29 16:13:07'),
(237, 79, 'products/c50566cc-dec1-4f88-858e-a77beda9bb2f.jpg', 2, 0, '2025-11-29 16:13:07', '2025-11-29 16:13:07'),
(238, 80, 'products/2329b7be-8c44-49ab-896b-21ab6173b572.jpg', 1, 1, '2025-11-29 16:13:07', '2025-11-29 16:13:07'),
(239, 80, 'products/792d505d-c9ef-4253-bd3c-993e636e4272.jpg', 1, 0, '2025-11-29 16:13:07', '2025-11-29 16:13:07'),
(240, 80, 'products/ce4a2936-31a8-47c4-a3c9-56338a0646bb.jpg', 2, 0, '2025-11-29 16:13:07', '2025-11-29 16:13:07'),
(241, 81, 'products/99482b36-dba1-4f3c-acf3-a2d1420ea10f.jpg', 1, 1, '2025-11-29 16:13:07', '2025-11-29 16:13:07'),
(242, 81, 'products/f13e5b95-dc77-404b-b67c-1d3d2bbb282f.jpg', 1, 0, '2025-11-29 16:13:07', '2025-11-29 16:13:07'),
(243, 81, 'products/013084e3-bc45-4ede-9fa0-759ee0136c92.jpg', 2, 0, '2025-11-29 16:13:07', '2025-11-29 16:13:07'),
(244, 82, 'products/b4d68e57-1519-424c-95e4-3696083c497a.jpg', 1, 1, '2025-11-29 16:13:07', '2025-11-29 16:13:07'),
(245, 82, 'products/5ab21cc6-2838-4718-bc79-4f20fcdde49f.jpg', 1, 0, '2025-11-29 16:13:07', '2025-11-29 16:13:07'),
(246, 82, 'products/4386c0b1-c547-4db0-905c-a2fdd9ff4b68.jpg', 2, 0, '2025-11-29 16:13:07', '2025-11-29 16:13:07'),
(247, 83, 'products/5f4a6697-5c6c-4085-b8fb-23ab6d11dcf0.jpg', 1, 1, '2025-11-29 16:13:07', '2025-11-29 16:13:07'),
(248, 83, 'products/6e5035a3-5175-4ff3-9768-1289ee83dd57.jpg', 1, 0, '2025-11-29 16:13:07', '2025-11-29 16:13:07'),
(249, 83, 'products/225ad4a7-a678-499b-9bdc-8e557bb522ef.jpg', 2, 0, '2025-11-29 16:13:07', '2025-11-29 16:13:07'),
(250, 84, 'products/671e2077-a575-49ce-aa00-517244fe787c.jpg', 1, 1, '2025-11-29 16:13:07', '2025-11-29 16:13:07'),
(251, 84, 'products/e8b93f47-5a9c-4651-832e-829c95defc2a.jpg', 1, 0, '2025-11-29 16:13:07', '2025-11-29 16:13:07'),
(252, 84, 'products/cceb8533-c699-4893-a171-3be03287a3f2.jpg', 2, 0, '2025-11-29 16:13:07', '2025-11-29 16:13:07'),
(253, 85, 'products/36843944-496e-417d-9de8-c858280d1638.jpg', 1, 1, '2025-11-29 16:13:07', '2025-11-29 16:13:07'),
(254, 85, 'products/3ffdaefe-cb15-4ef7-bcb8-0ce8ac3bff7a.jpg', 1, 0, '2025-11-29 16:13:07', '2025-11-29 16:13:07'),
(255, 85, 'products/e3aedd44-5a22-48c8-af5a-a1e3d9868a87.jpg', 2, 0, '2025-11-29 16:13:07', '2025-11-29 16:13:07'),
(256, 86, 'products/63c890ed-97f4-48ff-810f-b73f3b18a50f.jpg', 1, 1, '2025-11-29 16:13:07', '2025-11-29 16:13:07'),
(257, 86, 'products/783d294f-fb6a-465f-9629-7604e2fff488.jpg', 1, 0, '2025-11-29 16:13:07', '2025-11-29 16:13:07'),
(258, 86, 'products/56c32437-e3b4-4578-8c3c-3a79e75f7d34.jpg', 2, 0, '2025-11-29 16:13:07', '2025-11-29 16:13:07'),
(259, 87, 'products/a1af718c-e0df-4671-ae8e-3ef1705beb4e.jpg', 1, 1, '2025-11-29 16:13:07', '2025-11-29 16:13:07'),
(260, 87, 'products/f0fa0e05-b318-48e3-9e94-6faac6f1c379.jpg', 1, 0, '2025-11-29 16:13:07', '2025-11-29 16:13:07'),
(261, 87, 'products/c39391fa-71a6-4b56-a01a-0b20be3e65fe.jpg', 2, 0, '2025-11-29 16:13:07', '2025-11-29 16:13:07'),
(262, 88, 'products/7bcb606d-6dc8-4fba-81ce-edbc20f0258c.jpg', 1, 1, '2025-11-29 16:13:07', '2025-11-29 16:13:07'),
(263, 88, 'products/2349edec-0481-4a96-9dcf-78b7a2279946.jpg', 1, 0, '2025-11-29 16:13:07', '2025-11-29 16:13:07'),
(264, 88, 'products/5263a78f-2d14-44f5-81fc-0dbb5cc62af4.jpg', 2, 0, '2025-11-29 16:13:07', '2025-11-29 16:13:07'),
(265, 89, 'products/08cd38c0-d361-404a-b294-5cb7d4ba69b3.jpg', 1, 1, '2025-11-29 16:13:07', '2025-11-29 16:13:07'),
(266, 89, 'products/f01ad416-f818-4bfd-81ed-8e00fd3ddd2c.jpg', 1, 0, '2025-11-29 16:13:07', '2025-11-29 16:13:07'),
(267, 89, 'products/2b643d50-aec3-42e7-82d7-03416af2b988.jpg', 2, 0, '2025-11-29 16:13:07', '2025-11-29 16:13:07'),
(268, 90, 'products/61cc3628-aa50-494b-9860-96cf57e352f2.jpg', 1, 1, '2025-11-29 16:13:07', '2025-11-29 16:13:07'),
(269, 90, 'products/1762af81-993e-409b-b89e-0f61513690d7.jpg', 1, 0, '2025-11-29 16:13:07', '2025-11-29 16:13:07'),
(270, 90, 'products/2d8f5c04-f337-441e-8179-7e11f1ccf704.jpg', 2, 0, '2025-11-29 16:13:07', '2025-11-29 16:13:07'),
(271, 91, 'products/84a2f4bc-0312-4d79-8154-dbc674a3ee7d.jpg', 1, 1, '2025-11-29 16:13:07', '2025-11-29 16:13:07'),
(272, 91, 'products/6fe2e4b7-df1b-4c66-90d9-4d94ce4c953c.jpg', 1, 0, '2025-11-29 16:13:07', '2025-11-29 16:13:07'),
(273, 91, 'products/08634ff8-48d9-4db6-964c-9e1c0326ca4b.jpg', 2, 0, '2025-11-29 16:13:07', '2025-11-29 16:13:07'),
(274, 92, 'products/7c4689af-34d1-4201-ab61-1c3689ccbbd5.jpg', 1, 1, '2025-11-29 16:13:07', '2025-11-29 16:13:07'),
(275, 92, 'products/cfe4ad34-c415-4fdd-bb2e-b0ef2742f5f2.jpg', 1, 0, '2025-11-29 16:13:07', '2025-11-29 16:13:07'),
(276, 92, 'products/bfdc5c88-33dd-4b2f-aa7a-a4849e9bd702.jpg', 2, 0, '2025-11-29 16:13:07', '2025-11-29 16:13:07'),
(277, 93, 'products/1fd25148-157c-4521-9869-85c275a8e15a.jpg', 1, 1, '2025-11-29 16:13:07', '2025-11-29 16:13:07'),
(278, 93, 'products/e527c9fb-637d-4c01-aa8f-8613ab0c097a.jpg', 1, 0, '2025-11-29 16:13:07', '2025-11-29 16:13:07'),
(279, 93, 'products/d7440c28-0bda-4de4-846e-6c6d7e55573b.jpg', 2, 0, '2025-11-29 16:13:07', '2025-11-29 16:13:07'),
(280, 94, 'products/98003c3b-ed42-4851-bc3b-45057f733182.jpg', 1, 1, '2025-11-29 16:13:07', '2025-11-29 16:13:07'),
(281, 94, 'products/8bc309f6-4ca6-4ec4-aebf-e427a376759d.jpg', 1, 0, '2025-11-29 16:13:07', '2025-11-29 16:13:07'),
(282, 94, 'products/012a81ad-8a67-41de-89e9-f8eb2fe6c142.jpg', 2, 0, '2025-11-29 16:13:07', '2025-11-29 16:13:07'),
(283, 95, 'products/7ba2fbe9-9ca2-4d52-943d-059d26e730a5.jpg', 1, 1, '2025-11-29 16:13:07', '2025-11-29 16:13:07'),
(284, 95, 'products/6ccb7bb5-449a-484d-9294-9af521475811.jpg', 1, 0, '2025-11-29 16:13:07', '2025-11-29 16:13:07'),
(285, 95, 'products/f364c549-a6a6-4dc6-8f34-854bedeb3888.jpg', 2, 0, '2025-11-29 16:13:07', '2025-11-29 16:13:07'),
(286, 96, 'products/6a6cfb69-3ff6-4c6e-9cf3-2a2c1a79cc5c.jpg', 1, 1, '2025-11-29 16:13:07', '2025-11-29 16:13:07'),
(287, 96, 'products/9df9c566-7293-48b2-b240-c431223f3a3e.jpg', 1, 0, '2025-11-29 16:13:07', '2025-11-29 16:13:07'),
(288, 96, 'products/2eecd241-d878-4643-909a-ba008fa73933.jpg', 2, 0, '2025-11-29 16:13:07', '2025-11-29 16:13:07'),
(289, 97, 'products/acdb49ac-7790-4872-baaa-64356ed40255.jpg', 1, 1, '2025-11-29 16:13:07', '2025-11-29 16:13:07'),
(290, 97, 'products/0a259737-61c7-488b-aa91-79aa3c2571f5.jpg', 1, 0, '2025-11-29 16:13:07', '2025-11-29 16:13:07'),
(291, 97, 'products/73ba2288-e6fd-4a0f-92d4-78db93ce990c.jpg', 2, 0, '2025-11-29 16:13:07', '2025-11-29 16:13:07'),
(292, 98, 'products/0e80a42f-4ffc-4ca0-bb54-faf59a1c907f.jpg', 1, 1, '2025-11-29 16:13:07', '2025-11-29 16:13:07'),
(293, 98, 'products/d6ce2553-def6-411b-adf7-677dfbf6ba03.jpg', 1, 0, '2025-11-29 16:13:07', '2025-11-29 16:13:07'),
(294, 98, 'products/19a5c1b2-5177-4c9d-9b69-04b7a9d2b1b6.jpg', 2, 0, '2025-11-29 16:13:07', '2025-11-29 16:13:07'),
(295, 99, 'products/60b9a0c3-6336-48cd-bd91-d5f006edba5f.jpg', 1, 1, '2025-11-29 16:13:07', '2025-11-29 16:13:07'),
(296, 99, 'products/cfa1f06a-da96-48f8-8416-cff5970c3c05.jpg', 1, 0, '2025-11-29 16:13:07', '2025-11-29 16:13:07'),
(297, 99, 'products/7ea291bc-2107-4718-8453-dcef8437af7f.jpg', 2, 0, '2025-11-29 16:13:07', '2025-11-29 16:13:07'),
(298, 100, 'products/e406a6d0-2483-4746-a11c-febc204bb08f.jpg', 1, 1, '2025-11-29 16:13:07', '2025-11-29 16:13:07'),
(299, 100, 'products/0b7ce3f9-2249-4d43-bfed-0654fba6f07f.jpg', 1, 0, '2025-11-29 16:13:07', '2025-11-29 16:13:07'),
(300, 100, 'products/f3f02755-6f89-44b4-92af-b1c411607394.jpg', 2, 0, '2025-11-29 16:13:07', '2025-11-29 16:13:07'),
(301, 101, 'products/25c27889-82e8-414e-89a8-c72384277b03.jpg', 1, 1, '2025-11-29 16:13:07', '2025-11-29 16:13:07'),
(302, 101, 'products/823b4c3c-23a8-4b31-8c13-e01775b9cc37.jpg', 1, 0, '2025-11-29 16:13:07', '2025-11-29 16:13:07'),
(303, 101, 'products/5c5c8036-392f-4160-87af-f3e1e631f2cf.jpg', 2, 0, '2025-11-29 16:13:07', '2025-11-29 16:13:07'),
(304, 102, 'products/e08c5ac0-9d01-4681-9cab-9c1931b2229b.jpg', 1, 1, '2025-11-29 16:13:07', '2025-11-29 16:13:07'),
(305, 102, 'products/5ee56277-fb2f-4793-9b1c-89717b1501c5.jpg', 1, 0, '2025-11-29 16:13:07', '2025-11-29 16:13:07'),
(306, 102, 'products/f9b28558-2d68-4b81-923a-4bb3e3e62cd2.jpg', 2, 0, '2025-11-29 16:13:07', '2025-11-29 16:13:07'),
(307, 103, 'products/666abb1b-52d8-4df9-ad36-a350711db864.jpg', 1, 1, '2025-11-29 16:13:07', '2025-11-29 16:13:07'),
(308, 103, 'products/ccd70eb7-25eb-47d3-803d-c1760eb5456c.jpg', 1, 0, '2025-11-29 16:13:07', '2025-11-29 16:13:07'),
(309, 103, 'products/63597f49-6b25-458d-8ef8-5c6df355e0cb.jpg', 2, 0, '2025-11-29 16:13:07', '2025-11-29 16:13:07'),
(310, 104, 'products/faefacd5-df80-4f89-adb0-fc64f94d36e3.jpg', 1, 1, '2025-11-29 16:13:07', '2025-11-29 16:13:07'),
(311, 104, 'products/5504b2a4-2c13-484d-9305-a68b4c7aa1ec.jpg', 1, 0, '2025-11-29 16:13:07', '2025-11-29 16:13:07'),
(312, 104, 'products/5fb363c2-d9b4-4853-8339-e5cfeb51a498.jpg', 2, 0, '2025-11-29 16:13:07', '2025-11-29 16:13:07'),
(313, 105, 'products/0fc281c4-bb03-4f16-aded-e5e89cabde48.jpg', 1, 1, '2025-11-29 16:13:07', '2025-11-29 16:13:07'),
(314, 105, 'products/bffc3850-19cd-4a0c-ae3b-43748b5850f2.jpg', 1, 0, '2025-11-29 16:13:07', '2025-11-29 16:13:07'),
(315, 105, 'products/193039ae-08e2-43bd-90ae-72999d45f889.jpg', 2, 0, '2025-11-29 16:13:07', '2025-11-29 16:13:07'),
(316, 106, 'products/532f97ed-3784-4e5f-9ea4-bee088c85632.jpg', 1, 1, '2025-11-29 16:13:07', '2025-11-29 16:13:08'),
(317, 106, 'products/32618356-1558-4cfb-9bbb-a1214a49af00.jpg', 1, 0, '2025-11-29 16:13:08', '2025-11-29 16:13:08'),
(318, 106, 'products/7d52f5b9-54fb-4425-9a82-46e7b477a5a2.jpg', 2, 0, '2025-11-29 16:13:08', '2025-11-29 16:13:08'),
(319, 107, 'products/1c3e22fa-2e09-4fcd-901b-67b643151735.jpg', 1, 1, '2025-11-29 16:13:08', '2025-11-29 16:13:08'),
(320, 107, 'products/f5deb443-eee0-443e-bdf4-d9ef79338cbb.jpg', 1, 0, '2025-11-29 16:13:08', '2025-11-29 16:13:08'),
(321, 107, 'products/301e1fc7-873c-494f-ada2-655683f5ef33.jpg', 2, 0, '2025-11-29 16:13:08', '2025-11-29 16:13:08'),
(322, 108, 'products/0fbc1219-e694-4caa-ad76-086a2e0effef.jpg', 1, 1, '2025-11-29 16:13:08', '2025-11-29 16:13:08'),
(323, 108, 'products/82dfb38c-e323-4342-b8cb-614d87caecdc.jpg', 1, 0, '2025-11-29 16:13:08', '2025-11-29 16:13:08'),
(324, 108, 'products/3f76798d-c711-4fc3-9566-822542557375.jpg', 2, 0, '2025-11-29 16:13:08', '2025-11-29 16:13:08'),
(325, 109, 'products/e9ec271b-80c7-4cf3-b587-76fcae99ce07.jpg', 1, 1, '2025-11-29 16:13:08', '2025-11-29 16:13:08'),
(326, 109, 'products/597cd241-36c8-4e79-a713-58c4dc944d00.jpg', 1, 0, '2025-11-29 16:13:08', '2025-11-29 16:13:08'),
(327, 109, 'products/22767310-1ff9-423e-b9bf-f53b3363d61e.jpg', 2, 0, '2025-11-29 16:13:08', '2025-11-29 16:13:08'),
(328, 110, 'products/7fc326d5-8766-4b36-955e-25643c1084f8.jpg', 1, 1, '2025-11-29 16:13:08', '2025-11-29 16:13:08'),
(329, 110, 'products/064fa2ae-093d-45b6-840a-4c7fa5960feb.jpg', 1, 0, '2025-11-29 16:13:08', '2025-11-29 16:13:08'),
(330, 110, 'products/c013505f-e035-4787-abc1-2724ab5b18a9.jpg', 2, 0, '2025-11-29 16:13:08', '2025-11-29 16:13:08'),
(331, 111, 'products/d1eadeda-9ad0-4f40-9c72-3523abef4dc6.jpg', 1, 1, '2025-11-29 16:13:08', '2025-11-29 16:13:08'),
(332, 111, 'products/1f1e1aa8-cdbc-4219-aa18-ffbe5ed80ba6.jpg', 1, 0, '2025-11-29 16:13:08', '2025-11-29 16:13:08'),
(333, 111, 'products/629c785b-fb18-48b3-8b5c-4e27bba66baf.jpg', 2, 0, '2025-11-29 16:13:08', '2025-11-29 16:13:08'),
(334, 112, 'products/f42d36fb-442b-4dc3-812d-e9de47d11ad3.jpg', 1, 1, '2025-11-29 16:13:08', '2025-11-29 16:13:08'),
(335, 112, 'products/9ed2eaa3-cdc0-4d03-802f-391bcb023ea2.jpg', 1, 0, '2025-11-29 16:13:08', '2025-11-29 16:13:08'),
(336, 112, 'products/ff3e6212-b634-4e54-bd1c-9b4e69b3af8d.jpg', 2, 0, '2025-11-29 16:13:08', '2025-11-29 16:13:08'),
(337, 113, 'products/30985fc9-41c7-427c-8922-d9761c9bda77.jpg', 1, 1, '2025-11-29 16:13:08', '2025-11-29 16:13:08'),
(338, 113, 'products/df31c4cb-ce05-41d0-af54-d00b6c2daedc.jpg', 1, 0, '2025-11-29 16:13:08', '2025-11-29 16:13:08'),
(339, 113, 'products/2fb834f5-b7d8-4f5e-94e2-7b73263b9ba5.jpg', 2, 0, '2025-11-29 16:13:08', '2025-11-29 16:13:08'),
(340, 114, 'products/f9b50ffb-8fa5-437a-89cb-a6a17ab72361.jpg', 1, 1, '2025-11-29 16:13:08', '2025-11-29 16:13:08'),
(341, 114, 'products/45c30af6-f45c-4b76-bda2-ba17c68b6773.jpg', 1, 0, '2025-11-29 16:13:08', '2025-11-29 16:13:08'),
(342, 114, 'products/8badd446-9537-42e3-8469-ad59a9850e2f.jpg', 2, 0, '2025-11-29 16:13:08', '2025-11-29 16:13:08'),
(343, 115, 'products/11b1f74b-231f-4433-961e-0863e462d5ea.jpg', 1, 1, '2025-11-29 16:13:08', '2025-11-29 16:13:08'),
(344, 115, 'products/b6883fe8-a234-4ab1-b382-71fafdeccf48.jpg', 1, 0, '2025-11-29 16:13:08', '2025-11-29 16:13:08'),
(345, 115, 'products/fc95264d-1944-46eb-b012-88c60ad72e8c.jpg', 2, 0, '2025-11-29 16:13:08', '2025-11-29 16:13:08'),
(346, 116, 'products/5aaf216b-076c-4096-825e-bf8aa66dc759.jpg', 1, 1, '2025-11-29 16:13:08', '2025-11-29 16:13:08'),
(347, 116, 'products/81444d3a-9504-4c1f-91da-6ff1a336f57e.jpg', 1, 0, '2025-11-29 16:13:08', '2025-11-29 16:13:08'),
(348, 116, 'products/f39dca46-636c-44c4-b602-5691ce1b1d90.jpg', 2, 0, '2025-11-29 16:13:08', '2025-11-29 16:13:08'),
(349, 117, 'products/919c5e29-24cd-4267-babb-a5f3e916c62b.jpg', 1, 1, '2025-11-29 16:13:08', '2025-11-29 16:13:08'),
(350, 117, 'products/55119278-0072-430b-b747-b16dc7e65ca6.jpg', 1, 0, '2025-11-29 16:13:08', '2025-11-29 16:13:08'),
(351, 117, 'products/73f61625-2099-420a-a619-5133448440a0.jpg', 2, 0, '2025-11-29 16:13:08', '2025-11-29 16:13:08'),
(352, 118, 'products/2d5e0d87-1ef3-463c-8d1a-f3a2ad25c0da.jpg', 1, 1, '2025-11-29 16:13:08', '2025-11-29 16:13:08'),
(353, 118, 'products/d043cecf-49d5-4ef5-8ccd-7559e7093e1b.jpg', 1, 0, '2025-11-29 16:13:08', '2025-11-29 16:13:08'),
(354, 118, 'products/892cc23c-3f7c-473e-9bcb-c98b171b82bc.jpg', 2, 0, '2025-11-29 16:13:08', '2025-11-29 16:13:08'),
(355, 119, 'products/b5e15090-a24c-4efa-b54b-670354b98fe3.jpg', 1, 1, '2025-11-29 16:13:08', '2025-11-29 16:13:08'),
(356, 119, 'products/eaa2ed56-6641-4943-bf51-2d3c110a911e.jpg', 1, 0, '2025-11-29 16:13:08', '2025-11-29 16:13:08'),
(357, 119, 'products/cb7bbaba-5edc-445e-b8b2-393eadbebae0.jpg', 2, 0, '2025-11-29 16:13:08', '2025-11-29 16:13:08'),
(358, 120, 'products/952280fa-46cc-4739-a651-e4ce7e817091.jpg', 1, 1, '2025-11-29 16:13:08', '2025-11-29 16:13:08'),
(359, 120, 'products/c42ad04d-4285-45d6-ad09-6198ed6587f8.jpg', 1, 0, '2025-11-29 16:13:08', '2025-11-29 16:13:08'),
(360, 120, 'products/5753158e-f4b3-4de3-88d8-ee5cf83bb910.jpg', 2, 0, '2025-11-29 16:13:08', '2025-11-29 16:13:08'),
(361, 121, 'products/c1014920-1dc8-4f6e-a037-6e42e321fa87.jpg', 1, 1, '2025-11-29 16:13:08', '2025-11-29 16:13:08'),
(362, 121, 'products/789dbd1a-1caa-4275-b0d7-8bedbc2c2311.jpg', 1, 0, '2025-11-29 16:13:08', '2025-11-29 16:13:08'),
(363, 121, 'products/a5addb15-a67c-429c-8163-241d74e5df6c.jpg', 2, 0, '2025-11-29 16:13:08', '2025-11-29 16:13:08'),
(364, 122, 'products/c9f3e827-f416-4468-81d9-102ada01af48.jpg', 1, 1, '2025-11-29 16:13:08', '2025-11-29 16:13:08'),
(365, 122, 'products/11543d0a-7184-4599-abe5-1e2eaebea27f.jpg', 1, 0, '2025-11-29 16:13:08', '2025-11-29 16:13:08'),
(366, 122, 'products/eed7b482-fd7c-4642-a5b6-7c6ef96b3499.jpg', 2, 0, '2025-11-29 16:13:08', '2025-11-29 16:13:08'),
(367, 123, 'products/eafc63e0-0d1f-4b76-9c20-ad56f2abfb14.jpg', 1, 1, '2025-11-29 16:13:08', '2025-11-29 16:13:08'),
(368, 123, 'products/79515929-6712-456e-8bb9-c8626101ba23.jpg', 1, 0, '2025-11-29 16:13:08', '2025-11-29 16:13:08'),
(369, 123, 'products/11fbf695-275c-49f3-b81c-671f995435f7.jpg', 2, 0, '2025-11-29 16:13:08', '2025-11-29 16:13:08'),
(370, 124, 'products/777bd14a-9f07-41a2-9c54-af272fa6c976.jpg', 1, 1, '2025-11-29 16:13:08', '2025-11-29 16:13:08'),
(371, 124, 'products/157e25ba-fa27-4cd2-93ca-0393b00c7a3e.jpg', 1, 0, '2025-11-29 16:13:08', '2025-11-29 16:13:08'),
(372, 124, 'products/09a44baa-93e8-480c-9f4a-ec52c6d518a2.jpg', 2, 0, '2025-11-29 16:13:08', '2025-11-29 16:13:08'),
(373, 125, 'products/22afb95d-4aaa-4039-abf9-3d201f205900.jpg', 1, 1, '2025-11-29 16:13:08', '2025-11-29 16:13:08'),
(374, 125, 'products/a0b7d0a3-020d-4ebb-a15e-ffc035c72287.jpg', 1, 0, '2025-11-29 16:13:08', '2025-11-29 16:13:08'),
(375, 125, 'products/3eb5f624-333c-45e3-9894-7862db91ad76.jpg', 2, 0, '2025-11-29 16:13:08', '2025-11-29 16:13:08'),
(376, 126, 'products/d0e5b34c-0a06-4845-a5d5-17906a396352.jpg', 1, 1, '2025-11-29 16:13:08', '2025-11-29 16:13:08'),
(377, 126, 'products/53a7855c-160e-4d9d-9ce4-3f7dca6afa12.jpg', 1, 0, '2025-11-29 16:13:08', '2025-11-29 16:13:08'),
(378, 126, 'products/86d4516b-fac2-40fe-b4d4-c6d1b9894101.jpg', 2, 0, '2025-11-29 16:13:08', '2025-11-29 16:13:08'),
(379, 127, 'products/cdd2d6a8-300f-4c2c-a491-6d9dd591a96c.jpg', 1, 1, '2025-11-29 16:13:08', '2025-11-29 16:13:08'),
(380, 127, 'products/8b07bbff-ec31-47fa-92e6-b8092ca521d4.jpg', 1, 0, '2025-11-29 16:13:08', '2025-11-29 16:13:08'),
(381, 127, 'products/e9cefeb9-91b4-450b-8947-82b9ac8c7c7c.jpg', 2, 0, '2025-11-29 16:13:08', '2025-11-29 16:13:08'),
(382, 128, 'products/e23567ce-8b38-4d35-9d82-f6330e3b225c.jpg', 1, 1, '2025-11-29 16:13:08', '2025-11-29 16:13:08'),
(383, 128, 'products/2fa0241c-8764-4486-9fb8-34db1c6cec2f.jpg', 1, 0, '2025-11-29 16:13:08', '2025-11-29 16:13:08'),
(384, 128, 'products/9748e8da-8ee5-4675-936c-2230e4198949.jpg', 2, 0, '2025-11-29 16:13:08', '2025-11-29 16:13:08'),
(385, 129, 'products/a52f6d71-9f75-4adb-a3ce-20139ede3292.jpg', 1, 1, '2025-11-29 16:13:08', '2025-11-29 16:13:08'),
(386, 129, 'products/076e46d0-077f-4f87-a9a1-b7fb477e80ea.jpg', 1, 0, '2025-11-29 16:13:08', '2025-11-29 16:13:08'),
(387, 129, 'products/d7f70258-4fc3-43b9-aaf2-82c6bc8ec76a.jpg', 2, 0, '2025-11-29 16:13:08', '2025-11-29 16:13:08'),
(388, 130, 'products/835f9d20-98a5-46a2-ad8d-8814b5df9b87.jpg', 1, 1, '2025-11-29 16:13:08', '2025-11-29 16:13:08'),
(389, 130, 'products/3c8a6202-149f-4846-b823-e2e28108643c.jpg', 1, 0, '2025-11-29 16:13:08', '2025-11-29 16:13:08'),
(390, 130, 'products/d9f22baa-9734-4c6d-9d13-845fafb25c3b.jpg', 2, 0, '2025-11-29 16:13:08', '2025-11-29 16:13:08'),
(391, 131, 'products/72d587f8-b7b1-4a85-9d3c-dd540a339e3a.jpg', 1, 1, '2025-11-29 16:13:08', '2025-11-29 16:13:08'),
(392, 131, 'products/a45d8c1a-8cfc-44d8-be48-9b00dbbf0057.jpg', 1, 0, '2025-11-29 16:13:08', '2025-11-29 16:13:08'),
(393, 131, 'products/5c529eed-7d53-4443-b145-070bad3c9c07.jpg', 2, 0, '2025-11-29 16:13:08', '2025-11-29 16:13:08'),
(394, 132, 'products/163c5d13-c273-4324-af05-cc1ccace1c64.jpg', 1, 1, '2025-11-29 16:13:08', '2025-11-29 16:13:08'),
(395, 132, 'products/a0e9aa3f-1f84-48a7-ac8f-20e694b88ffd.jpg', 1, 0, '2025-11-29 16:13:08', '2025-11-29 16:13:08'),
(396, 132, 'products/9a822913-3572-4c72-9e4f-bb2f77a782dc.jpg', 2, 0, '2025-11-29 16:13:08', '2025-11-29 16:13:08'),
(397, 133, 'products/67c7e4d5-0785-4cb2-82c4-52beaf53e1d0.jpg', 1, 1, '2025-11-29 16:13:08', '2025-11-29 16:13:08'),
(398, 133, 'products/0c1da131-22c4-4e42-91b9-37fc1dbfecb8.jpg', 1, 0, '2025-11-29 16:13:08', '2025-11-29 16:13:08'),
(399, 133, 'products/2710929b-55cc-4c9b-b0a4-08e310e68d3d.jpg', 2, 0, '2025-11-29 16:13:08', '2025-11-29 16:13:08'),
(400, 134, 'products/d5a04d1d-34bf-468a-bf7c-e3b543c1012b.jpg', 1, 1, '2025-11-29 16:13:08', '2025-11-29 16:13:08'),
(401, 134, 'products/41924c22-a226-4a44-969f-c497b89befec.jpg', 1, 0, '2025-11-29 16:13:08', '2025-11-29 16:13:08'),
(402, 134, 'products/1daabfc2-a0ae-4f8c-a9b9-04db1a75dfc5.jpg', 2, 0, '2025-11-29 16:13:08', '2025-11-29 16:13:08'),
(403, 135, 'products/92cc8c22-05ba-49e8-85c4-89b6b53e2040.jpg', 1, 1, '2025-11-29 16:13:08', '2025-11-29 16:13:08'),
(404, 135, 'products/6fffd10d-a45c-45e0-8f83-6360a8739bac.jpg', 1, 0, '2025-11-29 16:13:08', '2025-11-29 16:13:08'),
(405, 135, 'products/0e00ace8-83d1-45e0-ba6c-f8a8f03a48d4.jpg', 2, 0, '2025-11-29 16:13:08', '2025-11-29 16:13:08'),
(406, 136, 'products/d6e38fc0-2ac7-4d98-840b-4eb57d8f6d41.jpg', 1, 1, '2025-11-29 16:13:08', '2025-11-29 16:13:08'),
(407, 136, 'products/51e67abb-f47d-49e2-abc6-1d9247752c3d.jpg', 1, 0, '2025-11-29 16:13:08', '2025-11-29 16:13:08'),
(408, 136, 'products/83fd5154-a2ff-44c4-ab72-9e5bb7101b9c.jpg', 2, 0, '2025-11-29 16:13:08', '2025-11-29 16:13:08'),
(409, 137, 'products/8acad2aa-5c87-4fb6-81f1-059e1c7f660b.jpg', 1, 1, '2025-11-29 16:13:08', '2025-11-29 16:13:08'),
(410, 137, 'products/9a827014-a51a-41cc-bc3f-6a80ddb056bd.jpg', 1, 0, '2025-11-29 16:13:08', '2025-11-29 16:13:08'),
(411, 137, 'products/3ae8906a-ee70-42cf-aff3-1c4de3d2d035.jpg', 2, 0, '2025-11-29 16:13:08', '2025-11-29 16:13:08'),
(412, 138, 'products/7897979d-032a-4b67-9d95-50ece813f32e.jpg', 1, 1, '2025-11-29 16:13:08', '2025-11-29 16:13:08'),
(413, 138, 'products/43ccdad5-f24e-4311-90e9-0b0e3855f7a0.jpg', 1, 0, '2025-11-29 16:13:08', '2025-11-29 16:13:08'),
(414, 138, 'products/158acddd-2429-4013-948a-f7a076f22976.jpg', 2, 0, '2025-11-29 16:13:08', '2025-11-29 16:13:08'),
(415, 139, 'products/76d9c922-7f29-44f8-a1b5-6d35a49e2507.jpg', 1, 1, '2025-11-29 16:13:08', '2025-11-29 16:13:08'),
(416, 139, 'products/409a83a2-78bb-4b52-8af1-8f953d7451a7.jpg', 1, 0, '2025-11-29 16:13:08', '2025-11-29 16:13:08'),
(417, 139, 'products/ecc8c7c7-e935-43c7-b26e-f3b386757470.jpg', 2, 0, '2025-11-29 16:13:08', '2025-11-29 16:13:08'),
(418, 140, 'products/bf53c243-b479-4acb-9ef6-6a2dcf499fae.jpg', 1, 1, '2025-11-29 16:13:08', '2025-11-29 16:13:08'),
(419, 140, 'products/af551d91-8a22-4468-9584-391cd41df0b7.jpg', 1, 0, '2025-11-29 16:13:08', '2025-11-29 16:13:08'),
(420, 140, 'products/748062ad-760e-4b5a-9b3d-5820fe51cba6.jpg', 2, 0, '2025-11-29 16:13:08', '2025-11-29 16:13:08'),
(421, 141, 'products/036f9998-ba2b-4bdf-b44e-eac76a67c96e.jpg', 1, 1, '2025-11-29 16:13:08', '2025-11-29 16:13:08'),
(422, 141, 'products/ebc92b14-19a5-43b4-97d4-601cea5378a5.jpg', 1, 0, '2025-11-29 16:13:08', '2025-11-29 16:13:08'),
(423, 141, 'products/60c917c6-c512-4fec-8db1-8b7c1a2647fa.jpg', 2, 0, '2025-11-29 16:13:08', '2025-11-29 16:13:08'),
(424, 142, 'products/fc0c6ecf-5191-46ab-ac64-8008d8eaeda3.jpg', 1, 1, '2025-11-29 16:13:08', '2025-11-29 16:13:08'),
(425, 142, 'products/8c157072-edc6-4e72-86fb-b63e45eedd1e.jpg', 1, 0, '2025-11-29 16:13:08', '2025-11-29 16:13:08'),
(426, 142, 'products/e0ba869b-a1f0-44d7-a2d5-c0f946034fcc.jpg', 2, 0, '2025-11-29 16:13:08', '2025-11-29 16:13:08'),
(427, 143, 'products/4a13c9af-6885-470a-87e1-e73eed6cad9d.jpg', 1, 1, '2025-11-29 16:13:08', '2025-11-29 16:13:08'),
(428, 143, 'products/600ac42a-5afc-440f-bd3e-ad4106978246.jpg', 1, 0, '2025-11-29 16:13:08', '2025-11-29 16:13:08'),
(429, 143, 'products/74f24aa4-ed74-415a-9734-d7e9ac2a6d40.jpg', 2, 0, '2025-11-29 16:13:08', '2025-11-29 16:13:08'),
(430, 144, 'products/ad174f0e-3b6f-4e82-9766-590c08328fc9.jpg', 1, 1, '2025-11-29 16:13:08', '2025-11-29 16:13:08'),
(431, 144, 'products/ab4ed4f4-33f9-4f84-8e77-ea7bb94a0e3b.jpg', 1, 0, '2025-11-29 16:13:08', '2025-11-29 16:13:08'),
(432, 144, 'products/bce319b2-4cb8-489f-a0d8-83846826b910.jpg', 2, 0, '2025-11-29 16:13:08', '2025-11-29 16:13:08'),
(433, 145, 'products/f43edfe8-fba1-4351-b234-0a998880989f.jpg', 1, 1, '2025-11-29 16:21:47', '2025-11-29 16:21:47'),
(434, 145, 'products/8919bf25-e13b-4513-bb08-c637d8e749fe.jpg', 1, 0, '2025-11-29 16:21:47', '2025-11-29 16:21:47'),
(435, 145, 'products/741e028d-a2c3-4063-8d4b-9cd560bb3dfb.jpg', 2, 0, '2025-11-29 16:21:47', '2025-11-29 16:21:47'),
(436, 146, 'products/81e40823-2646-4ee9-adab-245220364039.jpg', 1, 1, '2025-11-29 16:21:47', '2025-11-29 16:21:47'),
(437, 146, 'products/728e766d-27a7-41ea-a449-8fef1f6b79ac.jpg', 1, 0, '2025-11-29 16:21:47', '2025-11-29 16:21:47');
INSERT INTO `product_images` (`id`, `product_id`, `path`, `position`, `is_primary`, `created_at`, `updated_at`) VALUES
(438, 146, 'products/c296c614-e4e5-4310-9ade-fcf866c7d0ec.jpg', 2, 0, '2025-11-29 16:21:47', '2025-11-29 16:21:47'),
(439, 147, 'products/36373c50-9096-4b69-ac41-64c86db7609b.jpg', 1, 1, '2025-11-29 16:21:47', '2025-11-29 16:21:47'),
(440, 147, 'products/50c8ffff-671a-45db-9455-ae527dd0060e.jpg', 1, 0, '2025-11-29 16:21:47', '2025-11-29 16:21:47'),
(441, 147, 'products/91ae21d4-4591-4a9c-ba19-c730aa24a425.jpg', 2, 0, '2025-11-29 16:21:47', '2025-11-29 16:21:47'),
(442, 148, 'products/61953d21-c44b-4c96-965c-bcbbcf93fb50.jpg', 1, 1, '2025-11-29 16:21:47', '2025-11-29 16:21:47'),
(443, 148, 'products/f408dd0c-0549-4767-8abd-f1c893e67a13.jpg', 1, 0, '2025-11-29 16:21:47', '2025-11-29 16:21:47'),
(444, 148, 'products/241b15c0-c3bd-4291-bcbd-ae3a7748a1a8.jpg', 2, 0, '2025-11-29 16:21:47', '2025-11-29 16:21:47'),
(445, 149, 'products/95b47e13-4070-4813-b0ca-c55f7729e4f2.jpg', 1, 1, '2025-11-29 16:21:47', '2025-11-29 16:21:47'),
(446, 149, 'products/4a926a42-1ead-4b2a-9b14-6369d18b1522.jpg', 1, 0, '2025-11-29 16:21:47', '2025-11-29 16:21:47'),
(447, 149, 'products/9744fd57-2900-430c-b914-b3f92e1c2896.jpg', 2, 0, '2025-11-29 16:21:47', '2025-11-29 16:21:47'),
(448, 150, 'products/7643a796-774f-4e12-addd-a7beda643aca.jpg', 1, 1, '2025-11-29 16:21:47', '2025-11-29 16:21:47'),
(449, 150, 'products/7a052bbe-d6c5-401c-953b-514f269e2121.jpg', 1, 0, '2025-11-29 16:21:47', '2025-11-29 16:21:47'),
(450, 150, 'products/d9f5bf4a-e5d2-4542-a2c0-3f19260ca2e2.jpg', 2, 0, '2025-11-29 16:21:47', '2025-11-29 16:21:47'),
(451, 151, 'products/e0bc8513-6170-4f36-b9d4-88c4adb36e99.jpg', 1, 1, '2025-11-29 16:21:47', '2025-11-29 16:21:47'),
(452, 151, 'products/436d62d4-fd09-43f2-bbbd-c2abca367485.jpg', 1, 0, '2025-11-29 16:21:47', '2025-11-29 16:21:47'),
(453, 151, 'products/bad78ce8-f41e-497a-b128-62c6a27ef1d4.jpg', 2, 0, '2025-11-29 16:21:47', '2025-11-29 16:21:47'),
(454, 152, 'products/233d529a-d402-42c5-b03a-254f2e75d86e.jpg', 1, 1, '2025-11-29 16:21:47', '2025-11-29 16:21:47'),
(455, 152, 'products/7d3c298e-eabf-4925-9324-3b3749941373.jpg', 1, 0, '2025-11-29 16:21:47', '2025-11-29 16:21:47'),
(456, 152, 'products/13f9e3c6-ec2e-44be-82d3-9d94cf46d1a6.jpg', 2, 0, '2025-11-29 16:21:47', '2025-11-29 16:21:47'),
(457, 153, 'products/ccdb4672-51fd-4b59-9f73-a9168f0e67e1.jpg', 1, 1, '2025-11-29 16:21:47', '2025-11-29 16:21:47'),
(458, 153, 'products/3943add7-6310-4107-bdf0-b50d3ffc99fe.jpg', 1, 0, '2025-11-29 16:21:47', '2025-11-29 16:21:47'),
(459, 153, 'products/903f6957-1981-43d2-bd81-25d10de3d1d3.jpg', 2, 0, '2025-11-29 16:21:47', '2025-11-29 16:21:47'),
(460, 154, 'products/dc62ab1e-bb31-4170-b778-c7cc0545157c.jpg', 1, 1, '2025-11-29 16:21:47', '2025-11-29 16:21:48'),
(461, 154, 'products/ac7428bc-d750-40fc-b7be-c8fa55ee6dd3.jpg', 1, 0, '2025-11-29 16:21:48', '2025-11-29 16:21:48'),
(462, 154, 'products/3bba56ce-7093-45da-b1e2-f652baa127b8.jpg', 2, 0, '2025-11-29 16:21:48', '2025-11-29 16:21:48'),
(463, 155, 'products/1eca16ff-e4b3-4cf2-aa61-a4a0b5876f1f.jpg', 1, 1, '2025-11-29 16:21:48', '2025-11-29 16:21:48'),
(464, 155, 'products/3a965713-cad2-4372-8012-18ccf880b317.jpg', 1, 0, '2025-11-29 16:21:48', '2025-11-29 16:21:48'),
(465, 155, 'products/92a3210c-8d8e-42c2-b8cb-1adf879270de.jpg', 2, 0, '2025-11-29 16:21:48', '2025-11-29 16:21:48'),
(466, 156, 'products/8219ca80-bc00-4758-8478-5ade0a23efdf.jpg', 1, 1, '2025-11-29 16:21:48', '2025-11-29 16:21:48'),
(467, 156, 'products/bda82ff5-272d-40ed-92e6-9104ac65a681.jpg', 1, 0, '2025-11-29 16:21:48', '2025-11-29 16:21:48'),
(468, 156, 'products/0dcc7362-0264-44a0-9c5b-8662e646e31a.jpg', 2, 0, '2025-11-29 16:21:48', '2025-11-29 16:21:48'),
(469, 157, 'products/7447e861-1637-4adc-8e20-59aa051b7941.jpg', 1, 1, '2025-11-29 16:21:48', '2025-11-29 16:21:48'),
(470, 157, 'products/de2d8c62-599a-47db-8a52-b951aad5967d.jpg', 1, 0, '2025-11-29 16:21:48', '2025-11-29 16:21:48'),
(471, 157, 'products/0c338643-828c-4d26-ba2d-1fca0545e490.jpg', 2, 0, '2025-11-29 16:21:48', '2025-11-29 16:21:48'),
(472, 158, 'products/8c655959-9257-457a-8865-c1c7ee8c7e27.jpg', 1, 1, '2025-11-29 16:21:48', '2025-11-29 16:21:48'),
(473, 158, 'products/5bc0178c-9467-4690-ad5b-5d2a6c17ff4d.jpg', 1, 0, '2025-11-29 16:21:48', '2025-11-29 16:21:48'),
(474, 158, 'products/ca0d87b0-8494-4371-a324-5cc863dcaa6d.jpg', 2, 0, '2025-11-29 16:21:48', '2025-11-29 16:21:48'),
(475, 159, 'products/629187b8-5702-456a-a40c-c3f8a1cb99b1.jpg', 1, 1, '2025-11-29 16:21:48', '2025-11-29 16:21:48'),
(476, 159, 'products/bacfd1e6-30fe-4a4a-9335-ac6af094db6b.jpg', 1, 0, '2025-11-29 16:21:48', '2025-11-29 16:21:48'),
(477, 159, 'products/48410217-60ea-45eb-a1e3-3597bf845939.jpg', 2, 0, '2025-11-29 16:21:48', '2025-11-29 16:21:48'),
(478, 160, 'products/376be325-b816-4c80-955b-5f9aa78e089e.jpg', 1, 1, '2025-11-29 16:21:48', '2025-11-29 16:21:48'),
(479, 160, 'products/2ba1169b-323e-42ca-8b6f-e0017bfafbbb.jpg', 1, 0, '2025-11-29 16:21:48', '2025-11-29 16:21:48'),
(480, 160, 'products/b1c9d409-7780-4543-b72e-2914c3a5f465.jpg', 2, 0, '2025-11-29 16:21:48', '2025-11-29 16:21:48'),
(481, 161, 'products/ca3e369c-0cb7-4b3b-9b36-c772b1f3bcda.jpg', 1, 1, '2025-11-29 16:21:48', '2025-11-29 16:21:48'),
(482, 161, 'products/2f1af9be-f337-4ab4-a750-632a6a056ddd.jpg', 1, 0, '2025-11-29 16:21:48', '2025-11-29 16:21:48'),
(483, 161, 'products/8daaabd3-fe63-4c8f-a6c9-d2e22aa1d7d3.jpg', 2, 0, '2025-11-29 16:21:48', '2025-11-29 16:21:48'),
(484, 162, 'products/713ed6cd-64b7-48c0-902e-e89f7991cb19.jpg', 1, 1, '2025-11-29 16:21:48', '2025-11-29 16:21:48'),
(485, 162, 'products/bf944b5e-2297-4207-ad64-1ed291d53648.jpg', 1, 0, '2025-11-29 16:21:48', '2025-11-29 16:21:48'),
(486, 162, 'products/1ec32323-e0e2-451b-bc11-41a9f384ec71.jpg', 2, 0, '2025-11-29 16:21:48', '2025-11-29 16:21:48'),
(487, 163, 'products/d13e7d11-1aeb-491d-97c6-81ccf870c0c0.jpg', 1, 1, '2025-11-29 16:21:48', '2025-11-29 16:21:48'),
(488, 163, 'products/c2c953f6-757c-4e1f-9fbe-ce063583a942.jpg', 1, 0, '2025-11-29 16:21:48', '2025-11-29 16:21:48'),
(489, 163, 'products/111b853f-014e-4cfe-ae11-acf2473dbe4e.jpg', 2, 0, '2025-11-29 16:21:48', '2025-11-29 16:21:48'),
(490, 164, 'products/8889c45e-9aec-4e7b-b122-0f870d3cfe71.jpg', 1, 1, '2025-11-29 16:21:48', '2025-11-29 16:21:48'),
(491, 164, 'products/9ec8f942-8300-4c8d-bf3b-95779785b969.jpg', 1, 0, '2025-11-29 16:21:48', '2025-11-29 16:21:48'),
(492, 164, 'products/2749bad9-c44a-4201-a8e5-cc82c3ffa4cf.jpg', 2, 0, '2025-11-29 16:21:48', '2025-11-29 16:21:48'),
(493, 165, 'products/79e31662-9ac4-4caa-9a0a-4c5dd9f582cf.jpg', 1, 1, '2025-11-29 16:21:48', '2025-11-29 16:21:48'),
(494, 165, 'products/4c219915-0e5d-4ece-bd0a-1287fc007626.jpg', 1, 0, '2025-11-29 16:21:48', '2025-11-29 16:21:48'),
(495, 165, 'products/4fa024fd-3956-4bd5-8a8e-89f3981ece28.jpg', 2, 0, '2025-11-29 16:21:48', '2025-11-29 16:21:48'),
(496, 166, 'products/382b6743-5d52-449e-982d-fc572b4f5a0c.jpg', 1, 1, '2025-11-29 16:21:48', '2025-11-29 16:21:48'),
(497, 166, 'products/be3d8e9b-8b08-4406-9aa4-a48b5f6fdf7e.jpg', 1, 0, '2025-11-29 16:21:48', '2025-11-29 16:21:48'),
(498, 166, 'products/54ed09b9-7a44-4c71-bbda-64b6cad6a0ad.jpg', 2, 0, '2025-11-29 16:21:48', '2025-11-29 16:21:48'),
(499, 167, 'products/26e3b839-3d5e-4b9d-8a3d-38cd805e81b5.jpg', 1, 1, '2025-11-29 16:21:48', '2025-11-29 16:21:48'),
(500, 167, 'products/8aa32370-9702-42b0-8f5c-cec469d8ad98.jpg', 1, 0, '2025-11-29 16:21:48', '2025-11-29 16:21:48'),
(501, 167, 'products/9c825ac4-0d0d-460d-b52f-5d9674740368.jpg', 2, 0, '2025-11-29 16:21:48', '2025-11-29 16:21:48'),
(502, 168, 'products/9ea0e1c8-8e91-434d-947f-684fde88b510.jpg', 1, 1, '2025-11-29 16:21:48', '2025-11-29 16:21:48'),
(503, 168, 'products/13064246-85ac-4947-89b3-a1f378a2f152.jpg', 1, 0, '2025-11-29 16:21:48', '2025-11-29 16:21:48'),
(504, 168, 'products/f85cadcb-70a1-4a0d-aae0-ae3ad402264b.jpg', 2, 0, '2025-11-29 16:21:48', '2025-11-29 16:21:48'),
(505, 169, 'products/5c721d5e-9cbf-4415-a764-f1c0787c7810.jpg', 1, 1, '2025-11-29 16:21:48', '2025-11-29 16:21:48'),
(506, 169, 'products/09ad1713-17ed-4b8a-abfa-6f90244a999a.jpg', 1, 0, '2025-11-29 16:21:48', '2025-11-29 16:21:48'),
(507, 169, 'products/9a9be917-9675-4b55-a7ee-6f068addb018.jpg', 2, 0, '2025-11-29 16:21:48', '2025-11-29 16:21:48'),
(508, 170, 'products/3a7e3ccd-97f3-49fd-89d1-47c50b1cc65d.jpg', 1, 1, '2025-11-29 16:21:48', '2025-11-29 16:21:48'),
(509, 170, 'products/1e61af26-a22d-4e6e-b2ab-0cc7aa5dbf98.jpg', 1, 0, '2025-11-29 16:21:48', '2025-11-29 16:21:48'),
(510, 170, 'products/d391c754-7b95-47f6-90fe-1532ef40c776.jpg', 2, 0, '2025-11-29 16:21:48', '2025-11-29 16:21:48'),
(511, 171, 'products/8ff7f806-22e3-4639-8755-4b5d5b0a1638.jpg', 1, 1, '2025-11-29 16:21:48', '2025-11-29 16:21:48'),
(512, 171, 'products/d7d77f85-0603-4dfb-bb32-bbf8b92b021f.jpg', 1, 0, '2025-11-29 16:21:48', '2025-11-29 16:21:48'),
(513, 171, 'products/8e03c356-69a3-4359-9d48-86bba9ca5212.jpg', 2, 0, '2025-11-29 16:21:48', '2025-11-29 16:21:48'),
(514, 172, 'products/28a1e7b3-09af-4684-81c9-06938125f986.jpg', 1, 1, '2025-11-29 16:21:48', '2025-11-29 16:21:48'),
(515, 172, 'products/e0069c2d-9786-47a3-b727-4fe8958d700d.jpg', 1, 0, '2025-11-29 16:21:48', '2025-11-29 16:21:48'),
(516, 172, 'products/a2ac5ccb-c0ba-450c-b592-cf6da0913b89.jpg', 2, 0, '2025-11-29 16:21:48', '2025-11-29 16:21:48'),
(517, 173, 'products/9c02c99f-332b-44ab-9394-a76ee4f61167.jpg', 1, 1, '2025-11-29 16:21:48', '2025-11-29 16:21:48'),
(518, 173, 'products/439236fe-c51b-4a58-b719-79da88d74817.jpg', 1, 0, '2025-11-29 16:21:48', '2025-11-29 16:21:48'),
(519, 173, 'products/928ad721-1880-46f1-a993-686e3f533bbd.jpg', 2, 0, '2025-11-29 16:21:48', '2025-11-29 16:21:48'),
(520, 174, 'products/0feeca8b-e0f1-496c-91a6-64c9d936ba81.jpg', 1, 1, '2025-11-29 16:21:48', '2025-11-29 16:21:48'),
(521, 174, 'products/81efec34-35b9-415c-ac60-1ce480a8d284.jpg', 1, 0, '2025-11-29 16:21:48', '2025-11-29 16:21:48'),
(522, 174, 'products/c38c66b4-7882-4ba5-9f05-b2b8a563a6a2.jpg', 2, 0, '2025-11-29 16:21:48', '2025-11-29 16:21:48'),
(523, 175, 'products/0d68e13c-7dba-483b-8cf4-ab084891949b.jpg', 1, 1, '2025-11-29 16:21:48', '2025-11-29 16:21:48'),
(524, 175, 'products/99aa55f7-f363-49e4-b788-d96d9bfc4085.jpg', 1, 0, '2025-11-29 16:21:48', '2025-11-29 16:21:48'),
(525, 175, 'products/819110a2-6fa5-4cf6-a5e4-470e1df8c49d.jpg', 2, 0, '2025-11-29 16:21:48', '2025-11-29 16:21:48'),
(526, 176, 'products/9468de5b-f396-40e1-84af-e6e04650510f.jpg', 1, 1, '2025-11-29 16:21:48', '2025-11-29 16:21:48'),
(527, 176, 'products/9dc7b13a-eded-48e1-b17d-f777159f3b5a.jpg', 1, 0, '2025-11-29 16:21:48', '2025-11-29 16:21:48'),
(528, 176, 'products/5e388e23-9133-4553-b2c4-83360c7a5c8a.jpg', 2, 0, '2025-11-29 16:21:48', '2025-11-29 16:21:48'),
(529, 177, 'products/6d512783-54ee-4694-a132-8a1316a87a13.jpg', 1, 1, '2025-11-29 16:21:48', '2025-11-29 16:21:48'),
(530, 177, 'products/de583a6b-594d-47ed-a060-e49c86abe8da.jpg', 1, 0, '2025-11-29 16:21:48', '2025-11-29 16:21:48'),
(531, 177, 'products/96d5afb3-b046-4f19-9005-5ce569b04e06.jpg', 2, 0, '2025-11-29 16:21:48', '2025-11-29 16:21:48'),
(532, 178, 'products/b1e5189b-3283-4890-b4ca-5e304d1b6667.jpg', 1, 1, '2025-11-29 16:21:48', '2025-11-29 16:21:48'),
(533, 178, 'products/99999325-2985-40ee-8113-49b4961836bb.jpg', 1, 0, '2025-11-29 16:21:48', '2025-11-29 16:21:48'),
(534, 178, 'products/bfa24fcb-4d11-4115-984e-649971369b9f.jpg', 2, 0, '2025-11-29 16:21:48', '2025-11-29 16:21:48'),
(535, 179, 'products/61db19cc-be97-443d-a8af-7a8e656c940a.jpg', 1, 1, '2025-11-29 16:21:48', '2025-11-29 16:21:48'),
(536, 179, 'products/4bf1f4ef-a05b-4f1a-af1e-72f1b182abd9.jpg', 1, 0, '2025-11-29 16:21:48', '2025-11-29 16:21:48'),
(537, 179, 'products/086fd95f-04dc-4339-80b5-1ca8851f31d8.jpg', 2, 0, '2025-11-29 16:21:48', '2025-11-29 16:21:48'),
(538, 180, 'products/96f51d93-8ab2-4ffe-8ae5-f8ee7b17cb07.jpg', 1, 1, '2025-11-29 16:21:48', '2025-11-29 16:21:48'),
(539, 180, 'products/aa16b2a0-87e6-4807-98e0-1528a48885fc.jpg', 1, 0, '2025-11-29 16:21:48', '2025-11-29 16:21:48'),
(540, 180, 'products/e2e538c0-6a6e-48e5-9b5f-e235b0751e9e.jpg', 2, 0, '2025-11-29 16:21:48', '2025-11-29 16:21:48'),
(541, 181, 'products/b43be4cd-69f4-4707-8f6e-72d80160b530.jpg', 1, 1, '2025-11-29 16:21:48', '2025-11-29 16:21:48'),
(542, 181, 'products/0d72364c-633c-440b-b058-07ee04ef40a1.jpg', 1, 0, '2025-11-29 16:21:48', '2025-11-29 16:21:48'),
(543, 181, 'products/c7318a02-ccf2-4292-80de-aa125439595c.jpg', 2, 0, '2025-11-29 16:21:48', '2025-11-29 16:21:48'),
(544, 182, 'products/4c22bc22-df5c-4ce5-822c-839132eb3215.jpg', 1, 1, '2025-11-29 16:21:48', '2025-11-29 16:21:48'),
(545, 182, 'products/32c5e08c-2963-4094-b421-b37140993ac5.jpg', 1, 0, '2025-11-29 16:21:48', '2025-11-29 16:21:48'),
(546, 182, 'products/070d2bb4-9fdd-4a4a-828f-7d84876f841e.jpg', 2, 0, '2025-11-29 16:21:48', '2025-11-29 16:21:48'),
(547, 183, 'products/0870cef6-64fd-4c57-a2ef-bb9d47755c0b.jpg', 1, 1, '2025-11-29 16:21:48', '2025-11-29 16:21:48'),
(548, 183, 'products/85ac83d0-3b1f-420d-9c05-d5696a53778f.jpg', 1, 0, '2025-11-29 16:21:48', '2025-11-29 16:21:48'),
(549, 183, 'products/5302f5ff-47cb-4cb2-8733-b5a964faf89a.jpg', 2, 0, '2025-11-29 16:21:48', '2025-11-29 16:21:48'),
(550, 184, 'products/3cbb5f71-5582-49aa-b657-53325bc4029a.jpg', 1, 1, '2025-11-29 16:21:48', '2025-11-29 16:21:48'),
(551, 184, 'products/9bd47f06-9378-428b-9a66-b09f16a33480.jpg', 1, 0, '2025-11-29 16:21:48', '2025-11-29 16:21:48'),
(552, 184, 'products/14a99330-8439-4a26-8e33-6f25c35577ae.jpg', 2, 0, '2025-11-29 16:21:48', '2025-11-29 16:21:48'),
(553, 185, 'products/17173230-51c3-4f3b-8507-b8c9dba1d060.jpg', 1, 1, '2025-11-29 16:21:48', '2025-11-29 16:21:48'),
(554, 185, 'products/68534d81-f645-4857-8877-7d3faf2e12df.jpg', 1, 0, '2025-11-29 16:21:48', '2025-11-29 16:21:48'),
(555, 185, 'products/e51e29c3-2167-4dff-ac5e-45ab2dcb4175.jpg', 2, 0, '2025-11-29 16:21:48', '2025-11-29 16:21:48'),
(556, 186, 'products/487bb965-0430-4944-b4a3-355c6bcc34ac.jpg', 1, 1, '2025-11-29 16:21:48', '2025-11-29 16:21:48'),
(557, 186, 'products/ea8c7f7e-64e5-4223-9ab5-e92bc6784ee3.jpg', 1, 0, '2025-11-29 16:21:48', '2025-11-29 16:21:48'),
(558, 186, 'products/ab9f813e-31ed-4c55-9661-33eefa34f2ed.jpg', 2, 0, '2025-11-29 16:21:48', '2025-11-29 16:21:48'),
(559, 187, 'products/fc2a5e9e-82eb-4288-8fb2-101cc3e82c13.jpg', 1, 1, '2025-11-29 16:21:48', '2025-11-29 16:21:48'),
(560, 187, 'products/dcde2f01-39bc-4a01-a7cb-6c5c57973379.jpg', 1, 0, '2025-11-29 16:21:48', '2025-11-29 16:21:48'),
(561, 187, 'products/9b542698-406a-494a-bce1-bd83a8dccc1f.jpg', 2, 0, '2025-11-29 16:21:48', '2025-11-29 16:21:48'),
(562, 188, 'products/520db526-b1b0-4c63-ba1e-e3820bfb663e.jpg', 1, 1, '2025-11-29 16:21:48', '2025-11-29 16:21:48'),
(563, 188, 'products/07e8df77-7903-408e-902c-2bdb01676cdb.jpg', 1, 0, '2025-11-29 16:21:48', '2025-11-29 16:21:48'),
(564, 188, 'products/7a6db819-b767-4e4b-b316-3dc8f0556e2f.jpg', 2, 0, '2025-11-29 16:21:48', '2025-11-29 16:21:48'),
(565, 189, 'products/041b8b94-0b47-4023-a2d8-51c083e78b6b.jpg', 1, 1, '2025-11-29 16:21:48', '2025-11-29 16:21:48'),
(566, 189, 'products/4d96329c-4ac5-412b-87d3-a92604f3c1a9.jpg', 1, 0, '2025-11-29 16:21:48', '2025-11-29 16:21:48'),
(567, 189, 'products/36cde49d-cc4d-4f52-8d3c-e394f8b708a0.jpg', 2, 0, '2025-11-29 16:21:48', '2025-11-29 16:21:48'),
(568, 190, 'products/55544789-9714-4344-b023-6a8121993a3d.jpg', 1, 1, '2025-11-29 16:21:48', '2025-11-29 16:21:48'),
(569, 190, 'products/d3ce03ee-fbc6-4697-9d36-0e940675d9df.jpg', 1, 0, '2025-11-29 16:21:48', '2025-11-29 16:21:48'),
(570, 190, 'products/6111777f-51fc-443d-b1ba-06ed4c53c0f1.jpg', 2, 0, '2025-11-29 16:21:48', '2025-11-29 16:21:48'),
(571, 191, 'products/a904039a-df7a-4960-b1b8-4fe67b983c07.jpg', 1, 1, '2025-11-29 16:21:48', '2025-11-29 16:21:48'),
(572, 191, 'products/f11c3550-6443-4b2d-aa9e-b8c86a827a34.jpg', 1, 0, '2025-11-29 16:21:48', '2025-11-29 16:21:48'),
(573, 191, 'products/61de4855-a595-4652-893c-2f9f406def62.jpg', 2, 0, '2025-11-29 16:21:48', '2025-11-29 16:21:48'),
(574, 192, 'products/90a7d17a-f44d-4aef-be78-461083d98770.jpg', 1, 1, '2025-11-29 16:21:48', '2025-11-29 16:21:48'),
(575, 192, 'products/d0dc0ee0-7bb8-47d7-a810-0f541da04c50.jpg', 1, 0, '2025-11-29 16:21:48', '2025-11-29 16:21:48'),
(576, 192, 'products/781e0cea-688d-4ab5-92e4-657981c9a4c6.jpg', 2, 0, '2025-11-29 16:21:48', '2025-11-29 16:21:48'),
(577, 193, 'products/7a821cad-565c-4681-8b6f-ce8cc33739a3.jpg', 1, 1, '2025-11-29 16:21:48', '2025-11-29 16:21:48'),
(578, 193, 'products/d2c8a02b-d52f-4bf6-8b01-6d8ced4f650a.jpg', 1, 0, '2025-11-29 16:21:48', '2025-11-29 16:21:48'),
(579, 193, 'products/fc143120-daac-42bb-8eed-e9a7604fba0f.jpg', 2, 0, '2025-11-29 16:21:48', '2025-11-29 16:21:48'),
(580, 194, 'products/8f205252-4805-4c08-9650-f0668216d2d6.jpg', 1, 1, '2025-11-29 16:21:48', '2025-11-29 16:21:48'),
(581, 194, 'products/5741f9ae-44fc-4a24-ac51-4afa24f991d5.jpg', 1, 0, '2025-11-29 16:21:48', '2025-11-29 16:21:48'),
(582, 194, 'products/d2fdf5d6-b4b8-4531-b0fb-2734b6bc8dcf.jpg', 2, 0, '2025-11-29 16:21:48', '2025-11-29 16:21:48'),
(583, 195, 'products/54b610ef-e978-4077-a410-cbd888e554ce.jpg', 1, 1, '2025-11-29 16:21:48', '2025-11-29 16:21:48'),
(584, 195, 'products/d0851efb-aa5c-43be-847a-3d7eac35fe90.jpg', 1, 0, '2025-11-29 16:21:48', '2025-11-29 16:21:48'),
(585, 195, 'products/c9d06f24-b5be-4c29-826e-7e038a50f3ee.jpg', 2, 0, '2025-11-29 16:21:48', '2025-11-29 16:21:48'),
(586, 196, 'products/7b13186f-7f98-4d78-bae3-4032bc16d9a2.jpg', 1, 1, '2025-11-29 16:21:48', '2025-11-29 16:21:48'),
(587, 196, 'products/907c83a4-ba75-428f-9e11-17d234667108.jpg', 1, 0, '2025-11-29 16:21:48', '2025-11-29 16:21:48'),
(588, 196, 'products/9e4420ca-8aaf-49c3-8c78-7d66fce35563.jpg', 2, 0, '2025-11-29 16:21:48', '2025-11-29 16:21:48'),
(589, 197, 'products/402c038f-1ddb-4663-bd7e-057032c6946e.jpg', 1, 1, '2025-11-29 16:21:48', '2025-11-29 16:21:48'),
(590, 197, 'products/d431890a-ba63-436c-897b-efb64f74538a.jpg', 1, 0, '2025-11-29 16:21:48', '2025-11-29 16:21:48'),
(591, 197, 'products/c68a2bcd-bcf9-4355-8604-bb1e68919add.jpg', 2, 0, '2025-11-29 16:21:48', '2025-11-29 16:21:48'),
(592, 198, 'products/67c8a0ea-1ed6-4d4c-b1aa-a31c498c0f22.jpg', 1, 1, '2025-11-29 16:21:48', '2025-11-29 16:21:48'),
(593, 198, 'products/5bb814dd-9e53-4e8d-8ca6-ef261e13192b.jpg', 1, 0, '2025-11-29 16:21:48', '2025-11-29 16:21:48'),
(594, 198, 'products/34075b5d-8f99-44fa-b0a8-b96200e706c9.jpg', 2, 0, '2025-11-29 16:21:48', '2025-11-29 16:21:48'),
(595, 199, 'products/c095eb93-0025-4e45-b1a8-320e79cfdb56.jpg', 1, 1, '2025-11-29 16:21:48', '2025-11-29 16:21:48'),
(596, 199, 'products/99aaa69a-d7cd-41a3-8387-c7c3221bc30e.jpg', 1, 0, '2025-11-29 16:21:48', '2025-11-29 16:21:48'),
(597, 199, 'products/7bd41b96-6389-4f31-8c44-be50bfa822c1.jpg', 2, 0, '2025-11-29 16:21:48', '2025-11-29 16:21:48'),
(598, 200, 'products/eda957bb-c783-42c7-a45b-49b620358201.jpg', 1, 1, '2025-11-29 16:21:49', '2025-11-29 16:21:49'),
(599, 200, 'products/dc5124ca-28e7-4cee-97c2-1556e7fbf52d.jpg', 1, 0, '2025-11-29 16:21:49', '2025-11-29 16:21:49'),
(600, 200, 'products/812b22c3-3dfa-441c-9ce7-591ead3c5e5c.jpg', 2, 0, '2025-11-29 16:21:49', '2025-11-29 16:21:49'),
(601, 201, 'products/75c52cad-9afe-41f9-97d0-ba64c7c0276a.jpg', 1, 1, '2025-11-29 16:21:49', '2025-11-29 16:21:49'),
(602, 201, 'products/737d7716-98e4-4c26-aa8e-59c3c2023e36.jpg', 1, 0, '2025-11-29 16:21:49', '2025-11-29 16:21:49'),
(603, 201, 'products/1866cd3a-c306-4d9e-8c51-73a114385740.jpg', 2, 0, '2025-11-29 16:21:49', '2025-11-29 16:21:49'),
(604, 202, 'products/18c21a03-6b71-4f6f-8317-ab6b5bdef79d.jpg', 1, 1, '2025-11-29 16:21:49', '2025-11-29 16:21:49'),
(605, 202, 'products/aa71da4c-a605-43fe-8bdf-0088d3805b0b.jpg', 1, 0, '2025-11-29 16:21:49', '2025-11-29 16:21:49'),
(606, 202, 'products/a782056a-4fd3-4417-880d-3cba48f82aee.jpg', 2, 0, '2025-11-29 16:21:49', '2025-11-29 16:21:49'),
(607, 203, 'products/cf9fc824-1104-405c-83e5-7b5e102b335d.jpg', 1, 1, '2025-11-29 16:21:49', '2025-11-29 16:21:49'),
(608, 203, 'products/5f7d0de2-8549-4fab-b17e-d8812d6348f5.jpg', 1, 0, '2025-11-29 16:21:49', '2025-11-29 16:21:49'),
(609, 203, 'products/162755bf-5a55-485e-b7c3-29a08d94b1b0.jpg', 2, 0, '2025-11-29 16:21:49', '2025-11-29 16:21:49'),
(610, 204, 'products/8efa83ee-64b1-414f-90f4-7c8d9b8d3b4c.jpg', 1, 1, '2025-11-29 16:21:49', '2025-11-29 16:21:49'),
(611, 204, 'products/101031fb-a8f8-473b-aed8-2771c88fafe7.jpg', 1, 0, '2025-11-29 16:21:49', '2025-11-29 16:21:49'),
(612, 204, 'products/9b0687bf-d529-4b9d-a234-10c3ab5dd544.jpg', 2, 0, '2025-11-29 16:21:49', '2025-11-29 16:21:49'),
(613, 205, 'products/1cb7d9cd-904f-429f-aa04-2648dbdefc00.jpg', 1, 1, '2025-11-29 16:21:49', '2025-11-29 16:21:49'),
(614, 205, 'products/71d1cb29-94f0-4bd2-86c0-55605c13c38e.jpg', 1, 0, '2025-11-29 16:21:49', '2025-11-29 16:21:49'),
(615, 205, 'products/9e7b22f8-633f-471a-9ffd-4d7edaf63821.jpg', 2, 0, '2025-11-29 16:21:49', '2025-11-29 16:21:49'),
(616, 206, 'products/f0d03587-c419-4a3f-9832-f85f536897c0.jpg', 1, 1, '2025-11-29 16:21:49', '2025-11-29 16:21:49'),
(617, 206, 'products/cdced4b0-54bc-44f3-96e8-56a6c0e6491a.jpg', 1, 0, '2025-11-29 16:21:49', '2025-11-29 16:21:49'),
(618, 206, 'products/c8c129b2-18d5-451b-92b7-18626a337d50.jpg', 2, 0, '2025-11-29 16:21:49', '2025-11-29 16:21:49'),
(619, 207, 'products/621a22a5-6c48-4162-8c72-35805df2247d.jpg', 1, 1, '2025-11-29 16:21:49', '2025-11-29 16:21:49'),
(620, 207, 'products/ef11e14f-2f5e-47c5-8cd1-9451b9a6fd97.jpg', 1, 0, '2025-11-29 16:21:49', '2025-11-29 16:21:49'),
(621, 207, 'products/fe3b5465-10e4-4a47-88c8-e5a57f2db52e.jpg', 2, 0, '2025-11-29 16:21:49', '2025-11-29 16:21:49'),
(622, 208, 'products/1afba478-70b7-42f7-bcea-b95cdb6ca91b.jpg', 1, 1, '2025-11-29 16:21:49', '2025-11-29 16:21:49'),
(623, 208, 'products/43e8cbe3-8aea-49f2-8845-15bc4a18e355.jpg', 1, 0, '2025-11-29 16:21:49', '2025-11-29 16:21:49'),
(624, 208, 'products/8a900b76-93cc-4dd8-ac40-e6b5e6be0dda.jpg', 2, 0, '2025-11-29 16:21:49', '2025-11-29 16:21:49'),
(625, 209, 'products/b0262573-174e-4ea2-89ae-2f95d36a171b.jpg', 1, 1, '2025-11-29 16:21:49', '2025-11-29 16:21:49'),
(626, 209, 'products/5634028f-a134-4872-bc80-a1ab27eda016.jpg', 1, 0, '2025-11-29 16:21:49', '2025-11-29 16:21:49'),
(627, 209, 'products/1243aef8-7fc1-4dc0-a896-812e5c4496e2.jpg', 2, 0, '2025-11-29 16:21:49', '2025-11-29 16:21:49'),
(628, 210, 'products/4f45d5e3-8a85-4af7-8a22-283516c55dde.jpg', 1, 1, '2025-11-29 16:21:49', '2025-11-29 16:21:49'),
(629, 210, 'products/d2076a23-c941-4063-83fe-feadb8d4ec7a.jpg', 1, 0, '2025-11-29 16:21:49', '2025-11-29 16:21:49'),
(630, 210, 'products/4acd2d0b-a5ff-4a90-8dfe-2c1101fd6eb7.jpg', 2, 0, '2025-11-29 16:21:49', '2025-11-29 16:21:49'),
(631, 211, 'products/a056c0be-0ef3-456d-84bf-3a4ee0f81c75.jpg', 1, 1, '2025-11-29 16:21:49', '2025-11-29 16:21:49'),
(632, 211, 'products/e2a63db7-afac-4c83-bb3b-fb7ab051d1ef.jpg', 1, 0, '2025-11-29 16:21:49', '2025-11-29 16:21:49'),
(633, 211, 'products/ea5df536-1fa1-4e8c-8ebb-fbce95ac2943.jpg', 2, 0, '2025-11-29 16:21:49', '2025-11-29 16:21:49'),
(634, 212, 'products/ccf2b5e8-ebec-4523-8615-4469cc2abca7.jpg', 1, 1, '2025-11-29 16:21:49', '2025-11-29 16:21:49'),
(635, 212, 'products/f6b0a1ee-2d86-4f92-bbad-c2a23045fa99.jpg', 1, 0, '2025-11-29 16:21:49', '2025-11-29 16:21:49'),
(636, 212, 'products/0c2377be-6dbc-498e-8b95-9e4bce3c8efb.jpg', 2, 0, '2025-11-29 16:21:49', '2025-11-29 16:21:49'),
(637, 213, 'products/98b76dae-c7cd-4ff4-b510-a0878f401c61.jpg', 1, 1, '2025-11-29 16:21:49', '2025-11-29 16:21:49'),
(638, 213, 'products/c02242ce-93f8-40bc-972a-3933cab16fbe.jpg', 1, 0, '2025-11-29 16:21:49', '2025-11-29 16:21:49'),
(639, 213, 'products/15483a3c-fe8d-4a8a-aef3-d1254686f608.jpg', 2, 0, '2025-11-29 16:21:49', '2025-11-29 16:21:49'),
(640, 214, 'products/27ba253a-aec5-49bc-9a88-ca00b0bdfe00.jpg', 1, 1, '2025-11-29 16:21:49', '2025-11-29 16:21:49'),
(641, 214, 'products/5f7b3a9f-e319-4796-bf14-b1dca5c0c54b.jpg', 1, 0, '2025-11-29 16:21:49', '2025-11-29 16:21:49'),
(642, 214, 'products/f7832562-605e-4432-a464-cbf3c6709c06.jpg', 2, 0, '2025-11-29 16:21:49', '2025-11-29 16:21:49'),
(643, 215, 'products/c2874eef-0edd-4e72-9583-d3bf3c97c864.jpg', 1, 1, '2025-11-29 16:21:49', '2025-11-29 16:21:49'),
(644, 215, 'products/b7bd94e7-fd01-41d4-9b74-d2fd8df58b10.jpg', 1, 0, '2025-11-29 16:21:49', '2025-11-29 16:21:49'),
(645, 215, 'products/09266bee-7611-418d-96f6-4440cb492dd0.jpg', 2, 0, '2025-11-29 16:21:49', '2025-11-29 16:21:49'),
(646, 216, 'products/44045555-7f52-4f0b-987f-d06501be0c29.jpg', 1, 1, '2025-11-29 16:21:49', '2025-11-29 16:21:49'),
(647, 216, 'products/83c21f2e-70b3-466a-8108-ae985bff1ccc.jpg', 1, 0, '2025-11-29 16:21:49', '2025-11-29 16:21:49'),
(648, 216, 'products/4eb7b09f-cbcd-4b38-b3cc-1e1974854d5b.jpg', 2, 0, '2025-11-29 16:21:49', '2025-11-29 16:21:49'),
(649, 217, 'products/5b949b86-d385-4f20-8fe5-d4de4e1e8b98.jpg', 1, 1, '2025-11-29 16:30:48', '2025-11-29 16:30:48'),
(650, 217, 'products/b3623c1f-6753-40ef-a05a-d05324507d9a.jpg', 1, 0, '2025-11-29 16:30:48', '2025-11-29 16:30:48'),
(651, 217, 'products/efc94622-aa5f-4617-8088-b1d0c2baddc8.jpg', 2, 0, '2025-11-29 16:30:48', '2025-11-29 16:30:48'),
(652, 218, 'products/9a5544cb-ec85-4589-8255-74b851523c1c.jpg', 1, 1, '2025-11-29 16:30:48', '2025-11-29 16:30:48'),
(653, 218, 'products/4c53e438-773b-480b-8607-936e3216c194.jpg', 1, 0, '2025-11-29 16:30:48', '2025-11-29 16:30:48'),
(654, 218, 'products/a1215fa9-18d0-48c0-bff5-4d42142721d3.jpg', 2, 0, '2025-11-29 16:30:48', '2025-11-29 16:30:48'),
(655, 219, 'products/780a6b42-d616-46f5-8eb6-0fc1b96f7cc7.jpg', 1, 1, '2025-11-29 16:30:48', '2025-11-29 16:30:48'),
(656, 219, 'products/27e47e8d-9056-4a81-8e3e-1e09a7d3c4f0.jpg', 1, 0, '2025-11-29 16:30:48', '2025-11-29 16:30:48'),
(657, 219, 'products/464dab7d-3117-481e-a199-af98bf8e9f2d.jpg', 2, 0, '2025-11-29 16:30:48', '2025-11-29 16:30:48'),
(658, 220, 'products/3ec91d38-25c2-4ec6-98c0-6edf79a5fd1f.jpg', 1, 1, '2025-11-29 16:30:48', '2025-11-29 16:30:48'),
(659, 220, 'products/05045381-a079-43e2-a089-ee8fd2942d54.jpg', 1, 0, '2025-11-29 16:30:48', '2025-11-29 16:30:48'),
(660, 220, 'products/26f8594c-5bf1-4e95-85b7-e59853602813.jpg', 2, 0, '2025-11-29 16:30:48', '2025-11-29 16:30:48'),
(661, 221, 'products/0c60d603-474b-424b-aefe-b38f0508ba15.jpg', 1, 1, '2025-11-29 16:30:48', '2025-11-29 16:30:48'),
(662, 221, 'products/de6d82c3-c8a5-4866-879d-ebf25c8b31b3.jpg', 1, 0, '2025-11-29 16:30:48', '2025-11-29 16:30:48'),
(663, 221, 'products/f2c578c2-b2ab-40e9-9785-adbf7fd73212.jpg', 2, 0, '2025-11-29 16:30:48', '2025-11-29 16:30:48'),
(664, 222, 'products/dcb4f249-d517-4c05-b35e-cb4a4ba551f6.jpg', 1, 1, '2025-11-29 16:30:48', '2025-11-29 16:30:48'),
(665, 222, 'products/7f3cf78c-267f-4c9e-ba44-66cecee6556b.jpg', 1, 0, '2025-11-29 16:30:48', '2025-11-29 16:30:48'),
(666, 222, 'products/d0444844-5fd6-41dd-863d-cf0768df5ff1.jpg', 2, 0, '2025-11-29 16:30:48', '2025-11-29 16:30:48'),
(667, 223, 'products/7e57f53b-1e35-456c-b9c1-c59429d2681d.jpg', 1, 1, '2025-11-29 16:30:48', '2025-11-29 16:30:48'),
(668, 223, 'products/35c366c7-fbe4-457b-bf4b-d53fba7da99d.jpg', 1, 0, '2025-11-29 16:30:48', '2025-11-29 16:30:48'),
(669, 223, 'products/25c554e3-49d7-4ff0-b41d-be2a1c620d1c.jpg', 2, 0, '2025-11-29 16:30:48', '2025-11-29 16:30:48'),
(670, 224, 'products/84a9e9f1-7d8e-46d0-9064-41cad32af7ea.jpg', 1, 1, '2025-11-29 16:30:48', '2025-11-29 16:30:48'),
(671, 224, 'products/fcda43a2-1a83-40b2-921a-9beb7d719fb7.jpg', 1, 0, '2025-11-29 16:30:48', '2025-11-29 16:30:48'),
(672, 224, 'products/eee823f5-c09a-46e1-89b4-5061fe60282b.jpg', 2, 0, '2025-11-29 16:30:48', '2025-11-29 16:30:48'),
(673, 225, 'products/e7b9b98c-c892-449c-998a-f2a077062e61.jpg', 1, 1, '2025-11-29 16:30:48', '2025-11-29 16:30:48'),
(674, 225, 'products/d69cfd3d-6a18-466c-832b-69c64e716ff2.jpg', 1, 0, '2025-11-29 16:30:48', '2025-11-29 16:30:48'),
(675, 225, 'products/dac5cf67-0c31-497c-8efc-cfedf19dd602.jpg', 2, 0, '2025-11-29 16:30:48', '2025-11-29 16:30:48'),
(676, 226, 'products/c35fe2f5-0ab3-4636-acd9-ff146b3eae55.jpg', 1, 1, '2025-11-29 16:30:48', '2025-11-29 16:30:48'),
(677, 226, 'products/e684bf41-ed90-4e90-98de-744263b14198.jpg', 1, 0, '2025-11-29 16:30:48', '2025-11-29 16:30:48'),
(678, 226, 'products/7144f3bb-cf7b-4c28-98eb-955bef30cf98.jpg', 2, 0, '2025-11-29 16:30:48', '2025-11-29 16:30:48'),
(679, 227, 'products/bcce8750-9b32-435f-82d8-ea77622b2b97.jpg', 1, 1, '2025-11-29 16:30:48', '2025-11-29 16:30:48'),
(680, 227, 'products/e8432a28-fcea-4ac5-87dc-143c1acb9503.jpg', 1, 0, '2025-11-29 16:30:48', '2025-11-29 16:30:48'),
(681, 227, 'products/9551e687-8efa-4ba3-9732-bbb6f7f80bfc.jpg', 2, 0, '2025-11-29 16:30:48', '2025-11-29 16:30:48'),
(682, 228, 'products/1d8305b1-8db8-49a6-b5c6-e7d27dec2a52.jpg', 1, 1, '2025-11-29 16:30:48', '2025-11-29 16:30:48'),
(683, 228, 'products/2097a878-7af6-4914-986a-9dc83b87b758.jpg', 1, 0, '2025-11-29 16:30:48', '2025-11-29 16:30:48'),
(684, 228, 'products/eb77b875-24b4-4862-8dab-b024aa9d254f.jpg', 2, 0, '2025-11-29 16:30:48', '2025-11-29 16:30:48'),
(685, 229, 'products/e048a635-2dae-46da-b430-e54544a2769e.jpg', 1, 1, '2025-11-29 16:30:49', '2025-11-29 16:30:49'),
(686, 229, 'products/3c9b46e1-29c9-498c-aeeb-5ef914e32cc5.jpg', 1, 0, '2025-11-29 16:30:49', '2025-11-29 16:30:49'),
(687, 229, 'products/403a4caa-ceef-4c72-8f22-e4761c835f1f.jpg', 2, 0, '2025-11-29 16:30:49', '2025-11-29 16:30:49'),
(688, 230, 'products/725fe279-a70b-46e7-9467-1f9eead9d831.jpg', 1, 1, '2025-11-29 16:30:49', '2025-11-29 16:30:49'),
(689, 230, 'products/1385171a-0020-4bda-802a-d9e1b8d1cff1.jpg', 1, 0, '2025-11-29 16:30:49', '2025-11-29 16:30:49'),
(690, 230, 'products/78bde7a8-0eab-4754-9b60-e454d1215555.jpg', 2, 0, '2025-11-29 16:30:49', '2025-11-29 16:30:49'),
(691, 231, 'products/aa8dd1c1-a08f-4af7-9b93-4c4c1d79832f.jpg', 1, 1, '2025-11-29 16:30:49', '2025-11-29 16:30:49'),
(692, 231, 'products/682890d4-6664-4adc-98e6-e89f8df483ea.jpg', 1, 0, '2025-11-29 16:30:49', '2025-11-29 16:30:49'),
(693, 231, 'products/6333e111-f722-4023-8045-f116e6b17a05.jpg', 2, 0, '2025-11-29 16:30:49', '2025-11-29 16:30:49'),
(694, 232, 'products/ea6b78ae-4b68-4dc0-99ce-e83694690895.jpg', 1, 1, '2025-11-29 16:30:49', '2025-11-29 16:30:49'),
(695, 232, 'products/68b702bd-d8d7-4740-82a3-10130bc0a637.jpg', 1, 0, '2025-11-29 16:30:49', '2025-11-29 16:30:49'),
(696, 232, 'products/27c82ac6-33fd-4e55-af9d-5e4d710f9493.jpg', 2, 0, '2025-11-29 16:30:49', '2025-11-29 16:30:49'),
(697, 233, 'products/7b8713c2-7e85-423d-8719-d70cfcf54a6b.jpg', 1, 1, '2025-11-29 16:30:49', '2025-11-29 16:30:49'),
(698, 233, 'products/f5c27358-e5b2-4539-92ff-6bbb512949cc.jpg', 1, 0, '2025-11-29 16:30:49', '2025-11-29 16:30:49'),
(699, 233, 'products/b7c6a504-cee6-40e5-829c-13a1ba669c59.jpg', 2, 0, '2025-11-29 16:30:49', '2025-11-29 16:30:49'),
(700, 234, 'products/16722014-0429-4d21-8fd8-28e605313632.jpg', 1, 1, '2025-11-29 16:30:49', '2025-11-29 16:30:49'),
(701, 234, 'products/aafb50c9-a8be-464c-96ad-72c2a740d8ab.jpg', 1, 0, '2025-11-29 16:30:49', '2025-11-29 16:30:49'),
(702, 234, 'products/d506d3a7-48fc-4a19-afeb-f42fe2000113.jpg', 2, 0, '2025-11-29 16:30:49', '2025-11-29 16:30:49'),
(703, 235, 'products/ffddb8df-16e4-4260-bb4d-c437af13f72c.jpg', 1, 1, '2025-11-29 16:30:49', '2025-11-29 16:30:49'),
(704, 235, 'products/76bbd710-6ef2-44fa-990e-0e8e1329d679.jpg', 1, 0, '2025-11-29 16:30:49', '2025-11-29 16:30:49'),
(705, 235, 'products/4eca9649-bd8c-41ab-94a2-16363d3f49a8.jpg', 2, 0, '2025-11-29 16:30:49', '2025-11-29 16:30:49'),
(706, 236, 'products/23e64898-8971-42ec-9eee-457c613d28fe.jpg', 1, 1, '2025-11-29 16:30:49', '2025-11-29 16:30:49'),
(707, 236, 'products/e4bf1989-a214-42d8-b1d4-b1d952c56de4.jpg', 1, 0, '2025-11-29 16:30:49', '2025-11-29 16:30:49'),
(708, 236, 'products/23d80f00-044e-4560-8742-a55c67e1c858.jpg', 2, 0, '2025-11-29 16:30:49', '2025-11-29 16:30:49'),
(709, 237, 'products/e01095af-e61b-497a-80e8-ec42c01651d7.jpg', 1, 1, '2025-11-29 16:30:49', '2025-11-29 16:30:49'),
(710, 237, 'products/2d34e774-068b-43d9-9a49-1168bd608b71.jpg', 1, 0, '2025-11-29 16:30:49', '2025-11-29 16:30:49'),
(711, 237, 'products/d80419df-f6ef-4ee8-ba0e-6d6bccff6168.jpg', 2, 0, '2025-11-29 16:30:49', '2025-11-29 16:30:49'),
(712, 238, 'products/f8072be7-2a26-48b2-9a78-a65b31ac3319.jpg', 1, 1, '2025-11-29 16:30:49', '2025-11-29 16:30:49'),
(713, 238, 'products/d75d2f3b-1a89-4bf1-ae76-cc7377de1496.jpg', 1, 0, '2025-11-29 16:30:49', '2025-11-29 16:30:49'),
(714, 238, 'products/ad497555-a5af-4799-89a4-81dcddf7f206.jpg', 2, 0, '2025-11-29 16:30:49', '2025-11-29 16:30:49'),
(715, 239, 'products/becf19a1-8bbd-43e8-99c2-8d424d727fc6.jpg', 1, 1, '2025-11-29 16:30:49', '2025-11-29 16:30:49'),
(716, 239, 'products/a3d38e0e-07bb-4df4-9942-1ca7229f68c5.jpg', 1, 0, '2025-11-29 16:30:49', '2025-11-29 16:30:49'),
(717, 239, 'products/5f944be0-b179-4963-adbf-fba75cf4b650.jpg', 2, 0, '2025-11-29 16:30:49', '2025-11-29 16:30:49'),
(718, 240, 'products/8268190c-f87c-4bf8-b435-96c6a39855a3.jpg', 1, 1, '2025-11-29 16:30:49', '2025-11-29 16:30:49'),
(719, 240, 'products/fcd81c17-1725-41e0-a171-3801b7b698cb.jpg', 1, 0, '2025-11-29 16:30:49', '2025-11-29 16:30:49'),
(720, 240, 'products/f8796761-5b10-4f7a-a889-068bc870ec63.jpg', 2, 0, '2025-11-29 16:30:49', '2025-11-29 16:30:49'),
(721, 241, 'products/bd1371f1-b0e6-40c8-8136-6ca5cdb99a18.jpg', 1, 1, '2025-11-29 16:30:49', '2025-11-29 16:30:49'),
(722, 241, 'products/a262aff8-255e-49b7-bc5e-32a4d723eddd.jpg', 1, 0, '2025-11-29 16:30:49', '2025-11-29 16:30:49'),
(723, 241, 'products/87943b85-e485-43a4-9425-2dc20e87b9bf.jpg', 2, 0, '2025-11-29 16:30:49', '2025-11-29 16:30:49'),
(724, 242, 'products/b331bd3a-e30b-42a5-b523-3846a944708f.jpg', 1, 1, '2025-11-29 16:30:49', '2025-11-29 16:30:49'),
(725, 242, 'products/87cc336c-4869-40ce-adfa-9c932467f17d.jpg', 1, 0, '2025-11-29 16:30:49', '2025-11-29 16:30:49'),
(726, 242, 'products/5305d5b0-3f06-4855-9985-5f4b6169acf2.jpg', 2, 0, '2025-11-29 16:30:49', '2025-11-29 16:30:49'),
(727, 243, 'products/34ca9c7b-24e6-4d15-9ac2-9b5d108f0e28.jpg', 1, 1, '2025-11-29 16:30:49', '2025-11-29 16:30:49'),
(728, 243, 'products/25310177-3161-4956-9fb1-bd92890eee36.jpg', 1, 0, '2025-11-29 16:30:49', '2025-11-29 16:30:49'),
(729, 243, 'products/81f2cc1b-3f25-4ab0-8e52-7d2a11b09b8d.jpg', 2, 0, '2025-11-29 16:30:49', '2025-11-29 16:30:49'),
(730, 244, 'products/c0d38802-0961-4ef1-ae51-e6eefcf5496a.jpg', 1, 1, '2025-11-29 16:30:49', '2025-11-29 16:30:49'),
(731, 244, 'products/8e2b2d02-8607-4314-99b9-d3d159ca74d1.jpg', 1, 0, '2025-11-29 16:30:49', '2025-11-29 16:30:49'),
(732, 244, 'products/1f145e0c-5aba-4bb2-8f25-dbf6b3f2d9b0.jpg', 2, 0, '2025-11-29 16:30:49', '2025-11-29 16:30:49'),
(733, 245, 'products/03c8958e-8d05-48e7-b8e6-9c999528c63a.jpg', 1, 1, '2025-11-29 16:30:49', '2025-11-29 16:30:49'),
(734, 245, 'products/596a33ee-e03f-48a9-a2c4-532239baf9af.jpg', 1, 0, '2025-11-29 16:30:49', '2025-11-29 16:30:49'),
(735, 245, 'products/6a065f01-6227-4624-a917-7d278a95ed03.jpg', 2, 0, '2025-11-29 16:30:49', '2025-11-29 16:30:49'),
(736, 246, 'products/4cf0a380-c612-4670-b87b-84e0b3dc9c1f.jpg', 1, 1, '2025-11-29 16:30:49', '2025-11-29 16:30:49'),
(737, 246, 'products/c571749d-2fe4-4528-b274-8b125cdcf93b.jpg', 1, 0, '2025-11-29 16:30:49', '2025-11-29 16:30:49'),
(738, 246, 'products/134817f8-ccf0-4b26-aebc-d4e113a9a784.jpg', 2, 0, '2025-11-29 16:30:49', '2025-11-29 16:30:49'),
(739, 247, 'products/814221f7-ac07-4746-9c37-e5f5b5b00e75.jpg', 1, 1, '2025-11-29 16:30:49', '2025-11-29 16:30:49'),
(740, 247, 'products/4caae3fb-1a6c-48a8-aec1-beba34b48492.jpg', 1, 0, '2025-11-29 16:30:49', '2025-11-29 16:30:49'),
(741, 247, 'products/f32e3edc-98dd-47ec-ae80-f4ae0acf303e.jpg', 2, 0, '2025-11-29 16:30:49', '2025-11-29 16:30:49'),
(742, 248, 'products/aa2a9931-69e1-4fbb-ac04-77cc2feeb5fe.jpg', 1, 1, '2025-11-29 16:30:49', '2025-11-29 16:30:49'),
(743, 248, 'products/1df5fdfd-8515-4420-9582-bc8daa215b56.jpg', 1, 0, '2025-11-29 16:30:49', '2025-11-29 16:30:49'),
(744, 248, 'products/37567f9e-b279-4c59-a51d-b93f78a14ff0.jpg', 2, 0, '2025-11-29 16:30:49', '2025-11-29 16:30:49'),
(745, 249, 'products/4316305a-19a6-47b2-99c8-d2fa01a51fed.jpg', 1, 1, '2025-11-29 16:30:49', '2025-11-29 16:30:49'),
(746, 249, 'products/72e3da3e-b7e9-4154-a6e6-886eb17214a1.jpg', 1, 0, '2025-11-29 16:30:49', '2025-11-29 16:30:49'),
(747, 249, 'products/18172073-ec4e-4f6d-a209-bef1a1de59b4.jpg', 2, 0, '2025-11-29 16:30:49', '2025-11-29 16:30:49'),
(748, 250, 'products/a091e49b-0dee-459e-8f84-65ab8c02f5c5.jpg', 1, 1, '2025-11-29 16:30:49', '2025-11-29 16:30:49'),
(749, 250, 'products/a3a1208e-fedb-4460-90f0-28b788261ce3.jpg', 1, 0, '2025-11-29 16:30:49', '2025-11-29 16:30:49'),
(750, 250, 'products/9b53b832-d1ec-4afc-b187-d6148eb0860b.jpg', 2, 0, '2025-11-29 16:30:49', '2025-11-29 16:30:49'),
(751, 251, 'products/30c9ad7c-f9d6-40d7-b244-99596724db9d.jpg', 1, 1, '2025-11-29 16:30:49', '2025-11-29 16:30:49'),
(752, 251, 'products/e3f8d7d8-49b5-41fb-8862-75861be36167.jpg', 1, 0, '2025-11-29 16:30:49', '2025-11-29 16:30:49'),
(753, 251, 'products/b85e87ad-103d-4f92-a608-713c7ad18061.jpg', 2, 0, '2025-11-29 16:30:49', '2025-11-29 16:30:49'),
(754, 252, 'products/0fc218d9-3417-4ce8-958f-93d7276dd14f.jpg', 1, 1, '2025-11-29 16:30:49', '2025-11-29 16:30:49'),
(755, 252, 'products/9f2625f7-2a17-4f48-9493-0d366580c6bf.jpg', 1, 0, '2025-11-29 16:30:49', '2025-11-29 16:30:49'),
(756, 252, 'products/2afb4b72-5bb7-492d-9834-93b41473c28a.jpg', 2, 0, '2025-11-29 16:30:49', '2025-11-29 16:30:49'),
(757, 253, 'products/e933eb87-2c80-47fc-94a4-5b1e890dd6c6.jpg', 1, 1, '2025-11-29 16:30:49', '2025-11-29 16:30:49'),
(758, 253, 'products/9cedccb7-def5-42eb-8774-58e99961a6fc.jpg', 1, 0, '2025-11-29 16:30:49', '2025-11-29 16:30:49'),
(759, 253, 'products/e879a61d-5925-4ef3-8556-8f1aaf728162.jpg', 2, 0, '2025-11-29 16:30:49', '2025-11-29 16:30:49'),
(760, 254, 'products/376b0090-6860-4349-bd27-6632beb9a1f3.jpg', 1, 1, '2025-11-29 16:30:49', '2025-11-29 16:30:49'),
(761, 254, 'products/f3b3f430-494e-4737-9666-ffcde4b26a30.jpg', 1, 0, '2025-11-29 16:30:49', '2025-11-29 16:30:49'),
(762, 254, 'products/7e4ecc60-bf26-4182-850b-879c65b11a67.jpg', 2, 0, '2025-11-29 16:30:49', '2025-11-29 16:30:49'),
(763, 255, 'products/eae2a366-1bf6-471b-a703-bc665a593d6d.jpg', 1, 1, '2025-11-29 16:30:49', '2025-11-29 16:30:49'),
(764, 255, 'products/20c8ae7c-ad43-4fe4-aaf6-e7be41cd9957.jpg', 1, 0, '2025-11-29 16:30:49', '2025-11-29 16:30:49'),
(765, 255, 'products/43772fba-3a10-4de9-8abf-c4d641ecf4ac.jpg', 2, 0, '2025-11-29 16:30:49', '2025-11-29 16:30:49'),
(766, 256, 'products/6c932d7c-5036-4191-a0b5-0e06318c78f6.jpg', 1, 1, '2025-11-29 16:30:49', '2025-11-29 16:30:49'),
(767, 256, 'products/74bb0bae-cb61-435c-afc2-ff5958e8a92e.jpg', 1, 0, '2025-11-29 16:30:49', '2025-11-29 16:30:49'),
(768, 256, 'products/2fc31787-7bca-4b57-bbf1-89d05b848789.jpg', 2, 0, '2025-11-29 16:30:49', '2025-11-29 16:30:49'),
(769, 257, 'products/6bb40ea9-0d6f-4c07-a710-6bfa218a61bb.jpg', 1, 1, '2025-11-29 16:30:49', '2025-11-29 16:30:49'),
(770, 257, 'products/516164f1-a8f6-4542-b9b0-a3f134a15418.jpg', 1, 0, '2025-11-29 16:30:49', '2025-11-29 16:30:49'),
(771, 257, 'products/1a0ea566-1008-4dcd-b284-025a05fce4d0.jpg', 2, 0, '2025-11-29 16:30:49', '2025-11-29 16:30:49'),
(772, 258, 'products/2d655a22-63e3-4845-bc42-0dd30d10b247.jpg', 1, 1, '2025-11-29 16:30:49', '2025-11-29 16:30:49'),
(773, 258, 'products/06ac26b6-8706-4787-8467-eadc0cb48212.jpg', 1, 0, '2025-11-29 16:30:49', '2025-11-29 16:30:49'),
(774, 258, 'products/0b72121e-594b-422a-8946-300b1050f9ca.jpg', 2, 0, '2025-11-29 16:30:49', '2025-11-29 16:30:49'),
(775, 259, 'products/2f4b1853-08c3-447f-a5a7-72064ea96bce.jpg', 1, 1, '2025-11-29 16:30:49', '2025-11-29 16:30:49'),
(776, 259, 'products/1da1978a-8622-4051-bbf2-9a8abb3317ce.jpg', 1, 0, '2025-11-29 16:30:49', '2025-11-29 16:30:49'),
(777, 259, 'products/e98620b9-d130-4db1-a5d1-fd12bab8eb0f.jpg', 2, 0, '2025-11-29 16:30:49', '2025-11-29 16:30:49'),
(778, 260, 'products/b8c9adfa-697e-4187-b970-7b4ddd8e9040.jpg', 1, 1, '2025-11-29 16:30:49', '2025-11-29 16:30:49'),
(779, 260, 'products/fdcfecba-8d9f-4aa0-b456-002ce1141454.jpg', 1, 0, '2025-11-29 16:30:49', '2025-11-29 16:30:49'),
(780, 260, 'products/6e3acdae-8c58-446c-a6b1-648e4168ce73.jpg', 2, 0, '2025-11-29 16:30:49', '2025-11-29 16:30:49'),
(781, 261, 'products/8a333379-28d8-41f9-bc1b-96cbd64b79f7.jpg', 1, 1, '2025-11-29 16:30:49', '2025-11-29 16:30:49'),
(782, 261, 'products/6ce96084-2369-4065-9d8e-f4f8a2bef5d0.jpg', 1, 0, '2025-11-29 16:30:49', '2025-11-29 16:30:49'),
(783, 261, 'products/8ff56a19-7e45-43c9-91a8-05c1777e7f16.jpg', 2, 0, '2025-11-29 16:30:49', '2025-11-29 16:30:49'),
(784, 262, 'products/ce0a2367-e471-4bf3-a7a5-ea54d652a11a.jpg', 1, 1, '2025-11-29 16:30:49', '2025-11-29 16:30:49'),
(785, 262, 'products/bb7807d7-5e2a-44ec-bae2-cffcafe8f23b.jpg', 1, 0, '2025-11-29 16:30:49', '2025-11-29 16:30:49'),
(786, 262, 'products/aaf490ee-827b-4a91-b549-2bf0171b8c6b.jpg', 2, 0, '2025-11-29 16:30:49', '2025-11-29 16:30:49'),
(787, 263, 'products/71999e9a-63e4-49f4-90ba-4df21c64072a.jpg', 1, 1, '2025-11-29 16:30:49', '2025-11-29 16:30:49'),
(788, 263, 'products/2265009a-f384-46cd-be79-df3322f257a7.jpg', 1, 0, '2025-11-29 16:30:49', '2025-11-29 16:30:49'),
(789, 263, 'products/5e2827b9-6752-4f06-b4c3-76e19a1d61b5.jpg', 2, 0, '2025-11-29 16:30:49', '2025-11-29 16:30:49'),
(790, 264, 'products/76f115de-e57c-40f0-9836-50ed153f48d5.jpg', 1, 1, '2025-11-29 16:30:49', '2025-11-29 16:30:49'),
(791, 264, 'products/c1ac900b-49c7-4409-a2a4-f41f1f0881af.jpg', 1, 0, '2025-11-29 16:30:49', '2025-11-29 16:30:49'),
(792, 264, 'products/720da63e-18ba-42f2-ab20-ac1b82e2de64.jpg', 2, 0, '2025-11-29 16:30:49', '2025-11-29 16:30:49'),
(793, 265, 'products/30c3308b-5783-42a1-b699-253277eb4d03.jpg', 1, 1, '2025-11-29 16:30:49', '2025-11-29 16:30:49'),
(794, 265, 'products/2a7ffb9d-37e6-43c8-be57-a1dfe1cb911b.jpg', 1, 0, '2025-11-29 16:30:49', '2025-11-29 16:30:49'),
(795, 265, 'products/0d4e9c28-766b-404a-a3b4-995360f0b929.jpg', 2, 0, '2025-11-29 16:30:49', '2025-11-29 16:30:49'),
(796, 266, 'products/fcdab55e-6f26-4cf2-a027-47e60d6159df.jpg', 1, 1, '2025-11-29 16:30:49', '2025-11-29 16:30:49'),
(797, 266, 'products/bdc5d4d6-9413-4808-be8a-5dbb5d96f352.jpg', 1, 0, '2025-11-29 16:30:49', '2025-11-29 16:30:49'),
(798, 266, 'products/56116b48-494d-4c21-85a1-d00253986408.jpg', 2, 0, '2025-11-29 16:30:49', '2025-11-29 16:30:49'),
(799, 267, 'products/ffa70ad4-a2af-44f7-8845-685ebcae6b2f.jpg', 1, 1, '2025-11-29 16:30:49', '2025-11-29 16:30:49'),
(800, 267, 'products/2190ef5e-29d1-4992-9fd8-96dccc21c72a.jpg', 1, 0, '2025-11-29 16:30:49', '2025-11-29 16:30:49'),
(801, 267, 'products/9e7502e6-3aa6-4efa-9461-a97538e0a166.jpg', 2, 0, '2025-11-29 16:30:49', '2025-11-29 16:30:49'),
(802, 268, 'products/26824d2e-7643-4926-bb40-c19b96dc6203.jpg', 1, 1, '2025-11-29 16:30:49', '2025-11-29 16:30:49'),
(803, 268, 'products/1b8907f8-9a37-463d-9204-6b39e8acca0b.jpg', 1, 0, '2025-11-29 16:30:49', '2025-11-29 16:30:49'),
(804, 268, 'products/31cf5314-afe2-4f4e-91c5-557720a05a1c.jpg', 2, 0, '2025-11-29 16:30:49', '2025-11-29 16:30:49'),
(805, 269, 'products/fae9a3d8-4dd8-4c9a-aecf-99738d88f4a2.jpg', 1, 1, '2025-11-29 16:30:49', '2025-11-29 16:30:49'),
(806, 269, 'products/e0c4e551-7992-4550-8a54-b9964d8ea1a9.jpg', 1, 0, '2025-11-29 16:30:49', '2025-11-29 16:30:49'),
(807, 269, 'products/20e2e697-c346-43fb-a0bf-2777f02d6226.jpg', 2, 0, '2025-11-29 16:30:49', '2025-11-29 16:30:49'),
(808, 270, 'products/5084bdcc-7f42-476d-a615-964bfc2db473.jpg', 1, 1, '2025-11-29 16:30:49', '2025-11-29 16:30:49'),
(809, 270, 'products/921d4969-cbca-4c31-b957-d6131a3ba456.jpg', 1, 0, '2025-11-29 16:30:49', '2025-11-29 16:30:49'),
(810, 270, 'products/4ed670f3-56ab-4251-95b8-781584876c81.jpg', 2, 0, '2025-11-29 16:30:49', '2025-11-29 16:30:49'),
(811, 271, 'products/e9a0ff24-bd77-4882-8235-1ecab47483f6.jpg', 1, 1, '2025-11-29 16:30:49', '2025-11-29 16:30:49'),
(812, 271, 'products/cb374711-a81a-4779-ab5e-827252e3ceb6.jpg', 1, 0, '2025-11-29 16:30:49', '2025-11-29 16:30:49'),
(813, 271, 'products/9024890c-a9ba-4d1a-99f9-5e2c5993e813.jpg', 2, 0, '2025-11-29 16:30:49', '2025-11-29 16:30:49'),
(814, 272, 'products/40779f65-05bc-47b9-b69c-5533d6cb7a7f.jpg', 1, 1, '2025-11-29 16:30:49', '2025-11-29 16:30:49'),
(815, 272, 'products/a48f168f-8311-41ad-a5a1-07dcfe606160.jpg', 1, 0, '2025-11-29 16:30:49', '2025-11-29 16:30:49'),
(816, 272, 'products/781ece6d-f157-48f4-966b-fc11ecc6193b.jpg', 2, 0, '2025-11-29 16:30:49', '2025-11-29 16:30:49'),
(817, 273, 'products/e0a099d5-9749-4b67-9cda-aa22b968ad21.jpg', 1, 1, '2025-11-29 16:30:49', '2025-11-29 16:30:49'),
(818, 273, 'products/d907ba2d-a184-4890-8a13-0c7e0093cc3b.jpg', 1, 0, '2025-11-29 16:30:49', '2025-11-29 16:30:49'),
(819, 273, 'products/5d1364e8-836b-4f37-aed5-506720fb1a50.jpg', 2, 0, '2025-11-29 16:30:49', '2025-11-29 16:30:49'),
(820, 274, 'products/10b9fb5c-bb49-44e6-b705-62a31d5ec46f.jpg', 1, 1, '2025-11-29 16:30:49', '2025-11-29 16:30:49'),
(821, 274, 'products/17c7cdb8-8318-4089-9060-f4552fcddaa8.jpg', 1, 0, '2025-11-29 16:30:49', '2025-11-29 16:30:49'),
(822, 274, 'products/3ac5d4d8-3399-44e9-a61e-584f68b49801.jpg', 2, 0, '2025-11-29 16:30:49', '2025-11-29 16:30:49'),
(823, 275, 'products/a78855e0-278d-4db3-8566-aeb9db10bf71.jpg', 1, 1, '2025-11-29 16:30:49', '2025-11-29 16:30:49'),
(824, 275, 'products/eb1814c3-9a35-445b-9a65-a3666f093659.jpg', 1, 0, '2025-11-29 16:30:49', '2025-11-29 16:30:49'),
(825, 275, 'products/65b52a6c-a4e7-4c96-9dcd-240ba2370cc9.jpg', 2, 0, '2025-11-29 16:30:49', '2025-11-29 16:30:49'),
(826, 276, 'products/2a23b5df-a7c4-4f35-a2b0-741993b221e7.jpg', 1, 1, '2025-11-29 16:30:50', '2025-11-29 16:30:50'),
(827, 276, 'products/179269e3-855d-4dd5-ac6c-8b214de256fb.jpg', 1, 0, '2025-11-29 16:30:50', '2025-11-29 16:30:50'),
(828, 276, 'products/b8da40ec-e881-43f8-9c03-898aff9229d6.jpg', 2, 0, '2025-11-29 16:30:50', '2025-11-29 16:30:50'),
(829, 277, 'products/f840a5b5-f010-4f7d-b723-9c71b87662d2.jpg', 1, 1, '2025-11-29 16:30:50', '2025-11-29 16:30:50'),
(830, 277, 'products/f0f0c674-8476-4c93-af2a-45ea1c587643.jpg', 1, 0, '2025-11-29 16:30:50', '2025-11-29 16:30:50'),
(831, 277, 'products/48193cbd-7adf-46b5-958d-1d6bf12223ed.jpg', 2, 0, '2025-11-29 16:30:50', '2025-11-29 16:30:50'),
(832, 278, 'products/fb328488-d9d5-42c2-98ed-9fe56d7aedae.jpg', 1, 1, '2025-11-29 16:30:50', '2025-11-29 16:30:50'),
(833, 278, 'products/ef86cb9b-f0e6-42a2-91e2-23dfcd7817fb.jpg', 1, 0, '2025-11-29 16:30:50', '2025-11-29 16:30:50'),
(834, 278, 'products/36cd8bf1-d34c-4c65-bf9d-863191aa6949.jpg', 2, 0, '2025-11-29 16:30:50', '2025-11-29 16:30:50'),
(835, 279, 'products/597b5f12-62b8-4847-9a67-2732d9a4edce.jpg', 1, 1, '2025-11-29 16:30:50', '2025-11-29 16:30:50'),
(836, 279, 'products/c1f7cf9d-5058-4f41-b621-2d77aabc0347.jpg', 1, 0, '2025-11-29 16:30:50', '2025-11-29 16:30:50'),
(837, 279, 'products/b11158a7-39bc-49e6-948a-9c126779e9a4.jpg', 2, 0, '2025-11-29 16:30:50', '2025-11-29 16:30:50'),
(838, 280, 'products/86dc0b83-1e84-4d80-8f00-e79fc3b1dc45.jpg', 1, 1, '2025-11-29 16:30:50', '2025-11-29 16:30:50'),
(839, 280, 'products/6e483a58-e9f1-452f-b83c-15fbf527b6ac.jpg', 1, 0, '2025-11-29 16:30:50', '2025-11-29 16:30:50'),
(840, 280, 'products/ba444f7b-ae71-47c4-bb2d-478578b744d8.jpg', 2, 0, '2025-11-29 16:30:50', '2025-11-29 16:30:50'),
(841, 281, 'products/792b281e-821e-4407-a680-ea24add0d34b.jpg', 1, 1, '2025-11-29 16:30:50', '2025-11-29 16:30:50'),
(842, 281, 'products/194b5ebc-20bd-42ff-b61c-ac77ac36b294.jpg', 1, 0, '2025-11-29 16:30:50', '2025-11-29 16:30:50'),
(843, 281, 'products/d7e41202-e6cb-403f-abd7-ffc503501a11.jpg', 2, 0, '2025-11-29 16:30:50', '2025-11-29 16:30:50'),
(844, 282, 'products/1e8f2ad1-6c30-4ddb-ad9a-f1f4869443b9.jpg', 1, 1, '2025-11-29 16:30:50', '2025-11-29 16:30:50'),
(845, 282, 'products/d4bffd71-a7d1-4bd4-8a62-ffcb5b39fc38.jpg', 1, 0, '2025-11-29 16:30:50', '2025-11-29 16:30:50'),
(846, 282, 'products/f3389453-9be3-4e5f-b41b-d1f779853369.jpg', 2, 0, '2025-11-29 16:30:50', '2025-11-29 16:30:50'),
(847, 283, 'products/d081695a-d8d3-464a-aa7c-d4d175bd8626.jpg', 1, 1, '2025-11-29 16:30:50', '2025-11-29 16:30:50'),
(848, 283, 'products/0eaf0a48-6a85-4aa2-9ece-173d89a2973f.jpg', 1, 0, '2025-11-29 16:30:50', '2025-11-29 16:30:50'),
(849, 283, 'products/886e9a38-2fbd-4f79-ba9a-4c20981f9def.jpg', 2, 0, '2025-11-29 16:30:50', '2025-11-29 16:30:50'),
(850, 284, 'products/f3fc6cc2-6173-4771-9b7f-c1a5769a5299.jpg', 1, 1, '2025-11-29 16:30:50', '2025-11-29 16:30:50'),
(851, 284, 'products/8d02904f-fd89-4a4f-b896-f791ddad13e1.jpg', 1, 0, '2025-11-29 16:30:50', '2025-11-29 16:30:50'),
(852, 284, 'products/10f4e067-a0ac-4ae0-8fcb-2f791616edac.jpg', 2, 0, '2025-11-29 16:30:50', '2025-11-29 16:30:50'),
(853, 285, 'products/d0c0f437-fded-435b-bb91-47a8abef7a41.jpg', 1, 1, '2025-11-29 16:30:50', '2025-11-29 16:30:50'),
(854, 285, 'products/a901f0bf-57e6-4e5c-8d8f-4b9e1ae64182.jpg', 1, 0, '2025-11-29 16:30:50', '2025-11-29 16:30:50'),
(855, 285, 'products/207807a7-f12a-492b-85ae-b71453db1591.jpg', 2, 0, '2025-11-29 16:30:50', '2025-11-29 16:30:50'),
(856, 286, 'products/b8e70f29-fa82-4d74-8c13-e1900dd0d799.jpg', 1, 1, '2025-11-29 16:30:50', '2025-11-29 16:30:50'),
(857, 286, 'products/cbb7468d-4a79-491e-afcd-56d123810984.jpg', 1, 0, '2025-11-29 16:30:50', '2025-11-29 16:30:50'),
(858, 286, 'products/b117f656-d31c-4267-813c-b1b98a18c75d.jpg', 2, 0, '2025-11-29 16:30:50', '2025-11-29 16:30:50'),
(859, 287, 'products/80d21fbb-8819-4b16-8e0d-a29098ebf8bd.jpg', 1, 1, '2025-11-29 16:30:50', '2025-11-29 16:30:50'),
(860, 287, 'products/c054298d-65da-4154-ae6a-a760af5177b9.jpg', 1, 0, '2025-11-29 16:30:50', '2025-11-29 16:30:50'),
(861, 287, 'products/ae461a85-97b0-4cf7-bc6a-fc6c0d32ed13.jpg', 2, 0, '2025-11-29 16:30:50', '2025-11-29 16:30:50'),
(862, 288, 'products/246e4942-21f9-460a-bf7e-670d85b4d6db.jpg', 1, 1, '2025-11-29 16:30:50', '2025-11-29 16:30:50'),
(863, 288, 'products/3f0d9340-eac3-4023-9694-e0f9bf0df259.jpg', 1, 0, '2025-11-29 16:30:50', '2025-11-29 16:30:50'),
(864, 288, 'products/24da5268-32ea-4b71-b09f-44d1f941181e.jpg', 2, 0, '2025-11-29 16:30:50', '2025-11-29 16:30:50');

-- --------------------------------------------------------

--
-- Table structure for table `product_reviews`
--

CREATE TABLE `product_reviews` (
  `id` bigint UNSIGNED NOT NULL,
  `product_id` bigint UNSIGNED NOT NULL,
  `user_id` bigint UNSIGNED DEFAULT NULL,
  `order_id` bigint UNSIGNED DEFAULT NULL,
  `rating` int UNSIGNED NOT NULL DEFAULT '5',
  `title` varchar(255) COLLATE utf8mb4_unicode_ci DEFAULT NULL,
  `comment` text COLLATE utf8mb4_unicode_ci NOT NULL,
  `is_approved` tinyint(1) NOT NULL DEFAULT '0',
  `is_verified_purchase` tinyint(1) NOT NULL DEFAULT '0',
  `created_at` timestamp NULL DEFAULT NULL,
  `updated_at` timestamp NULL DEFAULT NULL
) ENGINE=InnoDB DEFAULT CHARSET=utf8mb4 COLLATE=utf8mb4_unicode_ci;

--
-- Dumping data for table `product_reviews`
--

INSERT INTO `product_reviews` (`id`, `product_id`, `user_id`, `order_id`, `rating`, `title`, `comment`, `is_approved`, `is_verified_purchase`, `created_at`, `updated_at`) VALUES
(1, 55, 2, NULL, 4, 'test', 'testtesttesttesttest testtesttest', 1, 0, '2025-11-08 12:19:48', '2025-11-08 12:19:48'),
(2, 56, 2, NULL, 2, 'test', 'Dicta sint hic ut distinctio eveniet dolor. Quam in illum quibusdam ut. Assumenda tempore illo commodi et. Soluta aliquid maiores aut modi id sit maxime.', 1, 0, '2025-11-08 12:20:26', '2025-11-08 12:20:26'),
(3, 57, 2, NULL, 1, 'test', 'Saepe vero eos nostrum dolores et eum ut. Asperiores et qui esse ipsum tempora omnis. Accusantium voluptas ad voluptatum voluptate. Est repudiandae eum omnis repellat deleniti similique molestiae. Minima eum aut fuga quas harum corrupti amet. Non cum vitae debitis culpa ut.', 1, 0, '2025-11-08 12:22:45', '2025-11-08 12:22:45'),
(4, 57, 3, NULL, 1, 'needyamin@gmail.com', 'needyamin@gmail.comneedyamin@gmail.comneedyamin@gmail.comneedyamin@gmail.comneedyamin@gmail.comneedyamin@gmail.com', 1, 0, '2025-11-08 12:23:23', '2025-11-08 12:23:23'),
(9, 55, 3, NULL, 5, 'Write a Review', 'Write a Review\r\nWrite a Review\r\nWrite a Review\r\nWrite a Review', 1, 0, '2025-11-08 13:35:03', '2025-11-08 13:35:03');

-- --------------------------------------------------------

--
-- Table structure for table `roles`
--

CREATE TABLE `roles` (
  `id` bigint UNSIGNED NOT NULL,
  `name` varchar(255) COLLATE utf8mb4_unicode_ci NOT NULL,
  `guard_name` varchar(255) COLLATE utf8mb4_unicode_ci NOT NULL,
  `created_at` timestamp NULL DEFAULT NULL,
  `updated_at` timestamp NULL DEFAULT NULL
) ENGINE=InnoDB DEFAULT CHARSET=utf8mb4 COLLATE=utf8mb4_unicode_ci;

--
-- Dumping data for table `roles`
--

INSERT INTO `roles` (`id`, `name`, `guard_name`, `created_at`, `updated_at`) VALUES
(1, 'Super Admin', 'admin', '2025-11-07 13:50:48', '2025-11-07 13:50:48'),
(2, 'Admin', 'admin', '2025-11-08 14:30:27', '2025-11-08 14:30:27');

-- --------------------------------------------------------

--
-- Table structure for table `role_has_permissions`
--

CREATE TABLE `role_has_permissions` (
  `permission_id` bigint UNSIGNED NOT NULL,
  `role_id` bigint UNSIGNED NOT NULL
) ENGINE=InnoDB DEFAULT CHARSET=utf8mb4 COLLATE=utf8mb4_unicode_ci;

--
-- Dumping data for table `role_has_permissions`
--

INSERT INTO `role_has_permissions` (`permission_id`, `role_id`) VALUES
(1, 1),
(2, 1),
(3, 1),
(4, 1),
(5, 1),
(6, 1),
(7, 1),
(8, 1),
(9, 1),
(10, 1),
(11, 1),
(12, 1),
(13, 1),
(14, 1),
(15, 1),
(16, 1),
(17, 1),
(18, 1),
(19, 1),
(20, 1),
(21, 1),
(22, 1),
(23, 1),
(24, 1),
(25, 1),
(26, 1),
(27, 1),
(28, 1),
(29, 1),
(30, 1),
(31, 1),
(32, 1),
(33, 1),
(34, 1),
(35, 1),
(36, 1),
(37, 1),
(38, 1),
(39, 1),
(40, 1),
(41, 1),
(42, 1),
(43, 1),
(44, 1),
(45, 1),
(46, 1),
(47, 1),
(48, 1),
(49, 1),
(50, 1),
(51, 1),
(52, 1),
(53, 1),
(54, 1),
(55, 1),
(56, 1),
(57, 1),
(58, 1),
(59, 1),
(60, 1),
(61, 1),
(62, 1),
(63, 1),
(64, 1),
(65, 1),
(66, 1),
(67, 1),
(68, 1),
(69, 1),
(70, 1),
(71, 1),
(72, 1),
(73, 1),
(74, 1),
(75, 1),
(76, 1),
(77, 1),
(78, 1),
(79, 1),
(80, 1),
(81, 1),
(82, 1),
(83, 1),
(84, 1),
(85, 1),
(86, 1),
(87, 1),
(88, 1),
(89, 1),
(90, 1),
(91, 1),
(92, 1),
(93, 1),
(94, 1),
(95, 1),
(96, 1),
(97, 1),
(98, 1),
(99, 1),
(100, 1),
(101, 1),
(102, 1),
(103, 1),
(104, 1),
(105, 1),
(106, 1),
(107, 1),
(108, 1),
(109, 1),
(110, 1),
(111, 1),
(112, 1),
(113, 1),
(114, 1),
(115, 1),
(116, 1),
(117, 1),
(118, 1),
(119, 1),
(120, 1),
(121, 1),
(122, 1),
(123, 1),
(1, 2),
(2, 2),
(3, 2),
(4, 2),
(5, 2),
(6, 2),
(7, 2),
(8, 2),
(9, 2),
(10, 2),
(11, 2),
(12, 2),
(13, 2),
(14, 2),
(15, 2),
(16, 2),
(17, 2),
(18, 2),
(19, 2),
(20, 2),
(21, 2),
(22, 2),
(23, 2),
(24, 2),
(25, 2),
(26, 2),
(27, 2),
(28, 2),
(29, 2),
(30, 2),
(31, 2),
(32, 2),
(33, 2),
(38, 2),
(39, 2),
(40, 2),
(41, 2),
(42, 2),
(43, 2),
(44, 2),
(45, 2),
(46, 2),
(47, 2),
(48, 2),
(49, 2),
(50, 2),
(51, 2),
(52, 2),
(53, 2),
(54, 2),
(55, 2),
(56, 2),
(57, 2),
(58, 2),
(59, 2),
(60, 2),
(61, 2),
(62, 2),
(63, 2),
(64, 2),
(65, 2),
(66, 2),
(67, 2),
(68, 2),
(71, 2),
(72, 2),
(73, 2),
(74, 2),
(75, 2),
(76, 2),
(77, 2),
(78, 2),
(79, 2),
(80, 2),
(81, 2),
(82, 2),
(83, 2),
(84, 2),
(87, 2),
(88, 2),
(89, 2),
(90, 2),
(91, 2),
(92, 2),
(95, 2),
(96, 2),
(97, 2),
(98, 2),
(99, 2),
(100, 2),
(101, 2),
(102, 2),
(103, 2),
(104, 2),
(105, 2),
(106, 2);

-- --------------------------------------------------------

--
-- Table structure for table `sessions`
--

CREATE TABLE `sessions` (
  `id` varchar(255) COLLATE utf8mb4_unicode_ci NOT NULL,
  `user_id` bigint UNSIGNED DEFAULT NULL,
  `ip_address` varchar(45) COLLATE utf8mb4_unicode_ci DEFAULT NULL,
  `user_agent` text COLLATE utf8mb4_unicode_ci,
  `payload` longtext COLLATE utf8mb4_unicode_ci NOT NULL,
  `last_activity` int NOT NULL
) ENGINE=InnoDB DEFAULT CHARSET=utf8mb4 COLLATE=utf8mb4_unicode_ci;

--
-- Dumping data for table `sessions`
--

INSERT INTO `sessions` (`id`, `user_id`, `ip_address`, `user_agent`, `payload`, `last_activity`) VALUES
('1MRsKlOZmZEHgQb3yWpxHOpYmUpLHkUvTryV5rT9', NULL, '127.0.0.1', 'Mozilla/5.0 (Windows NT 10.0; Win64; x64) AppleWebKit/537.36 (KHTML, like Gecko) Chrome/142.0.0.0 Safari/537.36', 'YTo1OntzOjY6Il90b2tlbiI7czo0MDoiU2FjbUFTQlJkWDJ4MzlDUFYzWWhnTU51TkdhVWJqczlGbmZUTVkwcSI7czozOiJ1cmwiO2E6MTp7czo4OiJpbnRlbmRlZCI7czozNjoiaHR0cHM6Ly9lY29tbWVyY2UudGVzdC91c2VyL29yZGVycy81Ijt9czo5OiJfcHJldmlvdXMiO2E6Mjp7czozOiJ1cmwiO3M6MjI6Imh0dHBzOi8vZWNvbW1lcmNlLnRlc3QiO3M6NToicm91dGUiO3M6NDoiaG9tZSI7fXM6NjoiX2ZsYXNoIjthOjI6e3M6Mzoib2xkIjthOjA6e31zOjM6Im5ldyI7YTowOnt9fXM6MTU6ImNhcnRfc2Vzc2lvbl9pZCI7czozNjoiNjlhNzI5OTgtZTkyZC00OGE1LTk1YTItNzYyZmYxMDgyZThlIjt9', 1764452635),
('dlGm6FgiZblbmWRbjMzajE9VRs72aKcpQq50zfaB', 1, '127.0.0.1', 'Mozilla/5.0 (Windows NT 10.0; Win64; x64; rv:145.0) Gecko/20100101 Firefox/145.0', 'YTo1OntzOjY6Il90b2tlbiI7czo0MDoib2dpMHF6VVhzOHFVbWV4aVk0NkhFeDhsUFJSMFdDcVhVeGpxcGNuNiI7czo5OiJfcHJldmlvdXMiO2E6Mjp7czozOiJ1cmwiO3M6NTk6Imh0dHBzOi8vZWNvbW1lcmNlLnRlc3QvYWRtaW4vYXBpL2NhdGVnb3JpZXMvNC9zdWJjYXRlZ29yaWVzIjtzOjU6InJvdXRlIjtzOjM0OiJhZG1pbi5hcGkuY2F0ZWdvcmllcy5zdWJjYXRlZ29yaWVzIjt9czo2OiJfZmxhc2giO2E6Mjp7czozOiJvbGQiO2E6MDp7fXM6MzoibmV3IjthOjA6e319czo1MDoibG9naW5fd2ViXzU5YmEzNmFkZGMyYjJmOTQwMTU4MGYwMTRjN2Y1OGVhNGUzMDk4OWQiO2k6MjtzOjUyOiJsb2dpbl9hZG1pbl81OWJhMzZhZGRjMmIyZjk0MDE1ODBmMDE0YzdmNThlYTRlMzA5ODlkIjtpOjE7fQ==', 1764459723);

-- --------------------------------------------------------

--
-- Table structure for table `shipping_settings`
--

CREATE TABLE `shipping_settings` (
  `id` bigint UNSIGNED NOT NULL,
  `enabled` tinyint(1) NOT NULL DEFAULT '1',
  `free_shipping_enabled` tinyint(1) NOT NULL DEFAULT '1',
  `free_shipping_min_total` decimal(10,2) NOT NULL DEFAULT '0.00',
  `flat_rate` decimal(10,2) NOT NULL DEFAULT '0.00',
  `division_rates` json DEFAULT NULL,
  `district_rates` json DEFAULT NULL,
  `created_at` timestamp NULL DEFAULT NULL,
  `updated_at` timestamp NULL DEFAULT NULL,
  `tax_enabled` tinyint(1) NOT NULL DEFAULT '0',
  `tax_type` varchar(20) COLLATE utf8mb4_unicode_ci NOT NULL DEFAULT 'percent',
  `tax_rate` decimal(10,2) NOT NULL DEFAULT '0.00'
) ENGINE=InnoDB DEFAULT CHARSET=utf8mb4 COLLATE=utf8mb4_unicode_ci;

--
-- Dumping data for table `shipping_settings`
--

INSERT INTO `shipping_settings` (`id`, `enabled`, `free_shipping_enabled`, `free_shipping_min_total`, `flat_rate`, `division_rates`, `district_rates`, `created_at`, `updated_at`, `tax_enabled`, `tax_type`, `tax_rate`) VALUES
(1, 1, 1, '22444.00', '100.00', '[{\"type\": \"flat\", \"amount\": 10, \"division\": \"Dhaka\"}]', '[]', '2025-11-08 11:18:14', '2025-11-29 15:18:22', 1, 'flat', '50.00');

-- --------------------------------------------------------

--
-- Table structure for table `site_settings`
--

CREATE TABLE `site_settings` (
  `id` bigint UNSIGNED NOT NULL,
  `site_name` varchar(255) COLLATE utf8mb4_unicode_ci NOT NULL DEFAULT 'eCommerce Store',
  `site_tagline` varchar(255) COLLATE utf8mb4_unicode_ci DEFAULT NULL,
  `logo_url` varchar(255) COLLATE utf8mb4_unicode_ci DEFAULT NULL,
  `favicon_url` varchar(255) COLLATE utf8mb4_unicode_ci DEFAULT NULL,
  `meta_title` varchar(255) COLLATE utf8mb4_unicode_ci DEFAULT NULL,
  `meta_description` text COLLATE utf8mb4_unicode_ci,
  `meta_keywords` text COLLATE utf8mb4_unicode_ci,
  `footer_text` text COLLATE utf8mb4_unicode_ci,
  `privacy_url` varchar(255) COLLATE utf8mb4_unicode_ci DEFAULT NULL,
  `terms_url` varchar(255) COLLATE utf8mb4_unicode_ci DEFAULT NULL,
  `cookies_url` varchar(255) COLLATE utf8mb4_unicode_ci DEFAULT NULL,
  `help_center_url` varchar(255) COLLATE utf8mb4_unicode_ci DEFAULT NULL,
  `shipping_info_url` varchar(255) COLLATE utf8mb4_unicode_ci DEFAULT NULL,
  `returns_url` varchar(255) COLLATE utf8mb4_unicode_ci DEFAULT NULL,
  `contact_us_url` varchar(255) COLLATE utf8mb4_unicode_ci DEFAULT NULL,
  `wishlist_enabled` tinyint(1) NOT NULL DEFAULT '1',
  `reviews_enabled` tinyint(1) NOT NULL DEFAULT '1',
  `reviews_require_purchase` tinyint(1) NOT NULL DEFAULT '0',
  `reviews_require_approval` tinyint(1) NOT NULL DEFAULT '1',
  `reviews_allow_anonymous` tinyint(1) NOT NULL DEFAULT '0',
  `newsletter_enabled` tinyint(1) NOT NULL DEFAULT '1',
  `newsletter_double_opt_in` tinyint(1) NOT NULL DEFAULT '1',
  `newsletter_send_welcome_email` tinyint(1) NOT NULL DEFAULT '1',
  `social_facebook` varchar(255) COLLATE utf8mb4_unicode_ci DEFAULT NULL,
  `social_twitter` varchar(255) COLLATE utf8mb4_unicode_ci DEFAULT NULL,
  `social_instagram` varchar(255) COLLATE utf8mb4_unicode_ci DEFAULT NULL,
  `social_linkedin` varchar(255) COLLATE utf8mb4_unicode_ci DEFAULT NULL,
  `product_display_columns_mobile` tinyint NOT NULL DEFAULT '2',
  `product_display_columns_desktop` tinyint NOT NULL DEFAULT '3',
  `schema_enabled` tinyint(1) NOT NULL DEFAULT '1',
  `schema_organization_name` varchar(255) COLLATE utf8mb4_unicode_ci DEFAULT NULL,
  `schema_organization_logo` varchar(255) COLLATE utf8mb4_unicode_ci DEFAULT NULL,
  `schema_organization_phone` varchar(255) COLLATE utf8mb4_unicode_ci DEFAULT NULL,
  `schema_organization_email` varchar(255) COLLATE utf8mb4_unicode_ci DEFAULT NULL,
  `schema_organization_address` text COLLATE utf8mb4_unicode_ci,
  `schema_organization_type` varchar(255) COLLATE utf8mb4_unicode_ci NOT NULL DEFAULT 'Store',
  `sitemap_enabled` tinyint(1) NOT NULL DEFAULT '1',
  `sitemap_priority_home` int NOT NULL DEFAULT '10',
  `sitemap_priority_product` int NOT NULL DEFAULT '8',
  `sitemap_priority_category` int NOT NULL DEFAULT '7',
  `sitemap_priority_page` int NOT NULL DEFAULT '6',
  `sitemap_change_frequency` varchar(255) COLLATE utf8mb4_unicode_ci NOT NULL DEFAULT 'weekly',
  `google_analytics_code` text COLLATE utf8mb4_unicode_ci,
  `facebook_pixel_code` text COLLATE utf8mb4_unicode_ci,
  `microsoft_clarity_code` text COLLATE utf8mb4_unicode_ci,
  `custom_head_code` text COLLATE utf8mb4_unicode_ci,
  `custom_body_code` text COLLATE utf8mb4_unicode_ci,
  `created_at` timestamp NULL DEFAULT NULL,
  `updated_at` timestamp NULL DEFAULT NULL
) ENGINE=InnoDB DEFAULT CHARSET=utf8mb4 COLLATE=utf8mb4_unicode_ci;

--
-- Dumping data for table `site_settings`
--

INSERT INTO `site_settings` (`id`, `site_name`, `site_tagline`, `logo_url`, `favicon_url`, `meta_title`, `meta_description`, `meta_keywords`, `footer_text`, `privacy_url`, `terms_url`, `cookies_url`, `help_center_url`, `shipping_info_url`, `returns_url`, `contact_us_url`, `wishlist_enabled`, `reviews_enabled`, `reviews_require_purchase`, `reviews_require_approval`, `reviews_allow_anonymous`, `newsletter_enabled`, `newsletter_double_opt_in`, `newsletter_send_welcome_email`, `social_facebook`, `social_twitter`, `social_instagram`, `social_linkedin`, `product_display_columns_mobile`, `product_display_columns_desktop`, `schema_enabled`, `schema_organization_name`, `schema_organization_logo`, `schema_organization_phone`, `schema_organization_email`, `schema_organization_address`, `schema_organization_type`, `sitemap_enabled`, `sitemap_priority_home`, `sitemap_priority_product`, `sitemap_priority_category`, `sitemap_priority_page`, `sitemap_change_frequency`, `google_analytics_code`, `facebook_pixel_code`, `microsoft_clarity_code`, `custom_head_code`, `custom_body_code`, `created_at`, `updated_at`) VALUES
(1, 'eCommerce Store', NULL, NULL, NULL, NULL, NULL, NULL, NULL, NULL, NULL, NULL, NULL, NULL, NULL, NULL, 1, 1, 0, 0, 1, 1, 1, 1, NULL, NULL, NULL, NULL, 1, 4, 1, NULL, NULL, NULL, NULL, NULL, 'Store', 1, 10, 8, 7, 6, 'weekly', NULL, NULL, NULL, NULL, NULL, '2025-11-07 13:50:50', '2025-11-08 15:29:00');

-- --------------------------------------------------------

--
-- Table structure for table `upazilas`
--

CREATE TABLE `upazilas` (
  `id` bigint UNSIGNED NOT NULL,
  `name` varchar(255) COLLATE utf8mb4_unicode_ci NOT NULL,
  `district_id` bigint UNSIGNED NOT NULL,
  `is_active` tinyint(1) NOT NULL DEFAULT '1',
  `sort_order` int NOT NULL DEFAULT '0',
  `created_at` timestamp NULL DEFAULT NULL,
  `updated_at` timestamp NULL DEFAULT NULL
) ENGINE=InnoDB DEFAULT CHARSET=utf8mb4 COLLATE=utf8mb4_unicode_ci;

--
-- Dumping data for table `upazilas`
--

INSERT INTO `upazilas` (`id`, `name`, `district_id`, `is_active`, `sort_order`, `created_at`, `updated_at`) VALUES
(1, 'D', 1, 1, 0, '2025-11-29 15:32:00', '2025-11-29 15:32:00');

-- --------------------------------------------------------

--
-- Table structure for table `users`
--

CREATE TABLE `users` (
  `id` bigint UNSIGNED NOT NULL,
  `name` varchar(255) COLLATE utf8mb4_unicode_ci NOT NULL,
  `email` varchar(255) COLLATE utf8mb4_unicode_ci DEFAULT NULL,
  `phone` varchar(255) COLLATE utf8mb4_unicode_ci DEFAULT NULL,
  `email_verified_at` timestamp NULL DEFAULT NULL,
  `password` varchar(255) COLLATE utf8mb4_unicode_ci NOT NULL,
  `coins_balance` bigint UNSIGNED NOT NULL DEFAULT '0',
  `remember_token` varchar(100) COLLATE utf8mb4_unicode_ci DEFAULT NULL,
  `referral_code` varchar(255) COLLATE utf8mb4_unicode_ci DEFAULT NULL,
  `created_at` timestamp NULL DEFAULT NULL,
  `updated_at` timestamp NULL DEFAULT NULL,
  `referred_by_user_id` bigint UNSIGNED DEFAULT NULL
) ENGINE=InnoDB DEFAULT CHARSET=utf8mb4 COLLATE=utf8mb4_unicode_ci;

--
-- Dumping data for table `users`
--

INSERT INTO `users` (`id`, `name`, `email`, `phone`, `email_verified_at`, `password`, `coins_balance`, `remember_token`, `referral_code`, `created_at`, `updated_at`, `referred_by_user_id`) VALUES
(1, 'Test User', 'test@example.com', NULL, NULL, '$2y$12$Dj8r92c3jn9AIqNwOsCBqOZiT9Hj0PKkUeSjskui87E.gwb/NeC1m', 0, NULL, NULL, '2025-11-07 13:50:48', '2025-11-07 13:50:48', NULL),
(2, 'admin@example.com', 'admin@example.com', '01878578504', NULL, '$2y$12$8H31.FIjS6SMwR/i1O4Fr.cvau4vpPtgpGX/VwWUbR/ntyw12fssy', 49, NULL, 'FF335D8C', '2025-11-08 12:19:33', '2025-11-29 17:03:20', NULL),
(3, 'Md Yamin Hossain', 'needyamin@gmail.com', '01907802744', NULL, '$2y$12$dlBAV3wgKH0wsLitdGnRxeDM7jQheBvIABoVWsHM7Sf9NJ9hOIAba', 0, NULL, '892D76D5', '2025-11-08 12:23:09', '2025-11-08 14:57:19', NULL),
(4, 'needyamins@gmail.com', 'needyamins@gmail.com', '018785785041', NULL, '$2y$12$fIY7CfW4wmadEsQG7bvp/e0k3It5/a/aQWhdKONUf/rbfiZOZTIZa', 0, NULL, NULL, '2025-11-14 17:07:03', '2025-11-14 17:07:03', NULL);

-- --------------------------------------------------------

--
-- Table structure for table `user_addresses`
--

CREATE TABLE `user_addresses` (
  `id` bigint UNSIGNED NOT NULL,
  `user_id` bigint UNSIGNED NOT NULL,
  `type` varchar(255) COLLATE utf8mb4_unicode_ci NOT NULL DEFAULT 'billing',
  `first_name` varchar(255) COLLATE utf8mb4_unicode_ci NOT NULL,
  `last_name` varchar(255) COLLATE utf8mb4_unicode_ci NOT NULL,
  `company` varchar(255) COLLATE utf8mb4_unicode_ci DEFAULT NULL,
  `address_line_1` varchar(255) COLLATE utf8mb4_unicode_ci NOT NULL,
  `address_line_2` varchar(255) COLLATE utf8mb4_unicode_ci DEFAULT NULL,
  `city` varchar(255) COLLATE utf8mb4_unicode_ci NOT NULL,
  `state` varchar(255) COLLATE utf8mb4_unicode_ci DEFAULT NULL,
  `division` varchar(255) COLLATE utf8mb4_unicode_ci DEFAULT NULL,
  `district` varchar(255) COLLATE utf8mb4_unicode_ci DEFAULT NULL,
  `upazila` varchar(255) COLLATE utf8mb4_unicode_ci DEFAULT NULL,
  `postal_code` varchar(255) COLLATE utf8mb4_unicode_ci NOT NULL,
  `country` varchar(255) COLLATE utf8mb4_unicode_ci NOT NULL,
  `phone` varchar(255) COLLATE utf8mb4_unicode_ci DEFAULT NULL,
  `is_default` tinyint(1) NOT NULL DEFAULT '0',
  `created_at` timestamp NULL DEFAULT NULL,
  `updated_at` timestamp NULL DEFAULT NULL
) ENGINE=InnoDB DEFAULT CHARSET=utf8mb4 COLLATE=utf8mb4_unicode_ci;

--
-- Dumping data for table `user_addresses`
--

INSERT INTO `user_addresses` (`id`, `user_id`, `type`, `first_name`, `last_name`, `company`, `address_line_1`, `address_line_2`, `city`, `state`, `division`, `district`, `upazila`, `postal_code`, `country`, `phone`, `is_default`, `created_at`, `updated_at`) VALUES
(1, 4, 'shipping', 'test', 'test', 'test', '1adsad', 'asdasda', 'asdasd', 'dasdas', NULL, NULL, NULL, '7400', 'Bangladeash', '01878578204', 0, '2025-11-14 17:38:15', '2025-11-14 17:38:15'),
(2, 2, 'shipping', 'Yamin', 'Hossain', NULL, 'ghope', NULL, 'Dhaka', 'bd', 'Dhaka', 'Dhaka', NULL, '1207', 'Bangladesh', '01845000000', 1, '2025-11-29 15:26:43', '2025-11-29 15:34:26');

-- --------------------------------------------------------

--
-- Table structure for table `user_points`
--

CREATE TABLE `user_points` (
  `id` bigint UNSIGNED NOT NULL,
  `user_id` bigint UNSIGNED NOT NULL,
  `type` varchar(255) COLLATE utf8mb4_unicode_ci NOT NULL,
  `amount` bigint NOT NULL,
  `description` varchar(255) COLLATE utf8mb4_unicode_ci DEFAULT NULL,
  `related_type` varchar(255) COLLATE utf8mb4_unicode_ci DEFAULT NULL,
  `related_id` bigint UNSIGNED DEFAULT NULL,
  `meta` json DEFAULT NULL,
  `created_at` timestamp NULL DEFAULT NULL,
  `updated_at` timestamp NULL DEFAULT NULL
) ENGINE=InnoDB DEFAULT CHARSET=utf8mb4 COLLATE=utf8mb4_unicode_ci;

--
-- Dumping data for table `user_points`
--

INSERT INTO `user_points` (`id`, `user_id`, `type`, `amount`, `description`, `related_type`, `related_id`, `meta`, `created_at`, `updated_at`) VALUES
(1, 3, 'add_to_cart', 1, 'Added to cart', 'App\\Models\\CartItem', 32, '{\"product_id\": 55}', '2025-11-08 12:34:13', '2025-11-08 12:34:13'),
(2, 3, 'remove_from_cart', -1, 'Removed from cart', 'App\\Models\\CartItem', 32, '{\"product_id\": 55}', '2025-11-08 12:34:15', '2025-11-08 12:34:15'),
(3, 3, 'add_to_cart', 1, 'Added to cart', 'App\\Models\\CartItem', 33, '{\"product_id\": 56}', '2025-11-08 12:34:59', '2025-11-08 12:34:59'),
(4, 3, 'remove_from_cart', -1, 'Removed from cart', 'App\\Models\\CartItem', 33, '{\"product_id\": 56}', '2025-11-08 12:35:02', '2025-11-08 12:35:02'),
(5, 3, 'add_to_cart', 1, 'Added to cart', 'App\\Models\\CartItem', 34, '{\"product_id\": 63}', '2025-11-08 12:36:36', '2025-11-08 12:36:36'),
(6, 3, 'remove_from_cart', -1, 'Removed from cart', 'App\\Models\\CartItem', 34, '{\"product_id\": 63}', '2025-11-08 12:36:51', '2025-11-08 12:36:51'),
(7, 3, 'add_to_cart', 1, 'Added to cart', 'App\\Models\\CartItem', 35, '{\"product_id\": 64}', '2025-11-08 12:36:52', '2025-11-08 12:36:52'),
(8, 3, 'add_to_cart', 1, 'Added to cart', 'App\\Models\\CartItem', 36, '{\"product_id\": 55}', '2025-11-08 12:36:54', '2025-11-08 12:36:54'),
(9, 3, 'remove_from_cart', -1, 'Removed from cart', 'App\\Models\\CartItem', 36, '{\"product_id\": 55}', '2025-11-08 12:37:01', '2025-11-08 12:37:01'),
(10, 3, 'remove_from_cart', -1, 'Removed from cart', 'App\\Models\\CartItem', 35, '{\"product_id\": 64}', '2025-11-08 12:37:02', '2025-11-08 12:37:02'),
(11, 3, 'add_to_cart', 1, 'Added to cart', 'App\\Models\\CartItem', 37, '{\"product_id\": 63}', '2025-11-08 12:38:33', '2025-11-08 12:38:33'),
(12, 3, 'add_to_cart', 1, 'Added to cart', 'App\\Models\\CartItem', 38, '{\"product_id\": 55}', '2025-11-08 12:38:35', '2025-11-08 12:38:35'),
(13, 3, 'remove_from_cart', -1, 'Removed from cart', 'App\\Models\\CartItem', 37, '{\"product_id\": 63}', '2025-11-08 12:38:37', '2025-11-08 12:38:37'),
(14, 3, 'remove_from_cart', -1, 'Removed from cart', 'App\\Models\\CartItem', 38, '{\"product_id\": 55}', '2025-11-08 12:38:39', '2025-11-08 12:38:39'),
(15, 3, 'add_to_cart', 1, 'Added to cart', 'App\\Models\\CartItem', 39, '{\"product_id\": 55}', '2025-11-08 12:38:47', '2025-11-08 12:38:47'),
(16, 3, 'add_to_cart', 1, 'Added to cart', 'App\\Models\\CartItem', 40, '{\"product_id\": 63}', '2025-11-08 12:42:38', '2025-11-08 12:42:38'),
(17, 3, 'add_to_cart', 1, 'Added to cart', 'App\\Models\\CartItem', 41, '{\"product_id\": 64}', '2025-11-08 12:42:44', '2025-11-08 12:42:44'),
(18, 3, 'remove_from_cart', -1, 'Removed from cart', 'App\\Models\\CartItem', 41, '{\"product_id\": 64}', '2025-11-08 12:50:01', '2025-11-08 12:50:01'),
(19, 3, 'remove_from_cart', -1, 'Removed from cart', 'App\\Models\\CartItem', 40, '{\"product_id\": 63}', '2025-11-08 12:50:04', '2025-11-08 12:50:04'),
(20, 3, 'remove_from_cart', -1, 'Removed from cart', 'App\\Models\\CartItem', 39, '{\"product_id\": 55}', '2025-11-08 12:50:17', '2025-11-08 12:50:17'),
(21, 2, 'order_place', 4, 'Order placed', 'App\\Models\\Order', 2, '{\"order_id\": 2}', '2025-11-29 14:23:58', '2025-11-29 14:23:58'),
(22, 2, 'add_to_cart', 1, 'Added to cart', 'App\\Models\\CartItem', 330, '{\"product_id\": 26}', '2025-11-29 14:24:27', '2025-11-29 14:24:27'),
(23, 2, 'add_to_cart', 1, 'Added to cart', 'App\\Models\\CartItem', 331, '{\"product_id\": 15}', '2025-11-29 14:24:27', '2025-11-29 14:24:27'),
(24, 2, 'add_to_cart', 1, 'Added to cart', 'App\\Models\\CartItem', 332, '{\"product_id\": 24}', '2025-11-29 14:24:28', '2025-11-29 14:24:28'),
(25, 2, 'add_to_cart', 1, 'Added to cart', 'App\\Models\\CartItem', 333, '{\"product_id\": 55}', '2025-11-29 14:25:18', '2025-11-29 14:25:18'),
(26, 2, 'add_to_cart', 1, 'Added to cart', 'App\\Models\\CartItem', 334, '{\"product_id\": 63}', '2025-11-29 14:25:18', '2025-11-29 14:25:18'),
(27, 2, 'add_to_cart', 1, 'Added to cart', 'App\\Models\\CartItem', 335, '{\"product_id\": 64}', '2025-11-29 14:25:19', '2025-11-29 14:25:19'),
(28, 2, 'add_to_cart', 1, 'Added to cart', 'App\\Models\\CartItem', 336, '{\"product_id\": 66}', '2025-11-29 14:25:22', '2025-11-29 14:25:22'),
(29, 2, 'add_to_cart', 1, 'Added to cart', 'App\\Models\\CartItem', 337, '{\"product_id\": 70}', '2025-11-29 14:25:24', '2025-11-29 14:25:24'),
(30, 2, 'remove_from_cart', -1, 'Removed from cart', 'App\\Models\\CartItem', 330, '{\"product_id\": 26}', '2025-11-29 14:25:29', '2025-11-29 14:25:29'),
(31, 2, 'remove_from_cart', -1, 'Removed from cart', 'App\\Models\\CartItem', 337, '{\"product_id\": 70}', '2025-11-29 14:25:31', '2025-11-29 14:25:31'),
(32, 2, 'remove_from_cart', -1, 'Removed from cart', 'App\\Models\\CartItem', 334, '{\"product_id\": 63}', '2025-11-29 14:25:33', '2025-11-29 14:25:33'),
(33, 2, 'remove_from_cart', -1, 'Removed from cart', 'App\\Models\\CartItem', 333, '{\"product_id\": 55}', '2025-11-29 14:25:34', '2025-11-29 14:25:34'),
(34, 2, 'order_place', 6, 'Order placed', 'App\\Models\\Order', 3, '{\"order_id\": 3}', '2025-11-29 14:41:06', '2025-11-29 14:41:06'),
(35, 2, 'add_to_cart', 1, 'Added to cart', 'App\\Models\\CartItem', 338, '{\"product_id\": 63}', '2025-11-29 14:41:15', '2025-11-29 14:41:15'),
(36, 2, 'add_to_cart', 1, 'Added to cart', 'App\\Models\\CartItem', 339, '{\"product_id\": 55}', '2025-11-29 14:41:15', '2025-11-29 14:41:15'),
(37, 2, 'remove_from_cart', -1, 'Removed from cart', 'App\\Models\\CartItem', 339, '{\"product_id\": 55}', '2025-11-29 15:36:51', '2025-11-29 15:36:51'),
(38, 2, 'order_place', 3, 'Order placed', 'App\\Models\\Order', 4, '{\"order_id\": 4}', '2025-11-29 15:39:54', '2025-11-29 15:39:54'),
(39, 2, 'order_place', 3, 'Order placed', 'App\\Models\\Order', 5, '{\"order_id\": 5}', '2025-11-29 15:41:21', '2025-11-29 15:41:21'),
(40, 2, 'order_place', 2, 'Order placed', 'App\\Models\\Order', 6, '{\"order_id\": 6}', '2025-11-29 15:44:13', '2025-11-29 15:44:13'),
(41, 2, 'order_place', 5, 'Order placed', 'App\\Models\\Order', 7, '{\"order_id\": 7}', '2025-11-29 16:17:08', '2025-11-29 16:17:08'),
(42, 2, 'order_place', 3, 'Order placed', 'App\\Models\\Order', 9, '{\"order_id\": 9}', '2025-11-29 16:23:34', '2025-11-29 16:23:34'),
(43, 2, 'order_place', 5, 'Order placed', 'App\\Models\\Order', 11, '{\"order_id\": 11}', '2025-11-29 16:25:18', '2025-11-29 16:25:18'),
(44, 2, 'order_place', 3, 'Order placed', 'App\\Models\\Order', 16, '{\"order_id\": 16}', '2025-11-29 16:45:19', '2025-11-29 16:45:19'),
(45, 2, 'order_place', 3, 'Order placed', 'App\\Models\\Order', 17, '{\"order_id\": 17}', '2025-11-29 16:45:46', '2025-11-29 16:45:46'),
(46, 2, 'order_place', 3, 'Order placed', 'App\\Models\\Order', 18, '{\"order_id\": 18}', '2025-11-29 16:50:54', '2025-11-29 16:50:54'),
(47, 2, 'order_place', 1, 'Order placed', 'App\\Models\\Order', 19, '{\"order_id\": 19}', '2025-11-29 17:02:25', '2025-11-29 17:02:25'),
(48, 2, 'order_place', 3, 'Order placed', 'App\\Models\\Order', 20, '{\"order_id\": 20}', '2025-11-29 17:03:20', '2025-11-29 17:03:20');

-- --------------------------------------------------------

--
-- Table structure for table `wishlists`
--

CREATE TABLE `wishlists` (
  `id` bigint UNSIGNED NOT NULL,
  `user_id` bigint UNSIGNED NOT NULL,
  `product_id` bigint UNSIGNED NOT NULL,
  `created_at` timestamp NULL DEFAULT NULL,
  `updated_at` timestamp NULL DEFAULT NULL
) ENGINE=InnoDB DEFAULT CHARSET=utf8mb4 COLLATE=utf8mb4_unicode_ci;

--
-- Dumping data for table `wishlists`
--

INSERT INTO `wishlists` (`id`, `user_id`, `product_id`, `created_at`, `updated_at`) VALUES
(50, 3, 63, '2025-11-08 16:24:20', '2025-11-08 16:24:20'),
(51, 3, 64, '2025-11-08 16:24:21', '2025-11-08 16:24:21'),
(52, 3, 66, '2025-11-08 16:24:22', '2025-11-08 16:24:22'),
(53, 3, 55, '2025-11-08 16:24:23', '2025-11-08 16:24:23');

--
-- Indexes for dumped tables
--

--
-- Indexes for table `admins`
--
ALTER TABLE `admins`
  ADD PRIMARY KEY (`id`),
  ADD UNIQUE KEY `admins_email_unique` (`email`);

--
-- Indexes for table `cache`
--
ALTER TABLE `cache`
  ADD PRIMARY KEY (`key`);

--
-- Indexes for table `cache_locks`
--
ALTER TABLE `cache_locks`
  ADD PRIMARY KEY (`key`);

--
-- Indexes for table `carts`
--
ALTER TABLE `carts`
  ADD PRIMARY KEY (`id`),
  ADD KEY `carts_user_id_foreign` (`user_id`),
  ADD KEY `carts_session_id_index` (`session_id`),
  ADD KEY `carts_coupon_id_foreign` (`coupon_id`);

--
-- Indexes for table `cart_items`
--
ALTER TABLE `cart_items`
  ADD PRIMARY KEY (`id`),
  ADD UNIQUE KEY `cart_items_cart_id_product_id_unique` (`cart_id`,`product_id`),
  ADD KEY `cart_items_product_id_foreign` (`product_id`);

--
-- Indexes for table `categories`
--
ALTER TABLE `categories`
  ADD PRIMARY KEY (`id`),
  ADD UNIQUE KEY `categories_slug_unique` (`slug`),
  ADD KEY `categories_parent_id_foreign` (`parent_id`);

--
-- Indexes for table `coin_settings`
--
ALTER TABLE `coin_settings`
  ADD PRIMARY KEY (`id`);

--
-- Indexes for table `coupons`
--
ALTER TABLE `coupons`
  ADD PRIMARY KEY (`id`),
  ADD UNIQUE KEY `coupons_code_unique` (`code`);

--
-- Indexes for table `coupon_usages`
--
ALTER TABLE `coupon_usages`
  ADD PRIMARY KEY (`id`),
  ADD KEY `coupon_usages_user_id_foreign` (`user_id`),
  ADD KEY `coupon_usages_order_id_foreign` (`order_id`),
  ADD KEY `coupon_usages_coupon_id_user_id_index` (`coupon_id`,`user_id`),
  ADD KEY `coupon_usages_coupon_id_session_id_index` (`coupon_id`,`session_id`);

--
-- Indexes for table `currencies`
--
ALTER TABLE `currencies`
  ADD PRIMARY KEY (`id`),
  ADD UNIQUE KEY `currencies_code_unique` (`code`);

--
-- Indexes for table `districts`
--
ALTER TABLE `districts`
  ADD PRIMARY KEY (`id`),
  ADD KEY `districts_division_index` (`division`),
  ADD KEY `districts_is_active_index` (`is_active`);

--
-- Indexes for table `email_settings`
--
ALTER TABLE `email_settings`
  ADD PRIMARY KEY (`id`),
  ADD UNIQUE KEY `email_settings_key_unique` (`key`);

--
-- Indexes for table `failed_jobs`
--
ALTER TABLE `failed_jobs`
  ADD PRIMARY KEY (`id`),
  ADD UNIQUE KEY `failed_jobs_uuid_unique` (`uuid`);

--
-- Indexes for table `guest_wishlists`
--
ALTER TABLE `guest_wishlists`
  ADD PRIMARY KEY (`id`),
  ADD UNIQUE KEY `guest_wishlists_session_id_product_id_unique` (`session_id`,`product_id`),
  ADD KEY `guest_wishlists_product_id_foreign` (`product_id`),
  ADD KEY `guest_wishlists_session_id_index` (`session_id`);

--
-- Indexes for table `jobs`
--
ALTER TABLE `jobs`
  ADD PRIMARY KEY (`id`),
  ADD KEY `jobs_queue_index` (`queue`);

--
-- Indexes for table `job_batches`
--
ALTER TABLE `job_batches`
  ADD PRIMARY KEY (`id`);

--
-- Indexes for table `migrations`
--
ALTER TABLE `migrations`
  ADD PRIMARY KEY (`id`);

--
-- Indexes for table `model_has_permissions`
--
ALTER TABLE `model_has_permissions`
  ADD PRIMARY KEY (`permission_id`,`model_id`,`model_type`),
  ADD KEY `model_has_permissions_model_id_model_type_index` (`model_id`,`model_type`);

--
-- Indexes for table `model_has_roles`
--
ALTER TABLE `model_has_roles`
  ADD PRIMARY KEY (`role_id`,`model_id`,`model_type`),
  ADD KEY `model_has_roles_model_id_model_type_index` (`model_id`,`model_type`);

--
-- Indexes for table `newsletter_settings`
--
ALTER TABLE `newsletter_settings`
  ADD PRIMARY KEY (`id`);

--
-- Indexes for table `newsletter_subscribers`
--
ALTER TABLE `newsletter_subscribers`
  ADD PRIMARY KEY (`id`),
  ADD UNIQUE KEY `newsletter_subscribers_email_unique` (`email`);

--
-- Indexes for table `orders`
--
ALTER TABLE `orders`
  ADD PRIMARY KEY (`id`),
  ADD UNIQUE KEY `orders_number_unique` (`number`),
  ADD KEY `orders_user_id_foreign` (`user_id`);

--
-- Indexes for table `order_items`
--
ALTER TABLE `order_items`
  ADD PRIMARY KEY (`id`),
  ADD KEY `order_items_order_id_foreign` (`order_id`),
  ADD KEY `order_items_product_id_foreign` (`product_id`);

--
-- Indexes for table `otp_codes`
--
ALTER TABLE `otp_codes`
  ADD PRIMARY KEY (`id`),
  ADD KEY `otp_codes_otptable_type_otptable_id_index` (`otptable_type`,`otptable_id`),
  ADD KEY `otp_codes_channel_index` (`channel`),
  ADD KEY `otp_codes_identifier_index` (`identifier`),
  ADD KEY `otp_codes_code_index` (`code`),
  ADD KEY `otp_codes_purpose_index` (`purpose`),
  ADD KEY `otp_codes_expires_at_index` (`expires_at`);

--
-- Indexes for table `otp_settings`
--
ALTER TABLE `otp_settings`
  ADD PRIMARY KEY (`id`);

--
-- Indexes for table `pages`
--
ALTER TABLE `pages`
  ADD PRIMARY KEY (`id`),
  ADD UNIQUE KEY `pages_slug_unique` (`slug`);

--
-- Indexes for table `password_reset_tokens`
--
ALTER TABLE `password_reset_tokens`
  ADD PRIMARY KEY (`email`);

--
-- Indexes for table `payment_gateway_settings`
--
ALTER TABLE `payment_gateway_settings`
  ADD PRIMARY KEY (`id`),
  ADD UNIQUE KEY `payment_gateway_settings_gateway_key_unique` (`gateway`,`key`),
  ADD KEY `payment_gateway_settings_gateway_index` (`gateway`);

--
-- Indexes for table `payment_logs`
--
ALTER TABLE `payment_logs`
  ADD PRIMARY KEY (`id`),
  ADD KEY `payment_logs_gateway_action_index` (`gateway`,`action`),
  ADD KEY `payment_logs_created_at_index` (`created_at`);

--
-- Indexes for table `permissions`
--
ALTER TABLE `permissions`
  ADD PRIMARY KEY (`id`),
  ADD UNIQUE KEY `permissions_name_guard_name_unique` (`name`,`guard_name`);

--
-- Indexes for table `personal_access_tokens`
--
ALTER TABLE `personal_access_tokens`
  ADD PRIMARY KEY (`id`),
  ADD UNIQUE KEY `personal_access_tokens_token_unique` (`token`),
  ADD KEY `personal_access_tokens_tokenable_type_tokenable_id_index` (`tokenable_type`,`tokenable_id`),
  ADD KEY `personal_access_tokens_expires_at_index` (`expires_at`);

--
-- Indexes for table `products`
--
ALTER TABLE `products`
  ADD PRIMARY KEY (`id`),
  ADD UNIQUE KEY `products_slug_unique` (`slug`),
  ADD UNIQUE KEY `products_sku_unique` (`sku`),
  ADD KEY `products_category_id_foreign` (`category_id`);

--
-- Indexes for table `product_images`
--
ALTER TABLE `product_images`
  ADD PRIMARY KEY (`id`),
  ADD KEY `product_images_product_id_foreign` (`product_id`);

--
-- Indexes for table `product_reviews`
--
ALTER TABLE `product_reviews`
  ADD PRIMARY KEY (`id`),
  ADD KEY `product_reviews_product_id_foreign` (`product_id`),
  ADD KEY `product_reviews_user_id_foreign` (`user_id`),
  ADD KEY `product_reviews_order_id_foreign` (`order_id`);

--
-- Indexes for table `roles`
--
ALTER TABLE `roles`
  ADD PRIMARY KEY (`id`),
  ADD UNIQUE KEY `roles_name_guard_name_unique` (`name`,`guard_name`);

--
-- Indexes for table `role_has_permissions`
--
ALTER TABLE `role_has_permissions`
  ADD PRIMARY KEY (`permission_id`,`role_id`),
  ADD KEY `role_has_permissions_role_id_foreign` (`role_id`);

--
-- Indexes for table `sessions`
--
ALTER TABLE `sessions`
  ADD PRIMARY KEY (`id`),
  ADD KEY `sessions_user_id_index` (`user_id`),
  ADD KEY `sessions_last_activity_index` (`last_activity`);

--
-- Indexes for table `shipping_settings`
--
ALTER TABLE `shipping_settings`
  ADD PRIMARY KEY (`id`);

--
-- Indexes for table `site_settings`
--
ALTER TABLE `site_settings`
  ADD PRIMARY KEY (`id`);

--
-- Indexes for table `upazilas`
--
ALTER TABLE `upazilas`
  ADD PRIMARY KEY (`id`),
  ADD KEY `upazilas_district_id_index` (`district_id`),
  ADD KEY `upazilas_is_active_index` (`is_active`);

--
-- Indexes for table `users`
--
ALTER TABLE `users`
  ADD PRIMARY KEY (`id`),
  ADD UNIQUE KEY `users_email_unique` (`email`),
  ADD UNIQUE KEY `users_phone_unique` (`phone`),
  ADD UNIQUE KEY `users_referral_code_unique` (`referral_code`),
  ADD KEY `users_referred_by_user_id_foreign` (`referred_by_user_id`);

--
-- Indexes for table `user_addresses`
--
ALTER TABLE `user_addresses`
  ADD PRIMARY KEY (`id`),
  ADD KEY `user_addresses_user_id_foreign` (`user_id`);

--
-- Indexes for table `user_points`
--
ALTER TABLE `user_points`
  ADD PRIMARY KEY (`id`),
  ADD KEY `user_points_related_type_related_id_index` (`related_type`,`related_id`),
  ADD KEY `user_points_user_id_type_index` (`user_id`,`type`),
  ADD KEY `user_points_type_index` (`type`);

--
-- Indexes for table `wishlists`
--
ALTER TABLE `wishlists`
  ADD PRIMARY KEY (`id`),
  ADD UNIQUE KEY `wishlists_user_id_product_id_unique` (`user_id`,`product_id`),
  ADD KEY `wishlists_product_id_foreign` (`product_id`);

--
-- AUTO_INCREMENT for dumped tables
--

--
-- AUTO_INCREMENT for table `admins`
--
ALTER TABLE `admins`
  MODIFY `id` bigint UNSIGNED NOT NULL AUTO_INCREMENT, AUTO_INCREMENT=3;

--
-- AUTO_INCREMENT for table `carts`
--
ALTER TABLE `carts`
  MODIFY `id` bigint UNSIGNED NOT NULL AUTO_INCREMENT, AUTO_INCREMENT=420;

--
-- AUTO_INCREMENT for table `cart_items`
--
ALTER TABLE `cart_items`
  MODIFY `id` bigint UNSIGNED NOT NULL AUTO_INCREMENT, AUTO_INCREMENT=373;

--
-- AUTO_INCREMENT for table `categories`
--
ALTER TABLE `categories`
  MODIFY `id` bigint UNSIGNED NOT NULL AUTO_INCREMENT, AUTO_INCREMENT=25;

--
-- AUTO_INCREMENT for table `coin_settings`
--
ALTER TABLE `coin_settings`
  MODIFY `id` bigint UNSIGNED NOT NULL AUTO_INCREMENT, AUTO_INCREMENT=2;

--
-- AUTO_INCREMENT for table `coupons`
--
ALTER TABLE `coupons`
  MODIFY `id` bigint UNSIGNED NOT NULL AUTO_INCREMENT, AUTO_INCREMENT=6;

--
-- AUTO_INCREMENT for table `coupon_usages`
--
ALTER TABLE `coupon_usages`
  MODIFY `id` bigint UNSIGNED NOT NULL AUTO_INCREMENT;

--
-- AUTO_INCREMENT for table `currencies`
--
ALTER TABLE `currencies`
  MODIFY `id` bigint UNSIGNED NOT NULL AUTO_INCREMENT, AUTO_INCREMENT=5;

--
-- AUTO_INCREMENT for table `districts`
--
ALTER TABLE `districts`
  MODIFY `id` bigint UNSIGNED NOT NULL AUTO_INCREMENT, AUTO_INCREMENT=65;

--
-- AUTO_INCREMENT for table `email_settings`
--
ALTER TABLE `email_settings`
  MODIFY `id` bigint UNSIGNED NOT NULL AUTO_INCREMENT, AUTO_INCREMENT=13;

--
-- AUTO_INCREMENT for table `failed_jobs`
--
ALTER TABLE `failed_jobs`
  MODIFY `id` bigint UNSIGNED NOT NULL AUTO_INCREMENT;

--
-- AUTO_INCREMENT for table `guest_wishlists`
--
ALTER TABLE `guest_wishlists`
  MODIFY `id` bigint UNSIGNED NOT NULL AUTO_INCREMENT, AUTO_INCREMENT=65;

--
-- AUTO_INCREMENT for table `jobs`
--
ALTER TABLE `jobs`
  MODIFY `id` bigint UNSIGNED NOT NULL AUTO_INCREMENT, AUTO_INCREMENT=14;

--
-- AUTO_INCREMENT for table `migrations`
--
ALTER TABLE `migrations`
  MODIFY `id` int UNSIGNED NOT NULL AUTO_INCREMENT, AUTO_INCREMENT=58;

--
-- AUTO_INCREMENT for table `newsletter_settings`
--
ALTER TABLE `newsletter_settings`
  MODIFY `id` bigint UNSIGNED NOT NULL AUTO_INCREMENT;

--
-- AUTO_INCREMENT for table `newsletter_subscribers`
--
ALTER TABLE `newsletter_subscribers`
  MODIFY `id` bigint UNSIGNED NOT NULL AUTO_INCREMENT, AUTO_INCREMENT=3;

--
-- AUTO_INCREMENT for table `orders`
--
ALTER TABLE `orders`
  MODIFY `id` bigint UNSIGNED NOT NULL AUTO_INCREMENT, AUTO_INCREMENT=23;

--
-- AUTO_INCREMENT for table `order_items`
--
ALTER TABLE `order_items`
  MODIFY `id` bigint UNSIGNED NOT NULL AUTO_INCREMENT, AUTO_INCREMENT=41;

--
-- AUTO_INCREMENT for table `otp_codes`
--
ALTER TABLE `otp_codes`
  MODIFY `id` bigint UNSIGNED NOT NULL AUTO_INCREMENT;

--
-- AUTO_INCREMENT for table `otp_settings`
--
ALTER TABLE `otp_settings`
  MODIFY `id` bigint UNSIGNED NOT NULL AUTO_INCREMENT, AUTO_INCREMENT=2;

--
-- AUTO_INCREMENT for table `pages`
--
ALTER TABLE `pages`
  MODIFY `id` bigint UNSIGNED NOT NULL AUTO_INCREMENT, AUTO_INCREMENT=5;

--
-- AUTO_INCREMENT for table `payment_gateway_settings`
--
ALTER TABLE `payment_gateway_settings`
  MODIFY `id` bigint UNSIGNED NOT NULL AUTO_INCREMENT, AUTO_INCREMENT=33;

--
-- AUTO_INCREMENT for table `payment_logs`
--
ALTER TABLE `payment_logs`
  MODIFY `id` bigint UNSIGNED NOT NULL AUTO_INCREMENT, AUTO_INCREMENT=35;

--
-- AUTO_INCREMENT for table `permissions`
--
ALTER TABLE `permissions`
  MODIFY `id` bigint UNSIGNED NOT NULL AUTO_INCREMENT, AUTO_INCREMENT=124;

--
-- AUTO_INCREMENT for table `personal_access_tokens`
--
ALTER TABLE `personal_access_tokens`
  MODIFY `id` bigint UNSIGNED NOT NULL AUTO_INCREMENT, AUTO_INCREMENT=44;

--
-- AUTO_INCREMENT for table `products`
--
ALTER TABLE `products`
  MODIFY `id` bigint UNSIGNED NOT NULL AUTO_INCREMENT, AUTO_INCREMENT=289;

--
-- AUTO_INCREMENT for table `product_images`
--
ALTER TABLE `product_images`
  MODIFY `id` bigint UNSIGNED NOT NULL AUTO_INCREMENT, AUTO_INCREMENT=865;

--
-- AUTO_INCREMENT for table `product_reviews`
--
ALTER TABLE `product_reviews`
  MODIFY `id` bigint UNSIGNED NOT NULL AUTO_INCREMENT, AUTO_INCREMENT=10;

--
-- AUTO_INCREMENT for table `roles`
--
ALTER TABLE `roles`
  MODIFY `id` bigint UNSIGNED NOT NULL AUTO_INCREMENT, AUTO_INCREMENT=3;

--
-- AUTO_INCREMENT for table `shipping_settings`
--
ALTER TABLE `shipping_settings`
  MODIFY `id` bigint UNSIGNED NOT NULL AUTO_INCREMENT, AUTO_INCREMENT=2;

--
-- AUTO_INCREMENT for table `site_settings`
--
ALTER TABLE `site_settings`
  MODIFY `id` bigint UNSIGNED NOT NULL AUTO_INCREMENT, AUTO_INCREMENT=2;

--
-- AUTO_INCREMENT for table `upazilas`
--
ALTER TABLE `upazilas`
  MODIFY `id` bigint UNSIGNED NOT NULL AUTO_INCREMENT, AUTO_INCREMENT=2;

--
-- AUTO_INCREMENT for table `users`
--
ALTER TABLE `users`
  MODIFY `id` bigint UNSIGNED NOT NULL AUTO_INCREMENT, AUTO_INCREMENT=5;

--
-- AUTO_INCREMENT for table `user_addresses`
--
ALTER TABLE `user_addresses`
  MODIFY `id` bigint UNSIGNED NOT NULL AUTO_INCREMENT, AUTO_INCREMENT=3;

--
-- AUTO_INCREMENT for table `user_points`
--
ALTER TABLE `user_points`
  MODIFY `id` bigint UNSIGNED NOT NULL AUTO_INCREMENT, AUTO_INCREMENT=49;

--
-- AUTO_INCREMENT for table `wishlists`
--
ALTER TABLE `wishlists`
  MODIFY `id` bigint UNSIGNED NOT NULL AUTO_INCREMENT, AUTO_INCREMENT=56;

--
-- Constraints for dumped tables
--

--
-- Constraints for table `carts`
--
ALTER TABLE `carts`
  ADD CONSTRAINT `carts_coupon_id_foreign` FOREIGN KEY (`coupon_id`) REFERENCES `coupons` (`id`) ON DELETE SET NULL,
  ADD CONSTRAINT `carts_user_id_foreign` FOREIGN KEY (`user_id`) REFERENCES `users` (`id`) ON DELETE SET NULL;

--
-- Constraints for table `cart_items`
--
ALTER TABLE `cart_items`
  ADD CONSTRAINT `cart_items_cart_id_foreign` FOREIGN KEY (`cart_id`) REFERENCES `carts` (`id`) ON DELETE CASCADE,
  ADD CONSTRAINT `cart_items_product_id_foreign` FOREIGN KEY (`product_id`) REFERENCES `products` (`id`);

--
-- Constraints for table `categories`
--
ALTER TABLE `categories`
  ADD CONSTRAINT `categories_parent_id_foreign` FOREIGN KEY (`parent_id`) REFERENCES `categories` (`id`) ON DELETE SET NULL;

--
-- Constraints for table `coupon_usages`
--
ALTER TABLE `coupon_usages`
  ADD CONSTRAINT `coupon_usages_coupon_id_foreign` FOREIGN KEY (`coupon_id`) REFERENCES `coupons` (`id`) ON DELETE CASCADE,
  ADD CONSTRAINT `coupon_usages_order_id_foreign` FOREIGN KEY (`order_id`) REFERENCES `orders` (`id`) ON DELETE CASCADE,
  ADD CONSTRAINT `coupon_usages_user_id_foreign` FOREIGN KEY (`user_id`) REFERENCES `users` (`id`) ON DELETE CASCADE;

--
-- Constraints for table `guest_wishlists`
--
ALTER TABLE `guest_wishlists`
  ADD CONSTRAINT `guest_wishlists_product_id_foreign` FOREIGN KEY (`product_id`) REFERENCES `products` (`id`) ON DELETE CASCADE;

--
-- Constraints for table `model_has_permissions`
--
ALTER TABLE `model_has_permissions`
  ADD CONSTRAINT `model_has_permissions_permission_id_foreign` FOREIGN KEY (`permission_id`) REFERENCES `permissions` (`id`) ON DELETE CASCADE;

--
-- Constraints for table `model_has_roles`
--
ALTER TABLE `model_has_roles`
  ADD CONSTRAINT `model_has_roles_role_id_foreign` FOREIGN KEY (`role_id`) REFERENCES `roles` (`id`) ON DELETE CASCADE;

--
-- Constraints for table `orders`
--
ALTER TABLE `orders`
  ADD CONSTRAINT `orders_user_id_foreign` FOREIGN KEY (`user_id`) REFERENCES `users` (`id`) ON DELETE SET NULL;

--
-- Constraints for table `order_items`
--
ALTER TABLE `order_items`
  ADD CONSTRAINT `order_items_order_id_foreign` FOREIGN KEY (`order_id`) REFERENCES `orders` (`id`) ON DELETE CASCADE,
  ADD CONSTRAINT `order_items_product_id_foreign` FOREIGN KEY (`product_id`) REFERENCES `products` (`id`) ON DELETE SET NULL;

--
-- Constraints for table `products`
--
ALTER TABLE `products`
  ADD CONSTRAINT `products_category_id_foreign` FOREIGN KEY (`category_id`) REFERENCES `categories` (`id`) ON DELETE SET NULL;

--
-- Constraints for table `product_images`
--
ALTER TABLE `product_images`
  ADD CONSTRAINT `product_images_product_id_foreign` FOREIGN KEY (`product_id`) REFERENCES `products` (`id`) ON DELETE CASCADE;

--
-- Constraints for table `product_reviews`
--
ALTER TABLE `product_reviews`
  ADD CONSTRAINT `product_reviews_order_id_foreign` FOREIGN KEY (`order_id`) REFERENCES `orders` (`id`) ON DELETE SET NULL,
  ADD CONSTRAINT `product_reviews_product_id_foreign` FOREIGN KEY (`product_id`) REFERENCES `products` (`id`) ON DELETE CASCADE,
  ADD CONSTRAINT `product_reviews_user_id_foreign` FOREIGN KEY (`user_id`) REFERENCES `users` (`id`) ON DELETE CASCADE;

--
-- Constraints for table `role_has_permissions`
--
ALTER TABLE `role_has_permissions`
  ADD CONSTRAINT `role_has_permissions_permission_id_foreign` FOREIGN KEY (`permission_id`) REFERENCES `permissions` (`id`) ON DELETE CASCADE,
  ADD CONSTRAINT `role_has_permissions_role_id_foreign` FOREIGN KEY (`role_id`) REFERENCES `roles` (`id`) ON DELETE CASCADE;

--
-- Constraints for table `upazilas`
--
ALTER TABLE `upazilas`
  ADD CONSTRAINT `upazilas_district_id_foreign` FOREIGN KEY (`district_id`) REFERENCES `districts` (`id`) ON DELETE CASCADE;

--
-- Constraints for table `users`
--
ALTER TABLE `users`
  ADD CONSTRAINT `users_referred_by_user_id_foreign` FOREIGN KEY (`referred_by_user_id`) REFERENCES `users` (`id`) ON DELETE SET NULL;

--
-- Constraints for table `user_addresses`
--
ALTER TABLE `user_addresses`
  ADD CONSTRAINT `user_addresses_user_id_foreign` FOREIGN KEY (`user_id`) REFERENCES `users` (`id`) ON DELETE CASCADE;

--
-- Constraints for table `user_points`
--
ALTER TABLE `user_points`
  ADD CONSTRAINT `user_points_user_id_foreign` FOREIGN KEY (`user_id`) REFERENCES `users` (`id`) ON DELETE CASCADE;

--
-- Constraints for table `wishlists`
--
ALTER TABLE `wishlists`
  ADD CONSTRAINT `wishlists_product_id_foreign` FOREIGN KEY (`product_id`) REFERENCES `products` (`id`) ON DELETE CASCADE,
  ADD CONSTRAINT `wishlists_user_id_foreign` FOREIGN KEY (`user_id`) REFERENCES `users` (`id`) ON DELETE CASCADE;
COMMIT;

/*!40101 SET CHARACTER_SET_CLIENT=@OLD_CHARACTER_SET_CLIENT */;
/*!40101 SET CHARACTER_SET_RESULTS=@OLD_CHARACTER_SET_RESULTS */;
/*!40101 SET COLLATION_CONNECTION=@OLD_COLLATION_CONNECTION */;
